GEOID,visits,prep,prep_idx,prep_w,device,max_wind,count_wind_21_33,max_rain,experienced_wind_33,experienced_rain_150,count_rain_70_150,max_rain,FIPS,PropertyDmgPerCapita,coastal_flag,coastal_flag_county,ida_ge_33
221090012021,24,p,1,0,154.0,34.2873689216262,2,105.60942840576172,2,1,3,105.60942840576172,22109,0.7674244,1,1,1
221090012023,9,p,1,0,122.0,33.8387688007255,3,141.5,2,1,3,141.5,22109,0.7674244,1,1,1
221030413003,20,p,1,0,110.0,29.4802922866134,5,103.3000030517578,1,1,3,103.3000030517578,22103,0.05873937,1,1,0
221030407011,68,p,1,0,356.0,29.6474289168828,4,100.25,1,1,3,100.25,22103,0.05873937,0,1,0
221030411011,65,p,1,0,270.0,30.2558281312235,4,138.0,1,1,5,138.0,22103,0.05873937,1,1,0
220950701001,13,p,1,0,77.0,31.7255041299701,4,153.0,1,2,1,153.0,22095,0.2488945099999999,1,1,1
220950705002,7,p,1,0,59.0,32.323492371079,4,144.0932959142486,1,1,3,144.0932959142486,22095,0.2488945099999999,1,1,1
220950705001,9,p,1,0,81.0,32.766933104491,4,143.3000030517578,1,1,3,143.3000030517578,22095,0.2488945099999999,1,1,1
221090002012,24,p,1,0,76.0,44.6756651930432,3,137.3000030517578,2,1,2,137.3000030517578,22109,0.7674244,1,1,1
221090002013,17,p,1,0,96.0,34.2127648982689,4,151.1504395414706,2,2,1,151.1504395414706,22109,0.7674244,1,1,1
221090002021,61,p,1,0,290.0,34.3088472574601,4,157.39003375011268,2,2,1,157.39003375011268,22109,0.7674244,1,1,1
221090002022,31,p,1,0,148.0,34.2674708284783,4,156.22012408740224,2,2,1,156.22012408740224,22109,0.7674244,1,1,1
221090002023,44,p,1,0,194.0,34.385210282025,4,155.70001220703125,2,2,1,155.70001220703125,22109,0.7674244,1,1,1
221210204012,28,p,1,0,208.0,35.0699183087342,4,63.45000076293945,2,1,0,63.45000076293945,22121,0.36837128,0,0,1
221090001023,5,p,1,0,61.0,43.0910665472462,3,143.721320652832,2,1,2,143.721320652832,22109,0.7674244,1,1,1
220710017253,4,p,1,0,56.0,32.4416094992292,5,90.73230676147692,1,1,4,90.73230676147692,22071,0.06577263,1,1,0
220930401001,36,p,1,0,175.0,43.1105726843697,4,149.44616823806086,2,1,2,149.44616823806086,22093,0.29947926,1,1,1
221090001011,14,p,1,0,93.0,40.2003950907991,3,100.3000030517578,2,1,2,100.3000030517578,22109,0.7674244,1,1,1
221090006006,10,p,1,0,85.0,33.8374316183851,3,176.632937691983,2,2,2,176.632937691983,22109,0.7674244,1,1,1
221090015001,21,p,1,0,119.0,41.220992429493,4,100.97999572753906,2,1,1,100.97999572753906,22109,0.7674244,1,1,1
221090013004,34,p,1,0,158.0,33.6758626543294,3,173.45689059995985,2,2,1,173.45689059995985,22109,0.7674244,1,1,1
221090010001,49,p,1,0,215.0,33.9669729753861,3,144.25,2,1,3,144.25,22109,0.7674244,1,1,1
221090013003,30,p,1,0,102.0,35.0783202524315,2,154.8000030517578,2,2,2,154.8000030517578,22109,0.7674244,1,1,1
221090012012,12,p,1,0,101.0,33.6267326476975,2,141.16241494853443,2,1,4,141.16241494853443,22109,0.7674244,1,1,1
221090013001,16,p,1,0,82.0,31.0036958436635,3,164.546142578125,1,2,1,164.546142578125,22109,0.7674244,1,1,1
221090012011,29,p,1,0,141.0,33.8915095642644,3,159.4250030517578,2,2,2,159.4250030517578,22109,0.7674244,1,1,1
221090006002,9,p,1,0,46.0,34.3526811787462,3,181.2219054757525,2,2,2,181.2219054757525,22109,0.7674244,1,1,1
221090003001,39,p,1,0,202.0,34.1884127297108,4,156.60967238439076,2,2,1,156.60967238439076,22109,0.7674244,1,1,1
221090014001,12,p,1,0,75.0,40.2564029359621,4,144.53562927246094,2,1,1,144.53562927246094,22109,0.7674244,1,1,1
221090017001,22,p,1,0,161.0,43.622144670933,3,130.9166717529297,2,1,2,130.9166717529297,22109,0.7674244,1,1,1
221090017003,66,p,1,0,227.0,34.1308760035951,4,160.25,2,2,1,160.25,22109,0.7674244,1,1,1
221090009002,8,p,1,0,61.0,34.2802312058407,3,173.4626947590309,2,2,2,173.4626947590309,22109,0.7674244,1,1,1
221090005003,14,p,1,0,50.0,34.3011252521548,3,173.47859215816467,2,2,2,173.47859215816467,22109,0.7674244,1,1,1
221090004022,24,p,1,0,93.0,34.2969004904399,3,158.362556329127,2,2,1,158.362556329127,22109,0.7674244,1,1,1
221090009001,17,p,1,0,154.0,34.3223655946624,3,176.19599982259405,2,2,2,176.19599982259405,22109,0.7674244,1,1,1
221090009003,12,p,1,0,51.0,34.2836453743769,3,179.00742605015907,2,2,2,179.00742605015907,22109,0.7674244,1,1,1
221090008002,14,p,1,0,86.0,34.1933889127767,3,185.74558422252457,2,2,2,185.74558422252457,22109,0.7674244,1,1,1
221090008005,32,p,1,0,177.0,33.9252997602199,3,181.2466124022663,2,2,2,181.2466124022663,22109,0.7674244,1,1,1
220990205022,39,p,1,0,305.0,37.5135518725741,3,141.89999389648438,2,1,4,141.89999389648438,22099,2.17976609,0,1,1
220930404003,22,p,1,0,54.0,43.7268889515115,4,130.14999389648438,2,1,2,130.14999389648438,22093,0.29947926,1,1,1
220930402001,16,p,1,0,108.0,43.302082890047,4,125.2549534164771,2,1,2,125.2549534164771,22093,0.29947926,1,1,1
220930403002,4,p,1,0,54.0,44.9094234244376,4,116.5999984741211,2,1,2,116.5999984741211,22093,0.29947926,1,1,1
220930405002,8,p,1,0,74.0,41.5440690511018,3,122.55555725097656,2,1,1,122.55555725097656,22093,0.29947926,1,1,1
221090001012,50,p,1,0,197.0,39.9304159221673,3,90.6930244039536,2,1,2,90.6930244039536,22109,0.7674244,1,1,1
221259518002,15,p,1,0,153.0,33.4794413916864,2,72.55999755859375,2,1,1,72.55999755859375,22125,0.32906933,0,0,1
221259517011,17,p,1,0,75.0,31.8756882003686,3,101.56666564941406,1,1,1,101.56666564941406,22125,0.32906933,0,0,1
221259517021,8,p,1,0,75.0,32.4668213645178,3,98.21818542480467,1,1,1,98.21818542480467,22125,0.32906933,0,0,1
221259518003,33,p,1,0,206.0,32.5916768443418,4,66.97500610351562,1,1,0,66.97500610351562,22125,0.32906933,0,0,1
220930406001,12,p,1,0,86.0,45.053542478093,4,112.4000015258789,2,1,2,112.4000015258789,22093,0.29947926,1,1,1
220930407002,14,p,1,0,70.0,43.1588384176886,3,117.98157784274062,2,1,3,117.98157784274062,22093,0.29947926,1,1,1
221090001021,20,p,1,0,81.0,42.359972111268,3,133.15974954389506,2,1,2,133.15974954389506,22109,0.7674244,1,1,1
221090001022,32,p,1,0,130.0,42.0713512840208,3,140.89999389648438,2,1,2,140.89999389648438,22109,0.7674244,1,1,1
221090002011,42,p,1,0,168.0,34.2541559212674,4,149.71557252065145,2,1,2,149.71557252065145,22109,0.7674244,1,1,1
221090003002,49,p,1,0,174.0,34.1870401819407,4,160.14744205322165,2,2,1,160.14744205322165,22109,0.7674244,1,1,1
221090003003,4,p,1,0,67.0,34.2132109929008,3,167.68744102918785,2,2,1,167.68744102918785,22109,0.7674244,1,1,1
221090003004,14,p,1,0,49.0,34.2359056212786,3,168.8927201733197,2,2,1,168.8927201733197,22109,0.7674244,1,1,1
221090004021,61,p,1,0,167.0,34.245493686466,4,156.72785761379558,2,2,1,156.72785761379558,22109,0.7674244,1,1,1
221090004023,60,p,1,0,122.0,34.2894663295892,3,159.07460762610154,2,2,1,159.07460762610154,22109,0.7674244,1,1,1
221090011002,12,p,1,0,107.0,36.7610492446463,2,113.05578836061696,2,1,4,113.05578836061696,22109,0.7674244,1,1,1
221090005004,13,p,1,0,65.0,34.2806513405692,3,172.45499495196424,2,2,2,172.45499495196424,22109,0.7674244,1,1,1
221090004012,33,p,1,0,106.0,34.2847607524791,3,163.12973880494684,2,2,1,163.12973880494684,22109,0.7674244,1,1,1
221090004011,21,p,1,0,86.0,34.2484515759912,3,161.75810522859757,2,2,1,161.75810522859757,22109,0.7674244,1,1,1
221090004014,29,p,1,0,143.0,34.2458813615136,3,163.73240151822714,2,2,1,163.73240151822714,22109,0.7674244,1,1,1
221090005001,19,p,1,0,84.0,34.3587153742497,3,166.5,2,2,2,166.5,22109,0.7674244,1,1,1
221090005002,20,p,1,0,121.0,34.3250820374474,3,172.86980090850946,2,2,2,172.86980090850946,22109,0.7674244,1,1,1
220710017411,8,p,1,0,53.0,34.3015355586794,4,92.17896801356969,2,1,5,92.17896801356969,22071,0.06577263,1,1,0
220710017491,4,p,1,0,50.0,35.0492457097358,4,93.08276811537438,2,1,5,93.08276811537438,22071,0.06577263,1,1,0
221090014003,16,p,1,0,101.0,34.0760060763971,2,192.94000244140625,2,2,2,192.94000244140625,22109,0.7674244,1,1,1
221090015002,71,p,1,0,223.0,44.089713155388,3,183.3999938964844,2,2,0,183.3999938964844,22109,0.7674244,1,1,1
221090016001,10,p,1,0,86.0,44.2407329991164,3,108.29999542236328,2,1,1,108.29999542236328,22109,0.7674244,1,1,1
221090017002,177,p,1,0,582.0,44.6571734397332,3,162.5,2,2,1,162.5,22109,0.7674244,1,1,1
221090008004,19,p,1,0,124.0,34.123369865095,3,186.48673308041828,2,2,2,186.48673308041828,22109,0.7674244,1,1,1
221090005005,20,p,1,0,94.0,34.2594806703695,3,167.54411069506156,2,2,1,167.54411069506156,22109,0.7674244,1,1,1
221090006001,12,p,1,0,49.0,33.9061391445891,3,189.8000030517578,2,2,2,189.8000030517578,22109,0.7674244,1,1,1
221090006003,8,p,1,0,78.0,34.2028908623588,3,184.20577976575365,2,2,2,184.20577976575365,22109,0.7674244,1,1,1
221090006005,14,p,1,0,95.0,33.8916079899384,3,174.83325814252032,2,2,2,174.83325814252032,22109,0.7674244,1,1,1
221090007001,19,p,1,0,96.0,34.3334210691057,3,184.1317802552261,2,2,2,184.1317802552261,22109,0.7674244,1,1,1
221090007002,15,p,1,0,59.0,34.2258262686112,3,185.4608460216299,2,2,2,185.4608460216299,22109,0.7674244,1,1,1
221090007003,4,p,1,0,46.0,34.119587536977,3,186.1050715998205,2,2,2,186.1050715998205,22109,0.7674244,1,1,1
221090008001,9,p,1,0,92.0,34.2881950869862,3,188.3999938964844,2,2,2,188.3999938964844,22109,0.7674244,1,1,1
221090009005,22,p,1,0,124.0,34.2060937509675,3,179.13193176742044,2,2,2,179.13193176742044,22109,0.7674244,1,1,1
220710006073,8,p,1,0,82.0,30.3890691077513,5,87.95630700966171,1,1,3,87.95630700966171,22071,0.06577263,1,1,1
221090010002,18,p,1,0,81.0,33.431066658769,2,125.54854594669249,2,1,3,125.54854594669249,22109,0.7674244,1,1,1
221090010003,79,p,1,0,296.0,33.8650704553623,3,151.16732481772897,2,2,2,151.16732481772897,22109,0.7674244,1,1,1
221090011001,23,p,1,0,88.0,36.4836166645296,2,122.0999984741211,2,1,4,122.0999984741211,22109,0.7674244,1,1,1
220710006121,4,p,1,0,109.0,30.6499524635636,5,98.1999969482422,1,1,3,98.1999969482422,22071,0.06577263,1,1,0
220710026001,4,p,1,0,11.0,30.1183400407435,5,124.31905197102402,1,1,4,124.31905197102402,22071,0.06577263,1,1,1
220930402002,12,p,1,0,33.0,43.8097014457873,4,124.62018076401704,2,1,2,124.62018076401704,22093,0.29947926,1,1,1
220930407003,18,p,1,0,123.0,42.3888922928645,3,127.4000015258789,2,1,3,127.4000015258789,22093,0.29947926,1,1,1
220930404002,17,p,1,0,61.0,40.9357046138894,4,140.52500915527344,2,1,2,140.52500915527344,22093,0.29947926,1,1,1
221210202002,12,p,1,0,205.0,34.0442472805929,4,68.5999984741211,2,1,0,68.5999984741211,22121,0.36837128,0,0,1
220710006182,12,p,1,0,99.0,30.5992590926059,5,91.20335061532197,1,1,3,91.20335061532197,22071,0.06577263,1,1,1
221210204011,33,p,1,0,241.0,34.3396729349809,4,70.10983280644751,2,1,1,70.10983280644751,22121,0.36837128,0,0,1
220119602002,40,p,1,0,135.0,42.2894684971225,3,181.23333740234375,2,2,2,181.23333740234375,22011,30.17836803,0,0,0
220119603004,12,p,1,0,58.0,38.3785479570951,3,168.04714671029794,2,2,2,168.04714671029794,22011,30.17836803,0,0,0
220119601001,34,p,1,0,146.0,42.5890393169711,4,275.4750061035156,2,2,1,275.4750061035156,22011,30.17836803,0,0,0
220119607003,64,p,1,0,277.0,52.1562976266972,2,251.260009765625,2,2,2,251.260009765625,22011,30.17836803,0,0,0
220119602003,12,p,1,0,84.0,39.937713889936,2,151.64999389648438,2,2,3,151.64999389648438,22011,30.17836803,0,0,0
220119602001,42,p,1,0,204.0,53.7573189519287,3,162.8583221435547,2,2,1,162.8583221435547,22011,30.17836803,0,0,0
220710014024,4,p,1,0,24.0,30.2002214171857,5,107.15821068362288,1,1,4,107.15821068362288,22071,0.06577263,1,1,1
221179506003,13,p,1,0,95.0,29.8162970081845,4,103.54000091552734,1,1,4,103.54000091552734,22117,0.0022141099999999,0,0,0
220550019041,24,p,1,0,156.0,38.0775469459652,3,150.37899677618685,2,2,2,150.37899677618685,22055,1.5760870500000002,0,0,1
220550019011,24,p,1,0,188.0,39.1249791699504,3,142.10000610351562,2,1,2,142.10000610351562,22055,1.5760870500000002,0,0,0
221179505001,48,p,1,0,124.0,30.164241263638,4,118.5749969482422,1,1,2,118.5749969482422,22117,0.0022141099999999,0,0,0
221179502004,57,p,1,0,188.0,32.8073959073946,4,103.53333282470705,1,1,1,103.53333282470705,22117,0.0022141099999999,0,0,0
221179502001,20,p,1,0,112.0,36.0857555348547,3,79.125,2,1,1,79.125,22117,0.0022141099999999,0,0,0
221179502002,16,p,1,0,128.0,35.4515403965784,3,82.16666412353516,2,1,1,82.16666412353516,22117,0.0022141099999999,0,0,0
221179503002,24,p,1,0,134.0,36.2448499158793,3,105.29999542236328,2,1,1,105.29999542236328,22117,0.0022141099999999,0,0,0
221179505002,34,p,1,0,158.0,38.2232574197976,3,123.72538189002258,2,1,1,123.72538189002258,22117,0.0022141099999999,0,0,0
221179503001,18,p,1,0,56.0,35.0336107629708,3,90.66666412353516,2,1,1,90.66666412353516,22117,0.0022141099999999,0,0,0
221179506001,4,p,1,0,88.0,30.3580215857056,4,89.46666717529297,1,1,3,89.46666717529297,22117,0.0022141099999999,0,0,0
221179504002,18,p,1,0,87.0,34.9177779709862,2,72.75999450683594,2,1,1,72.75999450683594,22117,0.0022141099999999,0,0,0
221179504001,8,p,1,0,54.0,35.1422633512602,2,83.25,2,1,1,83.25,22117,0.0022141099999999,0,0,0
221159508001,16,p,1,0,59.0,41.9911854923417,4,339.05999755859375,2,2,1,339.05999755859375,22115,19.00196373,0,0,0
221010411002,4,p,1,0,79.0,32.6195758178516,5,103.28484344482422,1,1,3,103.28484344482422,22101,0.68496657,1,1,1
221010409002,4,p,1,0,89.0,38.7444824100675,3,91.95066833496094,2,1,2,91.95066833496094,22101,0.68496657,1,1,1
220570217002,24,p,1,0,93.0,33.3472958332063,3,133.8233922772679,2,1,3,133.8233922772679,22057,0.52554993,1,1,1
221059541011,92,p,1,0,273.0,36.8236899710063,3,129.8400786330603,2,1,2,129.8400786330603,22105,0.00826522,0,1,1
221059542002,20,p,1,0,126.0,36.914110064536,3,105.12042791113184,2,1,1,105.12042791113184,22105,0.00826522,0,1,1
221059543001,12,p,1,0,79.0,37.5154218711141,3,95.33720243145596,2,1,2,95.33720243145596,22105,0.00826522,0,1,1
221059543002,24,p,1,0,119.0,37.5842951922107,3,106.43227785664544,2,1,2,106.43227785664544,22105,0.00826522,0,1,1
221059543004,4,p,1,0,50.0,37.582646571588,3,93.8000030517578,2,1,2,93.8000030517578,22105,0.00826522,0,1,1
221059544003,26,p,1,0,113.0,37.2544333577255,3,96.94633902298465,2,1,1,96.94633902298465,22105,0.00826522,0,1,1
221059545021,15,p,1,0,145.0,37.5775085338143,3,97.4538311403118,2,1,1,97.4538311403118,22105,0.00826522,0,1,1
221159506002,30,p,1,0,97.0,36.5332122738387,2,169.81153391909427,2,2,1,169.81153391909427,22115,19.00196373,0,0,0
220190020001,32,p,1,0,118.0,52.8780246911834,2,326.6000061035156,2,2,0,326.6000061035156,22019,32.47305225,0,1,0
220190016004,33,p,1,0,114.0,52.3193634451979,2,314.8661206425823,2,2,1,314.8661206425823,22019,32.47305225,0,1,0
220690006004,28,p,1,0,271.0,29.7103391889357,4,138.3000030517578,1,1,3,138.3000030517578,22069,0.0,0,0,0
220510256001,24,p,1,0,99.0,30.1291385829941,5,91.65143573528267,1,1,5,91.65143573528267,22051,0.05823747,1,1,1
220510263001,4,p,1,0,83.0,29.9814200747891,5,90.58797301471068,1,1,6,90.58797301471068,22051,0.05823747,1,1,1
220510279023,12,p,1,0,145.0,39.1878559233351,4,86.0,2,1,4,86.0,22051,0.05823747,1,1,1
221210202001,4,p,1,0,122.0,33.4070522397486,4,85.0999984741211,2,1,1,85.0999984741211,22121,0.36837128,0,0,1
221210203002,24,p,1,0,133.0,33.5609232208717,4,77.19999694824219,2,1,1,77.19999694824219,22121,0.36837128,0,0,1
220510251032,8,p,1,0,104.0,30.2579085852593,5,93.23210789478,1,1,3,93.23210789478,22051,0.05823747,1,1,1
220510251042,12,p,1,0,73.0,30.2697014817193,5,95.04506052995404,1,1,3,95.04506052995404,22051,0.05823747,1,1,1
220510252012,23,p,1,0,113.0,30.2138015140442,5,88.29193230290117,1,1,5,88.29193230290117,22051,0.05823747,1,1,1
220510255002,8,p,1,0,66.0,30.1355815842744,5,90.4894927475196,1,1,5,90.4894927475196,22051,0.05823747,1,1,1
220510282002,4,p,1,0,47.0,29.4154770067855,5,102.5999984741211,1,1,4,102.5999984741211,22051,0.05823747,1,1,1
220510205122,19,p,1,0,105.0,29.0827984106589,5,125.4702725997778,1,1,3,125.4702725997778,22051,0.05823747,1,1,1
220850007003,12,p,1,0,67.0,43.4809660048621,3,168.1199951171875,2,2,2,168.1199951171875,22085,0.0,0,0,0
220850001002,13,p,1,0,103.0,41.4489914843731,3,184.3933258056641,2,2,1,184.3933258056641,22085,0.0,0,0,0
220850007001,17,p,1,0,178.0,42.2493965159433,3,158.59999084472656,2,2,2,158.59999084472656,22085,0.0,0,0,0
220510239032,20,p,1,0,136.0,29.2409214288909,5,108.3000030517578,1,1,1,108.3000030517578,22051,0.05823747,1,1,1
220510275012,16,p,1,0,174.0,29.08134792643,5,115.3000030517578,1,1,4,115.3000030517578,22051,0.05823747,1,1,1
220090305001,25,p,1,0,169.0,32.4751005074156,3,139.5,1,1,2,139.5,22009,1.52021072,0,0,0
220090303002,19,p,1,0,146.0,31.0873018778859,3,131.5,1,1,2,131.5,22009,1.52021072,0,0,0
220510271001,11,p,1,0,77.0,29.6350128259874,5,96.12828550039536,1,1,5,96.12828550039536,22051,0.05823747,1,1,1
220510230031,4,p,1,0,63.0,29.4133563340251,5,102.11767495662862,1,1,1,102.11767495662862,22051,0.05823747,1,1,1
220550014051,39,p,1,0,182.0,36.0291540636243,3,159.73978524181047,2,2,2,159.73978524181047,22055,1.5760870500000002,0,0,1
220550014052,8,p,1,0,78.0,36.0197318356965,3,160.98229748616788,2,2,3,160.98229748616788,22055,1.5760870500000002,0,0,1
220550014053,20,p,1,0,238.0,36.0726097224169,3,156.79133318432372,2,2,2,156.79133318432372,22055,1.5760870500000002,0,0,1
220550014054,12,p,1,0,91.0,36.1836018519131,3,154.94962981045623,2,2,3,154.94962981045623,22055,1.5760870500000002,0,0,1
220550014061,31,p,1,0,330.0,35.9860030125018,3,161.5,2,2,2,161.5,22055,1.5760870500000002,0,0,1
220550014062,46,p,1,0,396.0,36.6530947927938,3,156.0770668001573,2,2,2,156.0770668001573,22055,1.5760870500000002,0,0,1
220550014044,64,p,1,0,356.0,36.3130540528646,3,154.75423397588267,2,2,3,154.75423397588267,22055,1.5760870500000002,0,0,1
220279505003,8,p,1,0,57.0,25.4532743020724,3,114.47272491455078,1,1,2,114.47272491455078,22027,0.0,0,0,0
220839703002,23,p,1,0,99.0,20.3387091916461,0,193.6066741943359,1,2,0,193.6066741943359,22083,0.01253687,0,0,0
221139508001,8,p,1,0,38.0,39.5570132040169,3,143.61578288304298,2,1,3,143.61578288304298,22113,12.34417553,0,1,0
220659602001,16,p,1,0,149.0,21.4483326477693,1,122.07291412353516,1,1,1,122.07291412353516,22065,0.00606983,0,0,0
220659601001,9,p,1,0,164.0,21.9175493142472,1,89.86571502685547,1,1,1,89.86571502685547,22065,0.00606983,0,0,0
220510278041,8,p,1,0,123.0,30.1735036122371,5,91.16785184061912,1,1,3,91.16785184061912,22051,0.05823747,1,1,1
220530004005,24,p,1,0,172.0,43.4138937996005,3,222.9888916015625,2,2,3,222.9888916015625,22053,34.29631719,0,1,0
220530002002,17,p,1,0,54.0,50.8126997970484,3,251.1374969482422,2,2,0,251.1374969482422,22053,34.29631719,1,1,0
220530004001,18,p,1,0,136.0,47.2268155793696,3,247.57142639160156,2,2,2,247.57142639160156,22053,34.29631719,1,1,0
220530004004,8,p,1,0,57.0,44.2345314218685,3,275.4840193928816,2,2,2,275.4840193928816,22053,34.29631719,0,1,0
220530001001,16,p,1,0,198.0,42.160155583313,2,236.60714721679688,2,2,2,236.60714721679688,22053,34.29631719,0,1,0
220530001002,8,p,1,0,51.0,46.2521643131165,2,299.2333068847656,2,2,2,299.2333068847656,22053,34.29631719,0,1,0
220530004003,8,p,1,0,73.0,44.0028102561836,3,270.0544341112724,2,2,2,270.0544341112724,22053,34.29631719,0,1,0
220530001003,56,p,1,0,271.0,42.7727373504686,2,228.489990234375,2,2,3,228.489990234375,22053,34.29631719,0,1,0
220530003003,8,p,1,0,94.0,49.4901191800436,2,238.7022524986039,2,2,2,238.7022524986039,22053,34.29631719,0,1,0
220530003001,25,p,1,0,136.0,49.2746970120414,2,258.00665283203125,2,2,2,258.00665283203125,22053,34.29631719,0,1,0
220530002001,29,p,1,0,170.0,49.4184332982443,2,376.3055419921875,2,2,0,376.3055419921875,22053,34.29631719,0,1,0
220530003004,12,p,1,0,113.0,50.7331065348309,2,253.8999938964844,2,2,2,253.8999938964844,22053,34.29631719,0,1,0
220530002003,42,p,1,0,234.0,48.4612758779873,2,300.55712890625,2,2,0,300.55712890625,22053,34.29631719,0,1,0
221159503003,40,p,1,0,147.0,46.6314002619208,3,171.83531188964844,2,2,3,171.83531188964844,22115,19.00196373,0,0,0
221159504003,8,p,1,0,45.0,41.7440986647486,2,143.83218284923487,2,1,4,143.83218284923487,22115,19.00196373,0,0,0
221159509003,16,p,1,0,99.0,49.6063680219255,2,163.15713500976562,2,2,1,163.15713500976562,22115,19.00196373,0,0,0
221159501006,24,p,1,0,101.0,40.2771072002137,2,205.68182373046875,2,2,1,205.68182373046875,22115,19.00196373,0,0,0
221159501004,10,p,1,0,81.0,39.7438746886303,2,158.5749969482422,2,2,3,158.5749969482422,22115,19.00196373,0,0,0
221159501005,11,p,1,0,90.0,38.0976053061336,2,172.63999938964844,2,2,2,172.63999938964844,22115,19.00196373,0,0,0
220530005001,19,p,1,0,153.0,43.0158407609505,2,222.5,2,2,3,222.5,22053,34.29631719,0,1,0
220530005002,15,p,1,0,163.0,42.1968681194877,2,220.5407847904835,2,2,3,220.5407847904835,22053,34.29631719,0,1,0
220530005004,38,p,1,0,74.0,41.6077004606196,3,220.2148729115792,2,2,3,220.2148729115792,22053,34.29631719,0,1,0
220530006002,6,p,1,0,35.0,43.1053842629853,2,222.58379083014864,2,2,3,222.58379083014864,22053,34.29631719,0,1,0
221159505004,17,p,1,0,95.0,49.7915768637325,2,149.25,2,1,4,149.25,22115,19.00196373,0,0,0
221159501003,8,p,1,0,49.0,38.7066094856808,2,147.0,2,1,4,147.0,22115,19.00196373,0,0,0
221159505005,41,p,1,0,143.0,39.034559658428,2,156.0,2,2,3,156.0,22115,19.00196373,0,0,0
221159501002,4,p,1,0,56.0,39.1147749964512,2,141.8333282470703,2,1,3,141.8333282470703,22115,19.00196373,0,0,0
221159508005,26,p,1,0,67.0,45.3036476410477,3,158.65455627441406,2,2,3,158.65455627441406,22115,19.00196373,0,0,0
220510212002,35,p,1,0,91.0,29.1644379975336,5,119.7934828676909,1,1,2,119.7934828676909,22051,0.05823747,1,1,1
221179504003,37,p,1,0,153.0,36.4621551397095,2,103.47142791748048,2,1,1,103.47142791748048,22117,0.0022141099999999,0,0,0
221179505003,96,p,1,0,246.0,41.0421288035692,3,113.09285736083984,2,1,2,113.09285736083984,22117,0.0022141099999999,0,0,0
220070505001,12,p,1,0,70.0,40.5719665291002,3,109.75999450683594,2,1,1,109.75999450683594,22007,0.2395300699999999,1,1,1
220070506001,9,p,1,0,121.0,38.9577338020374,3,97.0897103767368,2,1,1,97.0897103767368,22007,0.2395300699999999,1,1,1
220550006032,12,p,1,0,125.0,37.6314707944001,3,163.51055270988215,2,2,2,163.51055270988215,22055,1.5760870500000002,0,0,1
220510236002,11,p,1,0,63.0,29.2010636080926,5,111.1975213702824,1,1,2,111.1975213702824,22051,0.05823747,1,1,1
220510205022,32,p,1,0,139.0,29.1353876289099,5,123.53549231916588,1,1,2,123.53549231916588,22051,0.05823747,1,1,1
220510277033,20,p,1,0,64.0,30.3866396220416,5,88.9526450943743,1,1,5,88.9526450943743,22051,0.05823747,1,1,1
220510261002,20,p,1,0,101.0,30.0800156387115,5,90.24288486429224,1,1,4,90.24288486429224,22051,0.05823747,1,1,1
220510272002,18,p,1,0,70.0,29.61784168822,5,98.82008850882444,1,1,5,98.82008850882444,22051,0.05823747,1,1,1
220710140004,4,p,1,0,23.0,29.994276980913,5,158.52012762903843,1,2,4,158.52012762903843,22071,0.06577263,1,1,1
220710017492,19,p,1,0,42.0,34.6997153510278,4,93.08243272565672,2,1,5,93.08243272565672,22071,0.06577263,1,1,0
220070504002,5,p,1,0,78.0,41.9894026817797,3,51.400001525878906,2,1,0,51.400001525878906,22007,0.2395300699999999,1,1,1
220510205082,21,p,1,0,120.0,28.9426469423204,5,140.47632430127868,1,1,3,140.47632430127868,22051,0.05823747,1,1,1
220510205153,10,p,1,0,49.0,28.9531738293301,5,140.14891195458662,1,1,3,140.14891195458662,22051,0.05823747,1,1,1
220510205152,15,p,1,0,74.0,28.9145573193396,5,142.33901154084916,1,1,3,142.33901154084916,22051,0.05823747,1,1,1
220510205173,19,p,1,0,94.0,29.0561421536476,5,132.39269661147117,1,1,3,132.39269661147117,22051,0.05823747,1,1,1
220330043021,33,p,1,0,174.0,29.672597008481,4,222.6000061035156,1,2,1,222.6000061035156,22033,0.02202799,0,0,1
220510205171,16,p,1,0,75.0,29.0935321839,5,124.06205544530316,1,1,2,124.06205544530316,22051,0.05823747,1,1,1
220510205111,5,p,1,0,84.0,29.0469210431381,5,132.33033936927126,1,1,3,132.33033936927126,22051,0.05823747,1,1,1
220510205112,15,p,1,0,78.0,29.0696599331867,5,124.50969914823256,1,1,2,124.50969914823256,22051,0.05823747,1,1,1
220510205113,11,p,1,0,55.0,29.09955029888,5,122.8053620047282,1,1,2,122.8053620047282,22051,0.05823747,1,1,1
220510205121,8,p,1,0,58.0,29.0355533714245,5,136.98695396072137,1,1,3,136.98695396072137,22051,0.05823747,1,1,1
220510205131,11,p,1,0,101.0,29.1906318850226,5,111.69026034842948,1,1,2,111.69026034842948,22051,0.05823747,1,1,1
220510240013,16,p,1,0,89.0,29.2432028586817,5,110.08569110045092,1,1,3,110.08569110045092,22051,0.05823747,1,1,1
220510240021,16,p,1,0,81.0,29.2135238944,5,111.6500356752332,1,1,4,111.6500356752332,22051,0.05823747,1,1,1
220510241001,20,p,1,0,140.0,29.3153469116468,5,106.47435402424982,1,1,4,106.47435402424982,22051,0.05823747,1,1,1
220510269001,15,p,1,0,35.0,29.7960956376982,5,102.9656354807858,1,1,5,102.9656354807858,22051,0.05823747,1,1,1
220510270002,35,p,1,0,136.0,29.6949613472441,5,92.8346815376451,1,1,5,92.8346815376451,22051,0.05823747,1,1,1
220510270003,12,p,1,0,39.0,29.7571823832237,5,97.63360481420774,1,1,5,97.63360481420774,22051,0.05823747,1,1,1
220510271002,17,p,1,0,76.0,29.6132349522679,5,97.1452134737942,1,1,5,97.1452134737942,22051,0.05823747,1,1,1
220510272003,4,p,1,0,48.0,29.5956304778693,5,108.22082003436536,1,1,5,108.22082003436536,22051,0.05823747,1,1,1
220510272005,22,p,1,0,96.0,29.6676745170558,5,107.80308083236778,1,1,5,107.80308083236778,22051,0.05823747,1,1,1
220619601002,16,p,1,0,67.0,28.1461533292851,3,107.30769348144533,1,1,3,107.30769348144533,22061,0.0,0,0,0
220510282001,9,p,1,0,49.0,29.6047925206832,5,117.0999984741211,1,1,5,117.0999984741211,22051,0.05823747,1,1,1
220619604002,28,p,1,0,237.0,28.6381380212219,3,107.4000015258789,1,1,2,107.4000015258789,22061,0.0,0,0,0
220619601003,12,p,1,0,53.0,28.0835814646241,2,106.8000030517578,1,1,3,106.8000030517578,22061,0.0,0,0,0
220619607001,29,p,1,0,177.0,28.3678481521721,2,107.24444580078124,1,1,2,107.24444580078124,22061,0.0,0,0,0
220619606002,4,p,1,0,37.0,27.4811777764826,2,123.08958609737824,1,1,2,123.08958609737824,22061,0.0,0,0,0
220619601001,22,p,1,0,182.0,28.5361806687834,3,109.1374969482422,1,1,2,109.1374969482422,22061,0.0,0,0,0
220619605003,26,p,1,0,142.0,29.4801070461039,3,109.1992153308379,1,1,2,109.1992153308379,22061,0.0,0,0,0
220619607003,44,p,1,0,224.0,26.7976479945766,2,106.87777709960938,1,1,2,106.87777709960938,22061,0.0,0,0,0
220619605002,37,p,1,0,202.0,29.7531514632018,3,109.13570086538591,1,1,2,109.13570086538591,22061,0.0,0,0,0
220570216013,22,p,1,0,142.0,33.8544220386893,3,159.25,2,2,2,159.25,22057,0.52554993,1,1,1
220619602002,17,p,1,0,107.0,28.1473566985651,3,105.8375015258789,1,1,2,105.8375015258789,22061,0.0,0,0,0
220619602003,8,p,1,0,59.0,24.1437304891915,3,106.11111450195312,1,1,2,106.11111450195312,22061,0.0,0,0,0
220619603003,5,p,1,0,61.0,27.8826018929032,3,104.93210842844712,1,1,1,104.93210842844712,22061,0.0,0,0,0
220619605001,41,p,1,0,174.0,29.7728476034009,3,109.3000030517578,1,1,2,109.3000030517578,22061,0.0,0,0,0
220619606004,10,p,1,0,57.0,26.5452100440558,3,115.26307841970896,1,1,2,115.26307841970896,22061,0.0,0,0,0
220570202022,49,p,1,0,236.0,39.1995030824033,3,88.30000305175781,2,1,2,88.30000305175781,22057,0.52554993,1,1,1
220170215001,24,p,1,0,103.0,33.2957951718977,1,43.100574019845126,2,1,0,43.100574019845126,22017,0.0,0,0,0
220170226003,8,p,1,0,70.0,33.3280251366673,1,42.89926258650475,2,1,0,42.89926258650475,22017,0.0,0,0,0
220890632001,50,p,1,0,182.0,35.5901550282635,4,120.32414245605467,2,1,4,120.32414245605467,22089,0.19315147,1,1,1
220890623023,21,p,1,0,153.0,27.9508102280538,5,134.38627845331274,1,1,4,134.38627845331274,22089,0.19315147,1,1,1
220890629001,24,p,1,0,117.0,28.2149426580921,5,124.91463557524088,1,1,4,124.91463557524088,22089,0.19315147,1,1,1
220890631001,44,p,1,0,289.0,30.612169147462,5,116.6500015258789,1,1,5,116.6500015258789,22089,0.19315147,1,1,1
220890601001,33,p,1,0,195.0,28.471586255986,5,143.24444580078125,1,1,2,143.24444580078125,22089,0.19315147,1,1,1
220890632004,25,p,1,0,141.0,32.6807750148489,4,159.89999389648438,1,2,2,159.89999389648438,22089,0.19315147,1,1,1
220619609002,8,p,1,0,80.0,26.5926592127842,3,118.18810268976478,1,1,2,118.18810268976478,22061,0.0,0,0,0
220619610001,4,p,1,0,60.0,26.3245018786064,3,113.4000015258789,1,1,2,113.4000015258789,22061,0.0,0,0,0
220619610003,21,p,1,0,104.0,27.2517922218716,3,113.74056086601692,1,1,2,113.74056086601692,22061,0.0,0,0,0
220170241062,4,p,1,0,50.0,32.8652480843307,2,50.92509156419361,1,1,0,50.92509156419361,22017,0.0,0,0,0
220170242011,33,p,1,0,130.0,32.1320456122399,2,47.901684220643595,1,1,0,47.901684220643595,22017,0.0,0,0,0
220570207031,72,p,1,0,290.0,37.886218582657,3,93.9000015258789,2,1,2,93.9000015258789,22057,0.52554993,1,1,1
220570207043,8,p,1,0,67.0,38.859558827844,3,101.25,2,1,1,101.25,22057,0.52554993,1,1,1
220570210001,5,p,1,0,83.0,33.0489898455305,3,147.3874969482422,2,1,3,147.3874969482422,22057,0.52554993,1,1,1
220570216011,56,p,1,0,198.0,33.4234745419908,3,144.29618471843318,2,1,3,144.29618471843318,22057,0.52554993,1,1,1
220570212002,25,p,1,0,138.0,40.065243056365,3,110.97900390625,2,1,3,110.97900390625,22057,0.52554993,1,1,1
220570211001,38,p,1,0,287.0,38.5819342327528,3,122.03408813476562,2,1,3,122.03408813476562,22057,0.52554993,1,1,1
220570219012,173,p,1,0,483.0,34.4645152972347,4,150.89999389648438,2,2,1,150.89999389648438,22057,0.52554993,1,1,1
220570213002,8,p,1,0,76.0,37.5186566874923,4,106.85032182012016,2,1,5,106.85032182012016,22057,0.52554993,1,1,1
220570219022,34,p,1,0,118.0,34.4705685206279,2,140.23333740234375,2,1,2,140.23333740234375,22057,0.52554993,1,1,1
220690007003,16,p,1,0,67.0,31.4612992140645,4,142.56486048139956,1,1,3,142.56486048139956,22069,0.0,0,0,0
220570216014,35,p,1,0,201.0,33.3486373532091,3,136.39999389648438,2,1,3,136.39999389648438,22057,0.52554993,1,1,1
220170239051,51,p,1,0,391.0,33.9805833122266,1,45.099998474121094,2,1,0,45.099998474121094,22017,0.0,0,0,0
220170241071,22,p,1,0,143.0,32.9996113030151,2,48.92448184005175,1,1,0,48.92448184005175,22017,0.0,0,0,0
220190020004,71,p,1,0,296.0,47.9703604206348,2,264.463134765625,2,2,0,264.463134765625,22019,32.47305225,1,1,0
220550014102,90,p,1,0,638.0,41.4835422563579,3,169.73333740234375,2,2,3,169.73333740234375,22055,1.5760870500000002,0,0,1
220550019012,28,p,1,0,165.0,40.400469371008,4,134.24424097236783,2,1,3,134.24424097236783,22055,1.5760870500000002,0,0,0
220550019013,21,p,1,0,100.0,40.3629261211236,4,135.43058262133675,2,1,3,135.43058262133675,22055,1.5760870500000002,0,0,0
220550019014,17,p,1,0,101.0,40.3339112513436,3,142.0500030517578,2,1,3,142.0500030517578,22055,1.5760870500000002,0,0,0
220550019021,50,p,1,0,243.0,39.5251621881777,3,136.0,2,1,3,136.0,22055,1.5760870500000002,0,0,1
220550019022,41,p,1,0,197.0,38.4392551872832,3,173.39999389648438,2,2,2,173.39999389648438,22055,1.5760870500000002,0,0,1
220550019023,28,p,1,0,111.0,37.9753877719514,3,169.0894079081803,2,2,2,169.0894079081803,22055,1.5760870500000002,0,0,1
220550019031,13,p,1,0,82.0,40.0756625758638,3,133.39999389648438,2,1,3,133.39999389648438,22055,1.5760870500000002,0,0,1
220710103004,8,p,1,0,14.0,29.8986481266865,5,171.4586888106226,1,2,3,171.4586888106226,22071,0.06577263,1,1,1
220510270004,8,p,1,0,45.0,29.7190734459523,5,98.51512415320464,1,1,5,98.51512415320464,22051,0.05823747,1,1,1
220930406002,21,p,1,0,78.0,43.9385822333499,4,123.8249969482422,2,1,2,123.8249969482422,22093,0.29947926,1,1,1
220930403001,67,p,1,0,262.0,42.8207607452742,4,133.89999389648438,2,1,2,133.89999389648438,22093,0.29947926,1,1,1
220550019033,26,p,1,0,142.0,39.3589800567263,3,134.0,2,1,3,134.0,22055,1.5760870500000002,0,0,1
220550019042,35,p,1,0,169.0,38.3434352810239,3,145.25618830672718,2,1,3,145.25618830672718,22055,1.5760870500000002,0,0,1
220550019051,59,p,1,0,227.0,39.8571900562111,3,142.5,2,1,3,142.5,22055,1.5760870500000002,0,0,1
220550019052,8,p,1,0,121.0,38.6532714536918,3,139.05972141665652,2,1,3,139.05972141665652,22055,1.5760870500000002,0,0,1
220550019053,31,p,1,0,132.0,40.5338671583408,3,131.10000610351562,2,1,3,131.10000610351562,22055,1.5760870500000002,0,0,0
220550020011,12,p,1,0,130.0,40.5061782710953,4,131.10000610351562,2,1,3,131.10000610351562,22055,1.5760870500000002,0,0,0
221030402011,84,p,1,0,474.0,35.3580293069958,4,125.9000015258789,2,1,1,125.9000015258789,22103,0.05873937,0,1,0
221030413002,14,p,1,0,70.0,29.3854925545451,5,104.53479251215036,1,1,3,104.53479251215036,22103,0.05873937,1,1,0
221030402021,55,p,1,0,238.0,38.6813416283326,3,114.15999603271484,2,1,3,114.15999603271484,22103,0.05873937,0,1,0
221030412044,41,p,1,0,175.0,29.8343483682584,4,117.4499969482422,1,1,5,117.4499969482422,22103,0.05873937,1,1,0
221030401026,29,p,1,0,154.0,29.4666014841599,4,90.3000030517578,1,1,2,90.3000030517578,22103,0.05873937,0,1,0
221030403032,19,p,1,0,198.0,29.2915351577038,5,110.96321945663968,1,1,3,110.96321945663968,22103,0.05873937,1,1,0
221030406011,17,p,1,0,148.0,29.0783979189304,5,118.45253538438614,1,1,3,118.45253538438614,22103,0.05873937,0,1,0
221030412022,8,p,1,0,64.0,29.8830229215906,5,116.46666717529295,1,1,3,116.46666717529295,22103,0.05873937,1,1,0
221030411031,12,p,1,0,125.0,30.6237359059122,4,206.2629223782902,1,2,2,206.2629223782902,22103,0.05873937,1,1,0
221030408032,21,p,1,0,105.0,31.0240253675842,4,250.5,1,2,2,250.5,22103,0.05873937,1,1,0
221030412092,24,p,1,0,136.0,29.4711838474051,5,101.7675027211785,1,1,2,101.7675027211785,22103,0.05873937,1,1,0
221030412072,39,p,1,0,233.0,29.3202172191365,5,103.02879081799416,1,1,2,103.02879081799416,22103,0.05873937,1,1,0
221030407051,33,p,1,0,138.0,30.7822779986566,4,211.4431457880476,1,2,4,211.4431457880476,22103,0.05873937,0,1,0
221030412042,66,p,1,0,304.0,30.0957099641296,4,126.25,1,1,5,126.25,22103,0.05873937,1,1,0
221030406051,27,p,1,0,138.0,29.1750359724692,4,115.16877248631825,1,1,2,115.16877248631825,22103,0.05873937,0,1,0
221030404001,26,p,1,0,212.0,33.9684340874506,4,117.5,2,1,2,117.5,22103,0.05873937,0,1,0
221030403053,65,p,1,0,456.0,31.5648811273833,5,125.45676458535682,1,1,3,125.45676458535682,22103,0.05873937,1,1,0
221030403033,11,p,1,0,137.0,29.3440243717394,5,105.99092458855232,1,1,3,105.99092458855232,22103,0.05873937,1,1,0
220170249001,4,p,1,0,47.0,24.9967781587539,2,41.42727279663086,1,1,0,41.42727279663086,22017,0.0,0,0,0
220510278122,5,p,1,0,40.0,30.0144191806862,5,89.21103627745848,1,1,3,89.21103627745848,22051,0.05823747,1,1,1
220510279012,51,p,1,0,228.0,37.8671252728103,4,90.6750030517578,2,1,3,90.6750030517578,22051,0.05823747,1,1,1
221139510013,37,p,1,0,204.0,41.0629809001867,3,183.2527418752064,2,2,2,183.2527418752064,22113,12.34417553,0,1,0
221139511001,14,p,1,0,74.0,38.4676315994853,2,113.95581817626952,2,1,4,113.95581817626952,22113,12.34417553,1,1,0
220530007002,9,p,1,0,71.0,41.5441827162868,3,221.06797146673463,2,2,3,221.06797146673463,22053,34.29631719,0,1,0
220530003002,16,p,1,0,76.0,49.4388573150938,2,248.23513098846695,2,2,2,248.23513098846695,22053,34.29631719,0,1,0
220550014071,28,p,1,0,222.0,36.2401441887189,3,158.89334344441153,2,2,2,158.89334344441153,22055,1.5760870500000002,0,0,1
220550014072,72,p,1,0,503.0,36.9229578897233,3,153.87763154702128,2,2,2,153.87763154702128,22055,1.5760870500000002,0,0,1
220550014111,33,p,1,0,291.0,36.2026672082777,3,158.3000030517578,2,2,3,158.3000030517578,22055,1.5760870500000002,0,0,1
220550014092,12,p,1,0,146.0,37.0763659110884,3,147.07702611211178,2,1,4,147.07702611211178,22055,1.5760870500000002,0,0,1
220550014093,54,p,1,0,256.0,36.7966495191931,3,146.52976463163282,2,1,4,146.52976463163282,22055,1.5760870500000002,0,0,1
220550014094,31,p,1,0,178.0,36.5199818317913,3,149.06264877458418,2,1,4,149.06264877458418,22055,1.5760870500000002,0,0,1
220550017005,30,p,1,0,126.0,37.8074970395996,3,138.3144725975872,2,1,3,138.3144725975872,22055,1.5760870500000002,0,0,1
220550017001,36,p,1,0,142.0,37.4256595234372,3,142.33251196674118,2,1,3,142.33251196674118,22055,1.5760870500000002,0,0,1
220550018021,16,p,1,0,124.0,36.8553912782267,3,161.5274444572038,2,2,2,161.5274444572038,22055,1.5760870500000002,0,0,1
220550018023,20,p,1,0,92.0,37.231301290338,3,159.6433378165486,2,2,2,159.6433378165486,22055,1.5760870500000002,0,0,1
220550017004,5,p,1,0,79.0,37.5641592528339,3,142.8000030517578,2,1,3,142.8000030517578,22055,1.5760870500000002,0,0,1
220550018012,8,p,1,0,85.0,37.7825696006942,3,146.91413466508362,2,1,3,146.91413466508362,22055,1.5760870500000002,0,0,1
220510251041,8,p,1,0,92.0,30.2385733382232,5,94.40499801274592,1,1,3,94.40499801274592,22051,0.05823747,1,1,1
220510268002,15,p,1,0,46.0,29.8201357195675,5,89.72370698763997,1,1,6,89.72370698763997,22051,0.05823747,1,1,1
220510278091,19,p,1,0,99.0,30.63899896661,5,86.75255935998995,1,1,5,86.75255935998995,22051,0.05823747,1,1,1
220510201012,16,p,1,0,113.0,29.7623510333635,5,98.86065124093246,1,1,2,98.86065124093246,22051,0.05823747,1,1,1
220510277031,9,p,1,0,56.0,29.7690805617885,5,88.26916003309881,1,1,5,88.26916003309881,22051,0.05823747,1,1,1
220510277032,14,p,1,0,52.0,30.2223121857882,5,88.2390739300308,1,1,5,88.2390739300308,22051,0.05823747,1,1,1
220510280003,23,p,1,0,111.0,30.9166106495337,5,92.10714474750256,1,1,4,92.10714474750256,22051,0.05823747,1,1,1
220510280002,55,p,1,0,299.0,32.228419070529,5,83.51590460785704,1,1,4,83.51590460785704,22051,0.05823747,1,1,1
220510278031,12,p,1,0,87.0,30.1470413033966,5,89.73426705461357,1,1,3,89.73426705461357,22051,0.05823747,1,1,1
220510201023,12,p,1,0,58.0,29.7164273622019,5,99.21204453138331,1,1,2,99.21204453138331,22051,0.05823747,1,1,1
220510202021,19,p,1,0,77.0,29.6030189940248,5,98.88658728428273,1,1,3,98.88658728428273,22051,0.05823747,1,1,1
220170205002,17,p,1,0,121.0,30.946403342062,2,38.51575779246478,1,1,0,38.51575779246478,22017,0.0,0,0,0
220170228001,12,p,1,0,76.0,34.0042390376238,1,45.99614354366386,2,1,0,45.99614354366386,22017,0.0,0,0,0
220570206001,20,p,1,0,144.0,37.9989780705615,3,82.04104890175691,2,1,2,82.04104890175691,22057,0.52554993,1,1,1
220630404012,70,p,1,0,386.0,36.3513953289271,4,119.0201272524488,2,1,1,119.0201272524488,22063,0.03585767,0,1,1
220630403032,87,p,1,0,317.0,32.7779143639339,5,194.37241506904115,1,2,1,194.37241506904115,22063,0.03585767,0,1,1
220630403031,46,p,1,0,258.0,32.9163259995129,5,184.3000030517578,1,2,1,184.3000030517578,22063,0.03585767,0,1,1
220630408052,65,p,1,0,346.0,35.511854425085,4,129.89999389648438,2,1,1,129.89999389648438,22063,0.03585767,0,1,1
220630403014,66,p,1,0,296.0,32.6993275359528,5,191.1000061035156,1,2,1,191.1000061035156,22063,0.03585767,0,1,1
220630403033,181,p,1,0,594.0,32.2528168928422,5,199.0,1,2,1,199.0,22063,0.03585767,0,1,1
220630403042,61,p,1,0,240.0,33.9413103485453,4,157.39999389648438,2,2,0,157.39999389648438,22063,0.03585767,0,1,1
220630408042,185,p,1,0,705.0,36.1656577855588,4,103.5999984741211,2,1,1,103.5999984741211,22063,0.03585767,0,1,1
220630408043,172,p,1,0,662.0,35.622271858411,4,74.80000305175781,2,1,1,74.80000305175781,22063,0.03585767,0,1,1
220630407003,94,p,1,0,278.0,34.1969716237468,4,136.0438678620318,2,1,1,136.0438678620318,22063,0.03585767,0,1,1
221030406041,19,p,1,0,131.0,29.2598096410031,5,104.6113802550588,1,1,2,104.6113802550588,22103,0.05873937,0,1,0
220570201003,9,p,1,0,65.0,38.1935454743853,3,83.27806682744368,2,1,2,83.27806682744368,22057,0.52554993,1,1,1
220890623011,31,p,1,0,205.0,28.4226448667643,5,133.3000030517578,1,1,4,133.3000030517578,22089,0.19315147,1,1,1
220890623021,33,p,1,0,108.0,27.8914047530696,5,142.4707751687989,1,1,4,142.4707751687989,22089,0.19315147,1,1,1
220170253002,16,p,1,0,85.0,32.0875578990318,2,39.80057234053505,1,1,0,39.80057234053505,22017,0.0,0,0,0
220890623022,27,p,1,0,91.0,27.9282805592692,5,142.26259428222272,1,1,4,142.26259428222272,22089,0.19315147,1,1,1
220890624002,13,p,1,0,93.0,28.5491291562245,4,151.60812868254018,1,2,3,151.60812868254018,22089,0.19315147,1,1,1
220890625001,4,p,1,0,46.0,29.4856639022568,4,149.0,1,1,3,149.0,22089,0.19315147,1,1,1
220890625002,27,p,1,0,159.0,29.6379615508051,4,156.54484163911644,1,2,2,156.54484163911644,22089,0.19315147,1,1,1
220890625004,9,p,1,0,53.0,28.9821039768128,4,161.16494431677918,1,2,2,161.16494431677918,22089,0.19315147,1,1,1
220890627003,16,p,1,0,138.0,28.3476763303604,4,161.5500030517578,1,2,3,161.5500030517578,22089,0.19315147,1,1,1
220170239042,13,p,1,0,87.0,34.141766190014,1,44.54105571494309,2,1,0,44.54105571494309,22017,0.0,0,0,0
220319502003,8,p,1,0,66.0,34.9994944515428,1,91.39121785729527,2,1,2,91.39121785729527,22031,0.0,0,0,0
220790124002,16,p,1,0,114.0,32.2787178213987,3,210.6000061035156,1,2,1,210.6000061035156,22079,4.49269524,0,0,0
221159507032,20,p,1,0,146.0,39.9695009037556,2,166.60000610351562,2,2,2,166.60000610351562,22115,19.00196373,0,0,0
221159507021,15,p,1,0,55.0,36.2448274983319,2,154.54680314591354,2,2,3,154.54680314591354,22115,19.00196373,0,0,0
220330017002,5,p,1,0,87.0,32.9441866924847,4,117.56992168275396,1,1,1,117.56992168275396,22033,0.02202799,0,0,1
220330039061,24,p,1,0,83.0,33.1783553019939,4,112.91825222548408,2,1,1,112.91825222548408,22033,0.02202799,0,0,1
220170246011,8,p,1,0,99.0,30.9264171175174,2,35.25,1,1,0,35.25,22017,0.0,0,0,0
220170244003,4,p,1,0,52.0,30.8358256281,2,41.71018796476609,1,1,0,41.71018796476609,22017,0.0,0,0,0
220990203021,18,p,1,0,178.0,37.6403305227169,2,124.23333740234376,2,1,2,124.23333740234376,22099,2.17976609,0,1,1
220990206001,11,p,1,0,79.0,37.8963720076512,3,129.6999969482422,2,1,4,129.6999969482422,22099,2.17976609,0,1,1
220190026002,25,p,1,0,116.0,52.6969886003344,2,203.11287917395185,2,2,3,203.11287917395185,22019,32.47305225,0,1,0
220190024004,4,p,1,0,66.0,51.5899464171027,3,192.60875467710324,2,2,2,192.60875467710324,22019,32.47305225,0,1,0
220190007004,8,p,1,0,72.0,54.2566180960939,4,226.9052588045076,2,2,2,226.9052588045076,22019,32.47305225,0,1,0
220190009001,12,p,1,0,65.0,48.7758117189892,2,268.43922159730965,2,2,1,268.43922159730965,22019,32.47305225,0,1,0
220190020002,68,p,1,0,228.0,45.3829520928881,2,372.3714294433594,2,2,0,372.3714294433594,22019,32.47305225,0,1,0
220190036002,8,p,1,0,175.0,51.5812042761659,2,358.03997802734375,2,2,1,358.03997802734375,22019,32.47305225,0,1,0
220190036001,13,p,1,0,124.0,51.7357449603443,3,269.3999938964844,2,2,1,269.3999938964844,22019,32.47305225,0,1,0
220190001001,16,p,1,0,92.0,52.4720419492275,2,252.97546068516843,2,2,1,252.97546068516843,22019,32.47305225,0,1,0
220190009003,12,p,1,0,103.0,49.1846322608526,2,252.6630044024704,2,2,1,252.6630044024704,22019,32.47305225,0,1,0
220450303011,21,p,1,0,162.0,39.2283223638366,4,114.3000030517578,2,1,3,114.3000030517578,22045,3.09661809,0,1,1
220050310001,19,p,1,0,158.0,37.6117055897039,3,91.6500015258789,2,1,1,91.6500015258789,22005,0.01186332,1,1,1
220050310003,12,p,1,0,76.0,36.9259764728283,3,74.05615134292283,2,1,1,74.05615134292283,22005,0.01186332,0,1,1
220170226001,8,p,1,0,51.0,33.0926890875907,1,41.45874741679758,2,1,0,41.45874741679758,22017,0.0,0,0,0
220170227001,22,p,1,0,74.0,33.6802280095686,1,43.38063225961397,2,1,0,43.38063225961397,22017,0.0,0,0,0
220170228002,16,p,1,0,67.0,33.5581415583707,1,45.22894965986231,2,1,0,45.22894965986231,22017,0.0,0,0,0
220170228004,13,p,1,0,89.0,34.0334593546726,1,46.30519284165554,2,1,0,46.30519284165554,22017,0.0,0,0,0
220170229002,13,p,1,0,124.0,34.2832893411661,1,48.10976102426832,2,1,0,48.10976102426832,22017,0.0,0,0,0
220170230001,19,p,1,0,100.0,34.3448740039,1,46.400001525878906,2,1,0,46.400001525878906,22017,0.0,0,0,0
220170230002,24,p,1,0,187.0,34.1952360672544,1,46.012156200138186,2,1,0,46.012156200138186,22017,0.0,0,0,0
220170230003,8,p,1,0,112.0,34.0414274815428,1,43.77811388518763,2,1,0,43.77811388518763,22017,0.0,0,0,0
220570204002,17,p,1,0,38.0,38.554094680054,3,85.50927941945699,2,1,2,85.50927941945699,22057,0.52554993,1,1,1
220570220002,4,p,1,0,71.0,38.3000370855269,3,86.7300911738001,2,1,2,86.7300911738001,22057,0.52554993,1,1,1
220570202021,18,p,1,0,122.0,39.6287509854651,3,113.89718661226526,2,1,2,113.89718661226526,22057,0.52554993,1,1,1
220170231002,12,p,1,0,62.0,34.061241837254,1,43.432423510873456,2,1,0,43.432423510873456,22017,0.0,0,0,0
220190010001,19,p,1,0,97.0,55.2294969751128,3,238.06745696872193,2,2,2,238.06745696872193,22019,32.47305225,0,1,0
220190010002,8,p,1,0,94.0,54.8607751767589,4,221.8664060651116,2,2,2,221.8664060651116,22019,32.47305225,0,1,0
220190012011,4,p,1,0,47.0,47.6166186061711,2,266.014062276034,2,2,1,266.014062276034,22019,32.47305225,0,1,0
220190011001,16,p,1,0,105.0,54.9215567848516,3,243.73447392944965,2,2,2,243.73447392944965,22019,32.47305225,0,1,0
220190011002,15,p,1,0,84.0,55.2806011698414,3,245.5850015392569,2,2,2,245.5850015392569,22019,32.47305225,0,1,0
220190012012,16,p,1,0,77.0,55.014262724784,3,248.5,2,2,1,248.5,22019,32.47305225,0,1,0
220190012013,8,p,1,0,57.0,55.6476104199838,3,258.8725696301061,2,2,1,258.8725696301061,22019,32.47305225,0,1,0
220570219023,35,p,1,0,113.0,35.2145363101372,3,133.9604220799964,2,1,2,133.9604220799964,22057,0.52554993,1,1,1
220570216012,27,p,1,0,136.0,33.544467354754,3,160.6999969482422,2,2,2,160.6999969482422,22057,0.52554993,1,1,1
220570207041,56,p,1,0,186.0,40.2485997650272,3,124.10000610351562,2,1,1,124.10000610351562,22057,0.52554993,1,1,1
220570207021,11,p,1,0,143.0,39.1113416808622,3,84.29999542236328,2,1,2,84.29999542236328,22057,0.52554993,1,1,1
220570214003,38,p,1,0,133.0,33.1063443404296,4,119.25,2,1,4,119.25,22057,0.52554993,1,1,1
220570211002,34,p,1,0,161.0,32.1934148658976,5,128.89999389648438,1,1,5,128.89999389648438,22057,0.52554993,1,1,1
220570208002,38,p,1,0,129.0,40.8389162158325,3,128.875,2,1,3,128.875,22057,0.52554993,1,1,1
220570201002,21,p,1,0,97.0,38.3673499593299,3,82.26914249840661,2,1,2,82.26914249840661,22057,0.52554993,1,1,1
220570210003,16,p,1,0,111.0,32.55825334132,5,124.0199966430664,1,1,4,124.0199966430664,22057,0.52554993,1,1,1
220570212001,20,p,1,0,152.0,38.8590185908436,4,114.63333129882812,2,1,5,114.63333129882812,22057,0.52554993,1,1,1
220570208003,8,p,1,0,69.0,38.0828943830954,2,138.1444549560547,2,1,2,138.1444549560547,22057,0.52554993,1,1,1
220570210002,22,p,1,0,111.0,35.1574141889017,4,138.43809509277344,2,1,4,138.43809509277344,22057,0.52554993,1,1,1
220570207042,59,p,1,0,205.0,40.3844027089688,3,99.46666717529295,2,1,2,99.46666717529295,22057,0.52554993,1,1,1
220570211004,28,p,1,0,108.0,36.8517067644908,4,98.9111099243164,2,1,4,98.9111099243164,22057,0.52554993,1,1,1
220570216022,37,p,1,0,151.0,34.128734374626,3,100.34000396728516,2,1,5,100.34000396728516,22057,0.52554993,1,1,1
220570209001,12,p,1,0,63.0,35.5975295171152,2,154.0500030517578,2,2,1,154.0500030517578,22057,0.52554993,1,1,1
220570214001,24,p,1,0,129.0,32.3454948101759,5,112.0,1,1,6,112.0,22057,0.52554993,1,1,1
220570219021,12,p,1,0,109.0,33.9531603169804,2,171.3000030517578,2,2,2,171.3000030517578,22057,0.52554993,1,1,1
220170243013,16,p,1,0,97.0,30.4180014959066,2,39.900001525878906,1,1,0,39.900001525878906,22017,0.0,0,0,0
220170241045,9,p,1,0,133.0,33.7018269784376,1,51.27217273093236,2,1,0,51.27217273093236,22017,0.0,0,0,0
220890631004,24,p,1,0,100.0,28.6178045418502,5,127.3000030517578,1,1,5,127.3000030517578,22089,0.19315147,1,1,1
220510224001,8,p,1,0,107.0,29.7395467648871,5,102.03458767622156,1,1,3,102.03458767622156,22051,0.05823747,1,1,1
220510224002,4,p,1,0,73.0,29.7744637289116,5,102.19529667645467,1,1,4,102.19529667645467,22051,0.05823747,1,1,1
220570213001,16,p,1,0,72.0,37.1576715940514,4,117.8000030517578,2,1,5,117.8000030517578,22057,0.52554993,1,1,1
220570214002,20,p,1,0,124.0,32.3462265414085,5,125.3000030517578,1,1,3,125.3000030517578,22057,0.52554993,1,1,1
220510244001,8,p,1,0,77.0,29.5457058868467,5,103.00053054457368,1,1,3,103.00053054457368,22051,0.05823747,1,1,1
220170238005,18,p,1,0,128.0,34.1133638015394,1,43.26297643898928,2,1,0,43.26297643898928,22017,0.0,0,0,0
220170228003,4,p,1,0,53.0,33.7427345798687,1,45.24801750552549,2,1,0,45.24801750552549,22017,0.0,0,0,0
220170249002,8,p,1,0,114.0,25.9415194075972,2,67.76667022705078,1,1,0,67.76667022705078,22017,0.0,0,0,0
220170242031,21,p,1,0,101.0,30.3929431603978,2,60.96000289916992,1,1,0,60.96000289916992,22017,0.0,0,0,0
220170245043,39,p,1,0,182.0,28.1404967738444,2,95.5500030517578,1,1,1,95.5500030517578,22017,0.0,0,0,0
220510276011,8,p,1,0,80.0,29.2898747587197,5,106.23844086417373,1,1,4,106.23844086417373,22051,0.05823747,1,1,1
220510271003,12,p,1,0,38.0,29.5656201163459,5,98.04387335672732,1,1,5,98.04387335672732,22051,0.05823747,1,1,1
221059540011,33,p,1,0,279.0,36.0874488539004,3,121.54091856585528,2,1,1,121.54091856585528,22105,0.00826522,0,1,1
220690008005,24,p,1,0,105.0,32.9213456706394,4,136.9166717529297,1,1,3,136.9166717529297,22069,0.0,0,0,0
220690008001,4,p,1,0,60.0,35.8463838100633,3,128.00714111328125,2,1,3,128.00714111328125,22069,0.0,0,0,0
220190013004,16,p,1,0,59.0,56.2500923258283,3,245.70076888581684,2,2,3,245.70076888581684,22019,32.47305225,0,1,0
220190013002,25,p,1,0,114.0,56.1009861295843,3,241.84185019062664,2,2,3,241.84185019062664,22019,32.47305225,0,1,0
220190013003,18,p,1,0,97.0,56.5742719062994,3,244.5789824614398,2,2,3,244.5789824614398,22019,32.47305225,0,1,0
220190013001,46,p,1,0,162.0,57.2545339415996,3,247.0122909220048,2,2,3,247.0122909220048,22019,32.47305225,0,1,0
220890627001,44,p,1,0,124.0,28.2104212516352,4,168.10000610351562,1,2,3,168.10000610351562,22089,0.19315147,1,1,1
220890628001,22,p,1,0,130.0,28.1707431823594,5,137.57319719945733,1,1,4,137.57319719945733,22089,0.19315147,1,1,1
220890628003,32,p,1,0,164.0,29.7795875233045,5,151.67614847045877,1,2,3,151.67614847045877,22089,0.19315147,1,1,1
220290004005,7,p,1,0,119.0,28.7729930380114,3,60.98033690498866,1,1,0,60.98033690498866,22029,0.00757152,0,0,0
220290004004,4,p,1,0,119.0,28.6849601382771,3,62.248301130463894,1,1,0,62.248301130463894,22029,0.00757152,0,0,0
220570218002,12,p,1,0,71.0,34.951565313528,2,160.70878484601707,2,2,2,160.70878484601707,22057,0.52554993,1,1,1
221030401031,29,p,1,0,164.0,29.3106948091227,4,118.5999984741211,1,1,3,118.5999984741211,22103,0.05873937,0,1,0
221030402022,61,p,1,0,292.0,28.9069516999674,4,131.5,1,1,3,131.5,22103,0.05873937,0,1,0
221030401032,34,p,1,0,155.0,29.1828927222248,4,114.9000015258789,1,1,3,114.9000015258789,22103,0.05873937,0,1,0
221030401033,18,p,1,0,89.0,29.1977752899917,4,117.20000457763672,1,1,3,117.20000457763672,22103,0.05873937,0,1,0
221030401041,29,p,1,0,236.0,29.9209927133837,4,108.0,1,1,3,108.0,22103,0.05873937,0,1,0
220890631002,24,p,1,0,165.0,28.0953404330341,5,124.43337923393514,1,1,5,124.43337923393514,22089,0.19315147,1,1,1
220890631003,36,p,1,0,246.0,28.3045686220094,5,129.7163149763157,1,1,5,129.7163149763157,22089,0.19315147,1,1,1
220450304005,37,p,1,0,171.0,38.546132136362,4,118.8000030517578,2,1,3,118.8000030517578,22045,3.09661809,1,1,1
220890632003,16,p,1,0,122.0,31.3346507944716,4,162.10000610351562,1,2,3,162.10000610351562,22089,0.19315147,1,1,1
220170229003,21,p,1,0,84.0,33.6645791168938,1,45.856817259643755,2,1,0,45.856817259643755,22017,0.0,0,0,0
220990204001,25,p,1,0,128.0,37.254554793222,3,113.70000457763672,2,1,2,113.70000457763672,22099,2.17976609,0,1,1
220990201001,15,p,1,0,74.0,36.5699744835519,2,111.93478393554688,2,1,1,111.93478393554688,22099,2.17976609,0,1,1
220990201004,20,p,1,0,127.0,36.0832947594527,4,104.83333587646484,2,1,2,104.83333587646484,22099,2.17976609,0,1,1
220990203011,22,p,1,0,231.0,37.8013641773775,2,114.0,2,1,4,114.0,22099,2.17976609,0,1,1
220990203012,29,p,1,0,140.0,36.9152832657866,2,161.1999969482422,2,2,2,161.1999969482422,22099,2.17976609,0,1,1
220990203022,22,p,1,0,196.0,38.2423497481379,3,110.1999969482422,2,1,3,110.1999969482422,22099,2.17976609,0,1,1
220990205011,28,p,1,0,160.0,36.9999373663627,3,170.0,2,2,3,170.0,22099,2.17976609,0,1,1
220990203023,14,p,1,0,167.0,38.3144213487041,1,127.9499969482422,2,1,3,127.9499969482422,22099,2.17976609,0,1,1
220990210002,12,p,1,0,113.0,38.6827884538745,4,51.97142791748047,2,1,0,51.97142791748047,22099,2.17976609,1,1,1
220170254052,51,p,1,0,188.0,29.3565467189169,2,59.443146182639936,1,1,0,59.443146182639936,22017,0.0,0,0,0
220990204004,8,p,1,0,73.0,37.8275340541361,5,97.64775669361173,2,1,3,97.64775669361173,22099,2.17976609,0,1,1
220450304004,48,p,1,0,284.0,37.8737420416521,5,121.5999984741211,2,1,3,121.5999984741211,22045,3.09661809,0,1,1
220450311002,24,p,1,0,213.0,36.4346851514226,5,109.17846805423277,2,1,3,109.17846805423277,22045,3.09661809,0,1,1
220450312002,8,p,1,0,112.0,36.8957171168837,5,120.0999984741211,2,1,3,120.0999984741211,22045,3.09661809,0,1,1
220510278121,27,p,1,0,121.0,30.7090500617729,5,87.4000015258789,1,1,3,87.4000015258789,22051,0.05823747,1,1,1
220510278074,38,p,1,0,170.0,29.8813810154937,5,85.4194790013376,1,1,4,85.4194790013376,22051,0.05823747,1,1,1
220330039071,9,p,1,0,68.0,32.9085475574039,5,129.91242225052235,1,1,1,129.91242225052235,22033,0.02202799,0,0,1
220190001002,12,p,1,0,64.0,52.9348857064076,2,247.2412314725617,2,2,1,247.2412314725617,22019,32.47305225,0,1,0
220190006005,4,p,1,0,24.0,50.038520954964,2,266.8439948547782,2,2,1,266.8439948547782,22019,32.47305225,0,1,0
220190007002,14,p,1,0,62.0,54.0375264433002,4,229.96093480610728,2,2,2,229.96093480610728,22019,32.47305225,0,1,0
220570215001,24,p,1,0,127.0,32.6582644545465,5,117.56280759578486,1,1,5,117.56280759578486,22057,0.52554993,1,1,1
220170241091,12,p,1,0,73.0,33.8429258074615,1,54.29387037156131,2,1,0,54.29387037156131,22017,0.0,0,0,0
220170242021,23,p,1,0,177.0,32.1086376678524,2,46.79999923706055,1,1,0,46.79999923706055,22017,0.0,0,0,0
220170243011,9,p,1,0,108.0,29.2194806807744,2,52.5,1,1,0,52.5,22017,0.0,0,0,0
220170244002,16,p,1,0,120.0,30.4569220302925,2,40.44999694824219,1,1,0,40.44999694824219,22017,0.0,0,0,0
220170245041,57,p,1,0,241.0,26.6842183220177,2,65.06363677978516,1,1,0,65.06363677978516,22017,0.0,0,0,0
220170205001,4,p,1,0,48.0,30.673501356362,2,37.71174894112258,1,1,0,37.71174894112258,22017,0.0,0,0,0
220170210001,23,p,1,0,138.0,32.2730866794717,2,39.92998042104629,1,1,0,39.92998042104629,22017,0.0,0,0,0
220170212001,4,p,1,0,58.0,32.7030716269544,2,40.94553232382734,1,1,0,40.94553232382734,22017,0.0,0,0,0
220170213001,8,p,1,0,84.0,32.699762780988,2,41.765111963315654,1,1,0,41.765111963315654,22017,0.0,0,0,0
221119603001,24,p,1,0,127.0,27.7115975256119,2,104.1199951171875,1,1,3,104.1199951171875,22111,0.0,0,0,0
220570205004,45,p,1,0,183.0,38.530750177878,3,81.3601124957907,2,1,2,81.3601124957907,22057,0.52554993,1,1,1
220570207033,13,p,1,0,43.0,37.9069011496699,3,86.09416419394177,2,1,2,86.09416419394177,22057,0.52554993,1,1,1
220570207032,38,p,1,0,210.0,37.9437159171342,3,92.4008410137669,2,1,2,92.4008410137669,22057,0.52554993,1,1,1
220570212003,30,p,1,0,131.0,34.5594355305346,4,124.642145220595,2,1,4,124.642145220595,22057,0.52554993,1,1,1
220570218003,12,p,1,0,65.0,34.954076334556,2,160.13633897241968,2,2,2,160.13633897241968,22057,0.52554993,1,1,1
220050304011,77,p,1,0,240.0,39.3963549699863,4,86.0999984741211,2,1,1,86.0999984741211,22005,0.01186332,0,1,1
220510205162,14,p,1,0,96.0,28.9737616866372,5,138.9779492699864,1,1,3,138.9779492699864,22051,0.05823747,1,1,1
220510205163,9,p,1,0,57.0,28.9294710381583,5,140.83861941110732,1,1,3,140.83861941110732,22051,0.05823747,1,1,1
220190014004,19,p,1,0,136.0,50.3483694689436,2,326.8333435058594,2,2,0,326.8333435058594,22019,32.47305225,0,1,0
220170243014,13,p,1,0,97.0,30.4576093795234,2,41.79999923706055,1,1,0,41.79999923706055,22017,0.0,0,0,0
220170243031,15,p,1,0,243.0,31.337064562567,2,43.599998474121094,1,1,0,43.599998474121094,22017,0.0,0,0,0
220170243032,8,p,1,0,146.0,30.3954077490028,2,40.88705407554339,1,1,0,40.88705407554339,22017,0.0,0,0,0
220170243033,17,p,1,0,76.0,31.2490689560588,2,43.45972646412596,1,1,0,43.45972646412596,22017,0.0,0,0,0
220170243034,16,p,1,0,109.0,31.0103662616716,2,42.24091101476446,1,1,0,42.24091101476446,22017,0.0,0,0,0
221119606001,30,p,1,0,136.0,25.2620289600465,2,100.5,1,1,2,100.5,22111,0.0,0,0,0
221119606002,38,p,1,0,170.0,27.8726330558493,2,100.8874969482422,1,1,2,100.8874969482422,22111,0.0,0,0,0
221119603003,4,p,1,0,50.0,24.9889298322403,2,125.66666412353516,1,1,2,125.66666412353516,22111,0.0,0,0,0
221119605001,13,p,1,0,45.0,23.7589518906576,1,86.57499694824219,1,1,2,86.57499694824219,22111,0.0,0,0,0
221119602004,13,p,1,0,50.0,25.4480887832057,2,104.5749969482422,1,1,3,104.5749969482422,22111,0.0,0,0,0
221119604001,13,p,1,0,94.0,29.1508489364408,2,102.00085914655251,1,1,2,102.00085914655251,22111,0.0,0,0,0
221119602003,8,p,1,0,54.0,23.7958495818826,2,99.4250030517578,1,1,2,99.4250030517578,22111,0.0,0,0,0
221119601001,9,p,1,0,60.0,23.6275119350425,2,89.37222290039062,1,1,2,89.37222290039062,22111,0.0,0,0,0
221119603002,17,p,1,0,54.0,24.3155804609473,2,102.53333282470705,1,1,3,102.53333282470705,22111,0.0,0,0,0
221119601003,12,p,1,0,71.0,27.9775149223697,2,101.91364288330078,1,1,3,101.91364288330078,22111,0.0,0,0,0
221119605002,58,p,1,0,219.0,25.6043856281564,2,97.44615936279295,1,1,2,97.44615936279295,22111,0.0,0,0,0
220790132002,36,p,1,0,188.0,29.9866917579858,3,211.0363616943359,1,2,1,211.0363616943359,22079,4.49269524,0,0,0
221119604002,29,p,1,0,105.0,29.8556579298096,2,101.7371560788356,1,1,2,101.7371560788356,22111,0.0,0,0,0
221119602001,15,p,1,0,84.0,24.1732285161251,2,129.91818237304688,1,1,2,129.91818237304688,22111,0.0,0,0,0
221119601004,29,p,1,0,144.0,26.8784440331872,2,103.6300048828125,1,1,3,103.6300048828125,22111,0.0,0,0,0
220790106002,23,p,1,0,102.0,37.0306489507409,3,211.8000030517578,2,2,1,211.8000030517578,22079,4.49269524,0,0,0
220790133004,18,p,1,0,106.0,33.4332193021857,3,222.15789794921875,2,2,1,222.15789794921875,22079,4.49269524,0,0,0
220790137003,15,p,1,0,128.0,30.4377329853218,3,229.8999938964844,1,2,0,229.8999938964844,22079,4.49269524,0,0,0
220790133001,31,p,1,0,183.0,33.0427882644183,2,212.3500061035156,2,2,1,212.3500061035156,22079,4.49269524,0,0,0
220790101002,42,p,1,0,240.0,30.8386918980793,3,245.3000030517578,1,2,0,245.3000030517578,22079,4.49269524,0,0,0
220790132004,20,p,1,0,215.0,30.1616650366906,3,233.4150494901325,1,2,1,233.4150494901325,22079,4.49269524,0,0,0
220790137001,6,p,1,0,53.0,30.1844474648661,3,240.0833282470703,1,2,0,240.0833282470703,22079,4.49269524,0,0,0
220790103002,17,p,1,0,114.0,30.6682327331232,3,225.0,1,2,1,225.0,22079,4.49269524,0,0,0
220170216002,4,p,1,0,62.0,33.0252902209184,1,40.67964864996649,2,1,0,40.67964864996649,22017,0.0,0,0,0
220170241072,23,p,1,0,131.0,33.2971552013828,1,52.34460475912267,2,1,0,52.34460475912267,22017,0.0,0,0,0
220550007002,22,p,1,0,102.0,37.1108440340983,3,162.43124648420817,2,2,2,162.43124648420817,22055,1.5760870500000002,0,0,1
220330040092,107,p,1,0,632.0,34.3274156650172,4,81.80000305175781,2,1,1,81.80000305175781,22033,0.02202799,0,0,1
220510267001,27,p,1,0,57.0,29.8600600554577,5,89.0926141865458,1,1,6,89.0926141865458,22051,0.05823747,1,1,1
220510268001,4,p,1,0,63.0,29.8112696352624,5,89.16079779569944,1,1,6,89.16079779569944,22051,0.05823747,1,1,1
220510278093,13,p,1,0,71.0,31.0127788542015,5,84.38403924982305,1,1,5,84.38403924982305,22051,0.05823747,1,1,1
220550022002,39,p,1,0,306.0,35.9057003622843,3,164.3000030517578,2,2,2,164.3000030517578,22055,1.5760870500000002,0,0,1
220550005002,8,p,1,0,39.0,36.0396926714117,3,164.58988654802167,2,2,2,164.58988654802167,22055,1.5760870500000002,0,0,1
220550005004,9,p,1,0,106.0,36.490333568477,3,161.3334073305901,2,2,2,161.3334073305901,22055,1.5760870500000002,0,0,1
220170215002,5,p,1,0,64.0,33.0888090963594,1,42.702912551192426,2,1,0,42.702912551192426,22017,0.0,0,0,0
220570218001,8,p,1,0,86.0,33.4579536499997,3,145.8000030517578,2,1,3,145.8000030517578,22057,0.52554993,1,1,1
220170216003,4,p,1,0,49.0,32.8064992093555,2,40.43876362917654,1,1,0,40.43876362917654,22017,0.0,0,0,0
220170217002,24,p,1,0,145.0,32.4972003053529,2,39.76364162994974,1,1,0,39.76364162994974,22017,0.0,0,0,0
220510278064,28,p,1,0,112.0,29.8202168144645,5,86.01807210474911,1,1,5,86.01807210474911,22051,0.05823747,1,1,1
220510278075,21,p,1,0,114.0,29.9001193998009,5,85.9251729721274,1,1,5,85.9251729721274,22051,0.05823747,1,1,1
220550006041,24,p,1,0,137.0,37.4318731800796,3,161.65052920391707,2,2,2,161.65052920391707,22055,1.5760870500000002,0,0,1
220550006023,8,p,1,0,169.0,36.6246775277546,3,165.54612218285683,2,2,2,165.54612218285683,22055,1.5760870500000002,0,0,1
220550007001,17,p,1,0,133.0,36.4014248663406,3,163.90078030935214,2,2,2,163.90078030935214,22055,1.5760870500000002,0,0,1
220570219011,22,p,1,0,188.0,33.9270817673307,3,173.85805854719413,2,2,2,173.85805854719413,22057,0.52554993,1,1,1
220170241073,7,p,1,0,75.0,33.506269179033,1,52.67949173892209,2,1,0,52.67949173892209,22017,0.0,0,0,0
220170241083,13,p,1,0,85.0,33.7971564962265,1,53.47473702824963,2,1,0,53.47473702824963,22017,0.0,0,0,0
220170241085,33,p,1,0,202.0,33.7866888212355,1,56.05379198415497,2,1,0,56.05379198415497,22017,0.0,0,0,0
220170254051,81,p,1,0,260.0,30.3757750750592,2,35.0772816847572,1,1,0,35.0772816847572,22017,0.0,0,0,0
220190016002,16,p,1,0,62.0,49.5111252394649,2,293.54309231224494,2,2,1,293.54309231224494,22019,32.47305225,0,1,0
220330038023,4,p,1,0,89.0,32.4045482830915,6,134.78909007186198,1,1,1,134.78909007186198,22033,0.02202799,0,0,1
220330039072,9,p,1,0,61.0,32.9230737438513,5,118.25435813835124,1,1,1,118.25435813835124,22033,0.02202799,0,0,1
220330039073,4,p,1,0,64.0,33.1680641065209,4,117.92263566652402,2,1,1,117.92263566652402,22033,0.02202799,0,0,1
220330039081,9,p,1,0,57.0,33.0090662878329,4,135.58874539153695,2,1,1,135.58874539153695,22033,0.02202799,0,0,1
220330039082,15,p,1,0,102.0,33.3756640502822,4,118.09093910770063,2,1,1,118.09093910770063,22033,0.02202799,0,0,1
220330039083,31,p,1,0,105.0,33.5753378153667,4,113.8874066943002,2,1,1,113.8874066943002,22033,0.02202799,0,0,1
220330040051,12,p,1,0,128.0,32.8686639685551,6,88.51780523211211,1,1,1,88.51780523211211,22033,0.02202799,0,0,1
220319507003,4,p,1,0,90.0,36.8859753908555,1,104.4800033569336,2,1,1,104.4800033569336,22031,0.0,0,0,0
220319501001,54,p,1,0,252.0,35.8311044962194,1,89.89166259765625,2,1,1,89.89166259765625,22031,0.0,0,0,0
220330040052,4,p,1,0,30.0,33.2804438004911,4,63.55691503150518,2,1,0,63.55691503150518,22033,0.02202799,0,0,1
220330040061,37,p,1,0,234.0,32.6460960643427,6,92.0966498931004,1,1,1,92.0966498931004,22033,0.02202799,0,0,1
220319505001,8,p,1,0,54.0,39.696689133325,2,139.08570861816406,2,1,2,139.08570861816406,22031,0.0,0,0,0
220319503001,7,p,1,0,94.0,34.887135048388,1,110.94285583496094,2,1,1,110.94285583496094,22031,0.0,0,0,0
220330051001,16,p,1,0,71.0,33.2890054049763,3,103.04896009325928,2,1,1,103.04896009325928,22033,0.02202799,0,0,1
220330046031,8,p,1,0,35.0,32.6697383173238,5,103.61666870117188,1,1,1,103.61666870117188,22033,0.02202799,0,0,1
220330017001,12,p,1,0,142.0,33.0919709433858,4,96.22837645487614,2,1,1,96.22837645487614,22033,0.02202799,0,0,1
220330019001,12,p,1,0,91.0,32.5035055029546,6,127.18420402770452,1,1,1,127.18420402770452,22033,0.02202799,0,0,1
221179501011,12,p,1,0,91.0,29.7792651548206,4,111.875,1,1,3,111.875,22117,0.0022141099999999,0,0,0
221179510003,8,p,1,0,91.0,30.0012898810476,4,127.0,1,1,4,127.0,22117,0.0022141099999999,0,0,0
220330019002,8,p,1,0,66.0,32.6583852110551,5,125.3621864846719,1,1,1,125.3621864846719,22033,0.02202799,0,0,1
220330019003,8,p,1,0,61.0,32.8720973597352,5,116.91227707725432,1,1,1,116.91227707725432,22033,0.02202799,0,0,1
220330020001,20,p,1,0,142.0,32.0920577284131,6,142.83503349472343,1,1,1,142.83503349472343,22033,0.02202799,0,0,1
220330020002,20,p,1,0,141.0,32.3057968814909,6,136.75964604473407,1,1,1,136.75964604473407,22033,0.02202799,0,0,1
220330037023,12,p,1,0,80.0,31.9267399163083,5,148.91311407122768,1,1,2,148.91311407122768,22033,0.02202799,0,0,1
220330037031,9,p,1,0,76.0,32.2802341166539,5,145.4331293787855,1,1,1,145.4331293787855,22033,0.02202799,0,0,1
220330037032,14,p,1,0,79.0,32.225237451734,5,146.03874296230745,1,1,2,146.03874296230745,22033,0.02202799,0,0,1
220330037034,18,p,1,0,98.0,32.0682811568486,5,148.07712521134718,1,1,2,148.07712521134718,22033,0.02202799,0,0,1
220330025004,12,p,1,0,150.0,33.5292242543982,4,60.626308262967555,2,1,0,60.626308262967555,22033,0.02202799,0,0,1
220330026011,4,p,1,0,114.0,33.3202986767749,4,62.74111207119013,2,1,0,62.74111207119013,22033,0.02202799,0,0,1
220330038013,67,p,1,0,588.0,32.9011110279927,5,100.0,1,1,1,100.0,22033,0.02202799,0,0,1
220330026012,8,p,1,0,155.0,33.3283556651697,4,71.12537271549098,2,1,1,71.12537271549098,22033,0.02202799,0,0,1
220330026022,4,p,1,0,158.0,33.2434870320704,4,75.19899821358169,2,1,1,75.19899821358169,22033,0.02202799,0,0,1
220330027001,8,p,1,0,48.0,33.1492776610729,4,94.05925428551323,2,1,1,94.05925428551323,22033,0.02202799,0,0,1
220330052002,4,p,1,0,108.0,33.5453485528003,3,66.04858704948782,2,1,0,66.04858704948782,22033,0.02202799,0,0,1
221030410043,35,p,1,0,134.0,30.7220911053399,4,207.6248480932955,1,2,3,207.6248480932955,22103,0.05873937,1,1,0
220330044013,12,p,1,0,169.0,30.7115879712388,4,186.8000030517578,1,2,1,186.8000030517578,22033,0.02202799,0,0,1
220330045051,63,p,1,0,264.0,34.7298669564906,4,98.73708486483724,2,1,1,98.73708486483724,22033,0.02202799,0,0,1
220330044011,9,p,1,0,148.0,30.5524543769135,4,183.58217335065768,1,2,1,183.58217335065768,22033,0.02202799,0,0,1
220330018001,8,p,1,0,43.0,32.4317724268771,5,128.54620701735217,1,1,1,128.54620701735217,22033,0.02202799,0,0,1
220330042033,8,p,1,0,48.0,32.3322691706157,4,159.56373618743868,1,2,0,159.56373618743868,22033,0.02202799,0,0,1
220330047001,20,p,1,0,102.0,31.2195093900139,5,203.0800018310547,1,2,1,203.0800018310547,22033,0.02202799,0,0,1
220330044035,12,p,1,0,42.0,32.2947007720699,4,148.46162529260505,1,1,1,148.46162529260505,22033,0.02202799,0,0,1
220330030002,8,p,1,0,41.0,33.2804287443352,4,94.6999969482422,2,1,1,94.6999969482422,22033,0.02202799,0,0,1
220330030001,9,p,1,0,47.0,32.6639148555085,4,135.93743614192647,1,1,1,135.93743614192647,22033,0.02202799,0,0,1
220330032022,12,p,1,0,102.0,31.0542145143367,4,176.0202854746227,1,2,0,176.0202854746227,22033,0.02202799,0,0,1
220330044032,25,p,1,0,97.0,32.8135431802028,5,159.3000030517578,1,2,0,159.3000030517578,22033,0.02202799,0,0,1
220330044033,13,p,1,0,115.0,31.904084324471,4,160.16349973257593,1,2,0,160.16349973257593,22033,0.02202799,0,0,1
220330047002,14,p,1,0,77.0,28.8608243551536,4,226.26666259765625,1,2,0,226.26666259765625,22033,0.02202799,0,0,1
220330043012,20,p,1,0,177.0,30.1884269764317,5,199.3999938964844,1,2,1,199.3999938964844,22033,0.02202799,0,0,1
220330044012,12,p,1,0,106.0,30.7068776307229,5,197.6000061035156,1,2,0,197.6000061035156,22033,0.02202799,0,0,1
220330039041,11,p,1,0,62.0,32.8280809598166,5,135.71365222594753,1,1,1,135.71365222594753,22033,0.02202799,0,0,1
220330040054,12,p,1,0,167.0,33.1255200482188,5,80.30000305175781,2,1,1,80.30000305175781,22033,0.02202799,0,0,1
220330035064,12,p,1,0,109.0,31.6946967401666,5,153.37613121039897,1,2,0,153.37613121039897,22033,0.02202799,0,0,1
220710006042,18,p,1,0,50.0,30.3143565796536,5,86.95978018672155,1,1,3,86.95978018672155,22071,0.06577263,1,1,1
220330040161,25,p,1,0,235.0,34.6640383741269,4,72.6645490529761,2,1,1,72.6645490529761,22033,0.02202799,0,0,1
220330042032,6,p,1,0,46.0,31.9664207999099,4,185.6000061035156,1,2,0,185.6000061035156,22033,0.02202799,0,0,1
220330043011,11,p,1,0,144.0,29.9182445843471,4,216.8000030517578,1,2,0,216.8000030517578,22033,0.02202799,0,0,1
220330044022,24,p,1,0,256.0,31.468810256221,4,158.89999389648438,1,2,0,158.89999389648438,22033,0.02202799,0,0,1
220730009001,4,p,1,0,55.0,22.8492331204497,1,122.32038997654756,1,1,1,122.32038997654756,22073,0.0,0,0,0
220170247001,9,p,1,0,48.0,30.993929776163,2,37.900001525878906,1,1,0,37.900001525878906,22017,0.0,0,0,0
220170247002,8,p,1,0,83.0,30.6445324250574,2,36.84088610191386,1,1,0,36.84088610191386,22017,0.0,0,0,0
220170250003,4,p,1,0,119.0,23.6367809382924,2,43.099998474121094,1,1,0,43.099998474121094,22017,0.0,0,0,0
220170239032,35,p,1,0,186.0,33.8336641169265,1,48.94275836535587,2,1,0,48.94275836535587,22017,0.0,0,0,0
220170239033,12,p,1,0,141.0,33.6175468916472,1,60.599998474121094,2,1,0,60.599998474121094,22017,0.0,0,0,0
220170240003,31,p,1,0,272.0,33.0310679297231,1,74.30000305175781,2,1,1,74.30000305175781,22017,0.0,0,0,0
220170243042,22,p,1,0,149.0,30.2480748279872,2,56.79999923706055,1,1,0,56.79999923706055,22017,0.0,0,0,0
220170244001,28,p,1,0,102.0,30.2999741397073,2,37.82255914756373,1,1,0,37.82255914756373,22017,0.0,0,0,0
220170246022,12,p,1,0,28.0,30.470157283199,2,43.0,1,1,0,43.0,22017,0.0,0,0,0
220170246025,4,p,1,0,61.0,30.5736989726371,2,39.79999923706055,1,1,0,39.79999923706055,22017,0.0,0,0,0
221179503003,19,p,1,0,73.0,37.4071268445763,3,106.9000015258789,2,1,1,106.9000015258789,22117,0.0022141099999999,0,0,0
221059540012,8,p,1,0,48.0,35.5671508704467,3,126.80183654193256,2,1,1,126.80183654193256,22105,0.00826522,0,1,1
221059540022,20,p,1,0,111.0,36.321835753286,3,99.5,2,1,1,99.5,22105,0.00826522,0,1,1
221179501012,4,p,1,0,96.0,29.5298955394749,4,117.8000030517578,1,1,2,117.8000030517578,22117,0.0022141099999999,0,0,0
221179509001,18,p,1,0,103.0,29.8792314718631,4,113.3300652118802,1,1,4,113.3300652118802,22117,0.0022141099999999,0,0,0
221179501021,29,p,1,0,152.0,33.8420860418056,3,76.37857818603516,2,1,1,76.37857818603516,22117,0.0022141099999999,0,0,0
221139501001,72,p,1,0,312.0,39.1509505278698,3,130.5500030517578,2,1,3,130.5500030517578,22113,12.34417553,0,1,0
221139505002,17,p,1,0,126.0,36.7582963345498,4,110.0500030517578,2,1,4,110.0500030517578,22113,12.34417553,0,1,0
221139509021,46,p,1,0,230.0,41.0561895788716,3,160.3000030517578,2,2,3,160.3000030517578,22113,12.34417553,0,1,1
220399501002,20,p,1,0,95.0,35.0647563066007,2,307.7699890136719,2,2,2,307.7699890136719,22039,4.6647587800000005,0,0,0
220190022012,49,p,1,0,249.0,46.7470135773595,2,267.8999938964844,2,2,0,267.8999938964844,22019,32.47305225,0,1,0
220190022032,40,p,1,0,247.0,48.2628877345777,2,288.7257669794793,2,2,1,288.7257669794793,22019,32.47305225,0,1,0
220190022042,29,p,1,0,204.0,46.9053319479305,3,292.9065651496242,2,2,0,292.9065651496242,22019,32.47305225,0,1,0
220190022043,23,p,1,0,138.0,47.4341204388293,3,350.3999938964844,2,2,0,350.3999938964844,22019,32.47305225,0,1,0
220510217004,18,p,1,0,90.0,29.3814806030843,5,96.8000030517578,1,1,3,96.8000030517578,22051,0.05823747,1,1,1
220510230011,17,p,1,0,137.0,29.5234035279067,5,102.20974104024523,1,1,2,102.20974104024523,22051,0.05823747,1,1,1
220330039042,9,p,1,0,87.0,32.3689867923559,5,144.07425957486512,1,1,2,144.07425957486512,22033,0.02202799,0,0,1
220330001001,12,p,1,0,50.0,32.4849627868639,4,156.4416547576295,1,2,0,156.4416547576295,22033,0.02202799,0,0,1
221139504003,16,p,1,0,92.0,36.1488606292061,3,113.20333397734883,2,1,4,113.20333397734883,22113,12.34417553,0,1,0
220330003001,4,p,1,0,52.0,32.6508466809526,4,139.41368410216072,1,1,1,139.41368410216072,22033,0.02202799,0,0,1
220690004002,4,p,1,0,69.0,34.3215770197746,3,144.10000610351562,2,1,4,144.10000610351562,22069,0.0,0,0,0
220190018011,48,p,1,0,138.0,54.727386399093,3,179.16000366210938,2,2,0,179.16000366210938,22019,32.47305225,1,1,0
221010408001,30,p,1,0,198.0,37.1903060846942,4,68.84782409667969,2,1,0,68.84782409667969,22101,0.68496657,1,1,1
221010405001,20,p,1,0,125.0,37.6584418755019,5,57.525573974471904,2,1,0,57.525573974471904,22101,0.68496657,1,1,1
221010402002,25,p,1,0,159.0,37.1340431966497,4,59.571059716359485,2,1,0,59.571059716359485,22101,0.68496657,1,1,1
221010409001,8,p,1,0,93.0,36.3540937031294,5,73.8778568613431,2,1,1,73.8778568613431,22101,0.68496657,1,1,1
221010407003,12,p,1,0,95.0,38.8163896585292,5,63.51609012636737,2,1,0,63.51609012636737,22101,0.68496657,1,1,1
221010405002,20,p,1,0,238.0,38.2357647364549,5,57.400001525878906,2,1,0,57.400001525878906,22101,0.68496657,1,1,1
220430201002,4,p,1,0,64.0,28.8727910183769,3,183.7611083984375,1,2,0,183.7611083984375,22043,0.0,0,0,0
220430204014,9,p,1,0,62.0,32.4675338707661,3,166.0600128173828,1,2,1,166.0600128173828,22043,0.0,0,0,0
220430202001,14,p,1,0,134.0,36.5915764859228,3,122.9888916015625,2,1,2,122.9888916015625,22043,0.0,0,0,0
220430204012,18,p,1,0,152.0,28.1840336238,3,227.1999969482422,1,2,0,227.1999969482422,22043,0.0,0,0,0
220430202002,4,p,1,0,51.0,34.0789706299588,1,135.74444580078125,2,1,2,135.74444580078125,22043,0.0,0,0,0
220430204013,13,p,1,0,101.0,32.220275982463,3,177.33749389648438,1,2,0,177.33749389648438,22043,0.0,0,0,0
220430204021,37,p,1,0,293.0,31.4262156618189,3,204.6999969482422,1,2,1,204.6999969482422,22043,0.0,0,0,0
220430201001,16,p,1,0,87.0,28.9518394586438,3,142.0785675048828,1,1,2,142.0785675048828,22043,0.0,0,0,0
220430204011,4,p,1,0,38.0,27.2261050428041,3,219.3999938964844,1,2,0,219.3999938964844,22043,0.0,0,0,0
220430203001,8,p,1,0,52.0,36.7506708031778,2,175.0625,2,2,1,175.0625,22043,0.0,0,0,0
220430204015,19,p,1,0,157.0,30.7288555352094,3,206.8666534423828,1,2,0,206.8666534423828,22043,0.0,0,0,0
220239702013,8,p,1,0,96.0,51.0368307955479,3,170.89999389648438,2,2,4,170.89999389648438,22023,89.29875362,1,1,0
220570211005,12,p,1,0,77.0,33.0599060072619,4,113.60000610351562,2,1,4,113.60000610351562,22057,0.52554993,1,1,1
220570215002,8,p,1,0,67.0,32.982070401465,5,118.5999984741211,1,1,5,118.5999984741211,22057,0.52554993,1,1,1
220570215003,16,p,1,0,73.0,32.3504695940799,5,116.74321456142326,1,1,5,116.74321456142326,22057,0.52554993,1,1,1
220570215004,8,p,1,0,83.0,32.4328940397964,5,113.00643297210722,1,1,5,113.00643297210722,22057,0.52554993,1,1,1
220690002002,4,p,1,0,91.0,31.9134408728635,4,180.51251220703125,1,2,3,180.51251220703125,22069,0.0,0,0,0
220690005002,16,p,1,0,85.0,32.7633255830777,4,146.39280954234107,1,1,3,146.39280954234107,22069,0.0,0,0,0
221059535002,22,p,1,0,75.0,34.7424984359942,3,128.6333465576172,2,1,1,128.6333465576172,22105,0.00826522,0,1,0
221059539002,36,p,1,0,96.0,35.6848573901613,3,186.0,2,2,0,186.0,22105,0.00826522,0,1,1
221059539004,30,p,1,0,170.0,35.8644581524286,3,164.60000610351562,2,2,0,164.60000610351562,22105,0.00826522,0,1,1
220690006003,4,p,1,0,67.0,31.2143900110048,4,136.98282677093633,1,1,3,136.98282677093633,22069,0.0,0,0,0
221090009004,12,p,1,0,63.0,34.2652821684249,3,178.1844730968932,2,2,2,178.1844730968932,22109,0.7674244,1,1,1
221010401002,8,p,1,0,88.0,37.4092673652784,4,80.69999694824219,2,1,1,80.69999694824219,22101,0.68496657,1,1,1
220190026001,13,p,1,0,121.0,52.7056503000529,2,226.7216503502075,2,2,3,226.7216503502075,22019,32.47305225,0,1,0
220190026004,23,p,1,0,84.0,52.6898405792431,2,218.1426460923869,2,2,3,218.1426460923869,22019,32.47305225,0,1,0
220190027004,70,p,1,0,286.0,52.5782397196604,3,190.16000366210935,2,2,3,190.16000366210935,22019,32.47305225,0,1,0
220190028003,12,p,1,0,79.0,51.7024705315725,2,188.9426338032699,2,2,3,188.9426338032699,22019,32.47305225,0,1,0
220190028001,10,p,1,0,125.0,51.9511857393497,3,188.17641839872272,2,2,3,188.17641839872272,22019,32.47305225,0,1,0
220710017301,5,p,1,0,52.0,38.6519197235223,4,132.25,2,1,4,132.25,22071,0.06577263,1,1,0
220399503003,16,p,1,0,92.0,35.0915736114522,3,228.61001586914065,2,2,2,228.61001586914065,22039,4.6647587800000005,0,0,0
220399502002,8,p,1,0,77.0,34.5221128915169,4,379.6466674804687,2,2,2,379.6466674804687,22039,4.6647587800000005,0,0,0
220399501004,20,p,1,0,163.0,34.8756765624208,3,253.65554809570312,2,2,2,253.65554809570312,22039,4.6647587800000005,0,0,0
220399508002,16,p,1,0,91.0,34.8817338432353,3,194.4142913818359,2,2,2,194.4142913818359,22039,4.6647587800000005,0,0,1
220399501003,12,p,1,0,182.0,34.7277910613631,2,333.5999755859375,2,2,2,333.5999755859375,22039,4.6647587800000005,0,0,0
220399504001,12,p,1,0,114.0,34.5770451157875,3,259.3000183105469,2,2,2,259.3000183105469,22039,4.6647587800000005,0,0,0
220399508003,28,p,1,0,90.0,38.4705038226852,3,207.44285583496097,2,2,2,207.44285583496097,22039,4.6647587800000005,0,0,0
220399507001,8,p,1,0,83.0,36.0718519676635,3,172.8000030517578,2,2,1,172.8000030517578,22039,4.6647587800000005,0,0,1
220399504003,9,p,1,0,89.0,37.476170439328,3,237.98974714766015,2,2,2,237.98974714766015,22039,4.6647587800000005,0,0,0
220450303012,6,p,1,0,114.0,37.6950363663854,5,111.06754930248654,2,1,3,111.06754930248654,22045,3.09661809,0,1,1
220419501001,23,p,1,0,96.0,20.7104504406168,0,148.1266632080078,1,1,1,148.1266632080078,22041,0.00585853,0,0,0
220550020012,41,p,1,0,160.0,39.1972387228926,3,141.39999389648438,2,1,3,141.39999389648438,22055,1.5760870500000002,0,0,1
220550020013,13,p,1,0,102.0,38.0167611131249,4,174.99616204740042,2,2,2,174.99616204740042,22055,1.5760870500000002,0,0,1
220550020021,25,p,1,0,205.0,37.0764562280364,3,194.3999938964844,2,2,2,194.3999938964844,22055,1.5760870500000002,0,0,1
220550020022,24,p,1,0,86.0,38.1692952721252,3,159.42377302334654,2,2,2,159.42377302334654,22055,1.5760870500000002,0,0,1
220550020023,16,p,1,0,89.0,37.6408360676154,3,156.8000030517578,2,2,2,156.8000030517578,22055,1.5760870500000002,0,0,1
220550021011,18,p,1,0,171.0,37.8364017406003,4,183.3000030517578,2,2,2,183.3000030517578,22055,1.5760870500000002,0,0,1
220710017254,4,p,1,0,63.0,32.3967541521437,5,91.02217186191425,1,1,3,91.02217186191425,22071,0.06577263,1,1,0
220550021012,27,p,1,0,204.0,36.5189991802365,3,175.40778165698305,2,2,2,175.40778165698305,22055,1.5760870500000002,0,0,1
220550021013,8,p,1,0,91.0,36.5623242826234,3,182.097585274542,2,2,2,182.097585274542,22055,1.5760870500000002,0,0,1
220550021022,18,p,1,0,199.0,36.7773052212361,2,160.60000610351562,2,2,2,160.60000610351562,22055,1.5760870500000002,0,0,1
220550021032,9,p,1,0,69.0,35.3961052893119,3,173.33918858092665,2,2,2,173.33918858092665,22055,1.5760870500000002,0,0,1
220550021033,8,p,1,0,129.0,35.3544962552674,3,176.5,2,2,2,176.5,22055,1.5760870500000002,0,0,1
220550016001,11,p,1,0,83.0,36.7711880261618,3,155.7242131759676,2,2,2,155.7242131759676,22055,1.5760870500000002,0,0,1
220870307001,8,p,1,0,39.0,30.6701299717272,5,93.62617546320487,1,1,3,93.62617546320487,22087,1.14608952,1,1,0
220950709002,6,p,1,0,72.0,31.7412529425598,4,144.3000030517578,1,1,3,144.3000030517578,22095,0.2488945099999999,1,1,1
220950702003,14,p,1,0,85.0,32.8788591393623,4,149.58553700576138,1,1,2,149.58553700576138,22095,0.2488945099999999,1,1,1
220870301031,13,p,1,0,41.0,32.9577911341113,5,113.4000015258789,1,1,3,113.4000015258789,22087,1.14608952,1,1,0
220870302083,20,p,1,0,80.0,32.2332928515884,5,108.1175599186162,1,1,3,108.1175599186162,22087,1.14608952,1,1,0
220870301042,21,p,1,0,68.0,38.3263470264634,4,132.18552878108642,2,1,5,132.18552878108642,22087,1.14608952,1,1,0
220870302094,13,p,1,0,55.0,31.5346073304616,5,106.67311814595485,1,1,3,106.67311814595485,22087,1.14608952,1,1,0
220870301041,18,p,1,0,85.0,38.5959919746648,4,135.0,2,1,5,135.0,22087,1.14608952,1,1,0
220419506001,23,p,1,0,81.0,26.4532320527168,2,169.89999389648438,1,2,0,169.89999389648438,22041,0.00585853,0,0,0
220419502002,12,p,1,0,57.0,24.4719305442412,2,187.5666656494141,1,2,0,187.5666656494141,22041,0.00585853,0,0,0
220419501002,29,p,1,0,167.0,20.6042062464231,0,174.63333129882812,1,2,0,174.63333129882812,22041,0.00585853,0,0,0
220419505002,13,p,1,0,80.0,26.9775090752288,2,163.5,1,2,0,163.5,22041,0.00585853,0,0,0
220419502003,33,p,1,0,127.0,24.7766776521987,2,172.9666748046875,1,2,0,172.9666748046875,22041,0.00585853,0,0,0
220419501003,38,p,1,0,130.0,20.9147980926143,0,135.89999389648438,1,1,1,135.89999389648438,22041,0.00585853,0,0,0
220950707003,8,p,1,0,53.0,31.0811231712239,4,143.4784220790153,1,1,2,143.4784220790153,22095,0.2488945099999999,1,1,1
220419503001,17,p,1,0,130.0,23.1543731249961,1,178.63714868690113,1,2,0,178.63714868690113,22041,0.00585853,0,0,0
220419504003,12,p,1,0,115.0,24.9685742675564,2,164.34999084472656,1,2,0,164.34999084472656,22041,0.00585853,0,0,0
221059534003,47,p,1,0,216.0,36.8210542898658,3,139.8000030517578,2,1,2,139.8000030517578,22105,0.00826522,0,1,0
220419503004,4,p,1,0,59.0,24.0040660076986,1,179.91748167824923,1,2,0,179.91748167824923,22041,0.00585853,0,0,0
220419503005,16,p,1,0,89.0,23.7572142846087,1,176.99456940544923,1,2,0,176.99456940544923,22041,0.00585853,0,0,0
220419505001,8,p,1,0,98.0,24.5215180018469,1,173.1374969482422,1,2,0,173.1374969482422,22041,0.00585853,0,0,0
220419506002,12,p,1,0,85.0,27.4441235201959,2,195.54286193847656,1,2,0,195.54286193847656,22041,0.00585853,0,0,0
221059539001,12,p,1,0,126.0,35.5626509024012,3,137.10000610351562,2,1,1,137.10000610351562,22105,0.00826522,0,1,1
221010408002,12,p,1,0,152.0,39.5928060503343,5,53.25714111328125,2,1,0,53.25714111328125,22101,0.68496657,1,1,1
220550014011,74,p,1,0,488.0,38.0410323218666,3,132.26815128070507,2,1,3,132.26815128070507,22055,1.5760870500000002,0,0,1
220550014012,37,p,1,0,222.0,38.5055663962111,3,130.68541097144998,2,1,3,130.68541097144998,22055,1.5760870500000002,0,0,1
220550014013,36,p,1,0,268.0,39.1085325238978,3,133.8058679310558,2,1,3,133.8058679310558,22055,1.5760870500000002,0,0,0
220550014022,60,p,1,0,323.0,37.2088598337277,3,144.10249085013623,2,1,4,144.10249085013623,22055,1.5760870500000002,0,0,1
220550014023,29,p,1,0,226.0,40.5282542323184,3,142.10000610351562,2,1,4,142.10000610351562,22055,1.5760870500000002,0,0,1
220550014031,38,p,1,0,229.0,37.7182831732738,3,135.05877689388447,2,1,3,135.05877689388447,22055,1.5760870500000002,0,0,1
220550014021,53,p,1,0,259.0,38.2495652004602,3,130.1559233933103,2,1,4,130.1559233933103,22055,1.5760870500000002,0,0,1
220750502003,25,p,1,0,144.0,30.4462790303824,5,100.67566365824676,1,1,3,100.67566365824676,22075,1.49824733,1,1,1
220750502004,29,p,1,0,167.0,30.428991832924,5,100.6611597288687,1,1,3,100.6611597288687,22075,1.49824733,1,1,1
220750502005,22,p,1,0,124.0,30.4641338156342,5,99.96198382764712,1,1,3,99.96198382764712,22075,1.49824733,1,1,1
220750503001,17,p,1,0,181.0,30.4510253220063,5,100.1999969482422,1,1,3,100.1999969482422,22075,1.49824733,1,1,1
220750503003,19,p,1,0,76.0,30.4282752679341,5,94.15058865672522,1,1,3,94.15058865672522,22075,1.49824733,1,1,1
220750504002,28,p,1,0,232.0,32.8943731523951,5,95.3499984741211,1,1,6,95.3499984741211,22075,1.49824733,1,1,1
220150111103,57,p,1,0,200.0,30.6604539300851,2,38.0,1,1,0,38.0,22015,0.0,0,0,0
220750508002,8,p,1,0,71.0,37.2690595138772,4,98.96466669517922,2,1,2,98.96466669517922,22075,1.49824733,1,1,0
220730109002,15,p,1,0,72.0,22.8223981541438,1,139.5583266634925,1,1,1,139.5583266634925,22073,0.0,0,0,0
220990202002,13,p,1,0,81.0,34.1190233694353,2,124.1500015258789,2,1,3,124.1500015258789,22099,2.17976609,0,1,1
220990202001,26,p,1,0,145.0,34.2540837609811,2,165.73333740234375,2,2,3,165.73333740234375,22099,2.17976609,0,1,1
220990204003,12,p,1,0,158.0,38.3123798381407,4,120.3000030517578,2,1,4,120.3000030517578,22099,2.17976609,0,1,1
220990208001,12,p,1,0,82.0,36.7348431789264,4,103.63333129882812,2,1,2,103.63333129882812,22099,2.17976609,0,1,1
220550014032,44,p,1,0,379.0,37.2511140859742,3,144.12506232161974,2,1,3,144.12506232161974,22055,1.5760870500000002,0,0,1
220550014041,22,p,1,0,221.0,36.4289791974062,3,157.5,2,2,2,157.5,22055,1.5760870500000002,0,0,1
220730052031,4,p,1,0,85.0,22.8807986553696,1,103.72464963155645,1,1,2,103.72464963155645,22073,0.0,0,0,0
220730105022,21,p,1,0,116.0,24.2072594107471,2,138.3000030517578,1,1,1,138.3000030517578,22073,0.0,0,0,0
220730102021,64,p,1,0,402.0,21.453063979572,1,95.4499969482422,1,1,1,95.4499969482422,22073,0.0,0,0,0
220730102023,28,p,1,0,163.0,20.8820792201821,0,122.0,1,1,1,122.0,22073,0.0,0,0,0
220730104003,32,p,1,0,115.0,25.9105852293547,2,110.75,1,1,2,110.75,22073,0.0,0,0,0
220479527002,8,p,1,0,137.0,35.0863979502265,4,63.491780109225495,2,1,0,63.491780109225495,22047,0.33403865,0,1,1
220730052012,74,p,1,0,337.0,25.5112611684083,2,96.25,1,1,2,96.25,22073,0.0,0,0,0
220730103022,8,p,1,0,70.0,23.2988867182918,1,100.5500030517578,1,1,2,100.5500030517578,22073,0.0,0,0,0
220730051002,20,p,1,0,130.0,23.316499923348,1,91.66666412353516,1,1,2,91.66666412353516,22073,0.0,0,0,0
220730054002,20,p,1,0,138.0,22.8131260291577,2,104.84904122873168,1,1,2,104.84904122873168,22073,0.0,0,0,0
220730105021,63,p,1,0,268.0,24.722094126051,2,119.0999984741211,1,1,2,119.0999984741211,22073,0.0,0,0,0
220730104006,69,p,1,0,225.0,25.2046160704824,2,99.5999984741211,1,1,2,99.5999984741211,22073,0.0,0,0,0
220730104005,46,p,1,0,190.0,28.845330449471,2,112.5999984741211,1,1,2,112.5999984741211,22073,0.0,0,0,0
220730006001,6,p,1,0,75.0,22.9667403298489,1,151.24314442065608,1,2,0,151.24314442065608,22073,0.0,0,0,0
220730105045,8,p,1,0,68.0,22.6909699427662,2,108.5,1,1,2,108.5,22073,0.0,0,0,0
220730059002,17,p,1,0,88.0,22.2900086340891,2,111.0,1,1,1,111.0,22073,0.0,0,0,0
220730103011,22,p,1,0,207.0,23.195798360587,1,111.4000015258789,1,1,1,111.4000015258789,22073,0.0,0,0,0
220730104002,23,p,1,0,143.0,26.1216271875401,2,104.5,1,1,2,104.5,22073,0.0,0,0,0
220730104004,50,p,1,0,207.0,27.7717078826513,2,107.4749984741211,1,1,2,107.4749984741211,22073,0.0,0,0,0
220730105042,32,p,1,0,144.0,24.7601661066937,2,113.3000030517578,1,1,2,113.3000030517578,22073,0.0,0,0,0
220730106042,4,p,1,0,46.0,21.3450331551362,1,167.58889770507812,1,2,0,167.58889770507812,22073,0.0,0,0,0
220730001002,4,p,1,0,70.0,22.8718822975349,2,112.59183739002248,1,1,2,112.59183739002248,22073,0.0,0,0,0
220730001003,4,p,1,0,45.0,22.8396375152293,2,113.3753690358277,1,1,2,113.3753690358277,22073,0.0,0,0,0
220730001004,13,p,1,0,61.0,22.9050601050714,2,115.729071607576,1,1,2,115.729071607576,22073,0.0,0,0,0
220950704001,48,p,1,0,201.0,33.0053094448495,3,140.2086829946503,2,1,2,140.2086829946503,22095,0.2488945099999999,1,1,1
220950703001,8,p,1,0,68.0,32.1852487488425,4,145.5044424817555,1,1,3,145.5044424817555,22095,0.2488945099999999,1,1,1
220950703002,13,p,1,0,54.0,32.4633594496835,4,151.62154702963343,1,2,1,151.62154702963343,22095,0.2488945099999999,1,1,1
220950703003,16,p,1,0,97.0,32.193971479458,4,151.5279036681175,1,2,1,151.5279036681175,22095,0.2488945099999999,1,1,1
220950707002,19,p,1,0,109.0,31.6924772131949,4,141.7020000081169,1,1,2,141.7020000081169,22095,0.2488945099999999,1,1,1
220950707004,24,p,1,0,37.0,31.4443106435892,4,143.44929105668027,1,1,2,143.44929105668027,22095,0.2488945099999999,1,1,1
220730106041,4,p,1,0,47.0,22.1327932300715,1,143.60000610351562,1,1,1,143.60000610351562,22073,0.0,0,0,0
220950709001,6,p,1,0,35.0,31.3053536005629,4,146.8860709456028,1,1,3,146.8860709456028,22095,0.2488945099999999,1,1,1
220730109001,12,p,1,0,84.0,22.8338479154686,1,138.60000610351562,1,1,1,138.60000610351562,22073,0.0,0,0,0
220730011002,4,p,1,0,62.0,22.6836788575819,1,131.18089329284328,1,1,1,131.18089329284328,22073,0.0,0,0,0
220570217003,12,p,1,0,84.0,33.3387740703098,3,133.24368045484783,2,1,3,133.24368045484783,22057,0.52554993,1,1,1
220730001005,7,p,1,0,102.0,22.9346404510108,2,114.62208269326574,1,1,2,114.62208269326574,22073,0.0,0,0,0
220730002003,15,p,1,0,90.0,23.1349432578739,1,111.3020632933904,1,1,2,111.3020632933904,22073,0.0,0,0,0
220730103021,29,p,1,0,183.0,23.639185665523,1,89.9000015258789,1,1,3,89.9000015258789,22073,0.0,0,0,0
220730052041,12,p,1,0,167.0,22.8511145166255,1,102.83867849349464,1,1,2,102.83867849349464,22073,0.0,0,0,0
220730002004,23,p,1,0,170.0,23.0372261812999,1,104.56340365219374,1,1,2,104.56340365219374,22073,0.0,0,0,0
220730101013,33,p,1,0,169.0,21.401584020163,1,117.2249984741211,1,1,1,117.2249984741211,22073,0.0,0,0,0
220730105041,34,p,1,0,111.0,24.9851775054071,2,110.0,1,1,2,110.0,22073,0.0,0,0,0
220730106034,6,p,1,0,62.0,20.1098802090819,0,139.85000610351562,1,1,1,139.85000610351562,22073,0.0,0,0,0
220510279022,40,p,1,0,198.0,39.3204107056526,3,110.81663484671016,2,1,1,110.81663484671016,22051,0.05823747,1,1,1
220510220012,8,p,1,0,77.0,29.5729279392104,5,103.6108777418706,1,1,3,103.6108777418706,22051,0.05823747,1,1,1
220510250023,7,p,1,0,74.0,30.2775591378095,5,88.65877372937503,1,1,3,88.65877372937503,22051,0.05823747,1,1,1
220690003003,27,p,1,0,193.0,31.8775577818053,4,161.46665954589844,1,2,3,161.46665954589844,22069,0.0,0,0,0
220170240004,30,p,1,0,226.0,33.3752049367171,1,62.88426697894491,2,1,0,62.88426697894491,22017,0.0,0,0,0
220730002002,8,p,1,0,92.0,23.0805234894965,1,110.72536275828088,1,1,2,110.72536275828088,22073,0.0,0,0,0
220730053011,62,p,1,0,335.0,25.3411232326212,1,101.5999984741211,1,1,2,101.5999984741211,22073,0.0,0,0,0
220950704002,15,p,1,0,68.0,32.4479994159861,4,144.41785096183003,1,1,3,144.41785096183003,22095,0.2488945099999999,1,1,1
220950710001,24,p,1,0,71.0,31.1380297330368,4,157.26312935194736,1,2,1,157.26312935194736,22095,0.2488945099999999,1,1,1
220730002005,12,p,1,0,64.0,23.1169108256817,1,111.91107555082122,1,1,2,111.91107555082122,22073,0.0,0,0,0
220570218004,29,p,1,0,115.0,33.4472293996514,3,157.68642173208914,2,2,2,157.68642173208914,22057,0.52554993,1,1,1
220730052032,19,p,1,0,77.0,22.9496091291887,1,101.66442592576048,1,1,2,101.66442592576048,22073,0.0,0,0,0
220779521002,18,p,1,0,122.0,34.4791721569816,3,73.5666732788086,2,1,1,73.5666732788086,22077,0.4857803799999999,0,0,1
220779524001,12,p,1,0,164.0,35.0214063094814,1,62.54999923706055,2,1,0,62.54999923706055,22077,0.4857803799999999,0,0,1
220779524003,20,p,1,0,115.0,35.328499659366,1,89.52000427246094,2,1,1,89.52000427246094,22077,0.4857803799999999,0,0,1
220730001001,11,p,1,0,80.0,22.9251731066465,2,108.74341463644896,1,1,2,108.74341463644896,22073,0.0,0,0,0
220510278043,14,p,1,0,107.0,30.1893329886863,5,93.20959292586146,1,1,3,93.20959292586146,22051,0.05823747,1,1,1
220510278051,40,p,1,0,148.0,30.1261697411552,5,90.89511383841084,1,1,3,90.89511383841084,22051,0.05823747,1,1,1
220510278062,33,p,1,0,124.0,29.8337931193379,5,88.84145167356179,1,1,5,88.84145167356179,22051,0.05823747,1,1,1
220510278063,48,p,1,0,194.0,29.8337975595675,5,88.85241708460006,1,1,5,88.85241708460006,22051,0.05823747,1,1,1
220510278071,46,p,1,0,166.0,29.9633981650607,5,88.3549605740331,1,1,4,88.3549605740331,22051,0.05823747,1,1,1
220479531013,24,p,1,0,92.0,34.8450853502043,4,60.29999923706055,2,1,0,60.29999923706055,22047,0.33403865,0,1,1
221190316002,45,p,1,0,231.0,33.7660316366157,1,150.5500030517578,2,2,1,150.5500030517578,22119,0.0,0,0,0
221190319003,14,p,1,0,66.0,35.3355237902041,1,131.71790602346027,2,1,2,131.71790602346027,22119,0.0,0,0,0
220510278073,34,p,1,0,125.0,29.9208650004379,5,86.2973276466364,1,1,4,86.2973276466364,22051,0.05823747,1,1,1
220510278072,27,p,1,0,157.0,30.3170853295813,5,87.63334310249921,1,1,5,87.63334310249921,22051,0.05823747,1,1,1
220510278092,42,p,1,0,245.0,30.9778753189539,5,87.88460065977509,1,1,5,87.88460065977509,22051,0.05823747,1,1,1
220510278094,49,p,1,0,191.0,32.7561642462197,5,85.0,1,1,4,85.0,22051,0.05823747,1,1,1
220510278103,16,p,1,0,58.0,29.9526543432112,5,88.06562037590592,1,1,4,88.06562037590592,22051,0.05823747,1,1,1
220510278111,12,p,1,0,37.0,29.9930528657495,5,88.67632672561706,1,1,4,88.67632672561706,22051,0.05823747,1,1,1
220990205021,4,p,1,0,63.0,37.8512211401455,2,128.78367633022273,2,1,4,128.78367633022273,22099,2.17976609,0,1,1
220990205013,21,p,1,0,114.0,37.2569472193895,3,149.6800079345703,2,1,4,149.6800079345703,22099,2.17976609,0,1,1
221030406042,63,p,1,0,295.0,29.1926817959605,5,113.48641044251416,1,1,2,113.48641044251416,22103,0.05873937,0,1,0
220479527001,20,p,1,0,152.0,34.4317966302726,4,68.0999984741211,2,1,0,68.0999984741211,22047,0.33403865,0,1,1
220479527003,4,p,1,0,110.0,34.9774320465518,4,58.34798858371682,2,1,0,58.34798858371682,22047,0.33403865,0,1,1
220790132003,33,p,1,0,239.0,30.4205021022614,4,224.22000122070312,1,2,1,224.22000122070312,22079,4.49269524,0,0,0
220510278052,10,p,1,0,116.0,30.1196224742309,5,90.86626854859888,1,1,3,90.86626854859888,22051,0.05823747,1,1,1
220510278061,17,p,1,0,84.0,29.8315769539231,5,88.93009920423307,1,1,6,88.93009920423307,22051,0.05823747,1,1,1
220510205084,9,p,1,0,143.0,28.9969747343852,5,135.32234039383698,1,1,3,135.32234039383698,22051,0.05823747,1,1,1
221159504002,4,p,1,0,71.0,41.6682273086348,2,150.17428469441816,2,2,3,150.17428469441816,22115,19.00196373,0,0,0
221159503001,28,p,1,0,130.0,46.1568634032703,3,137.9250030517578,2,1,4,137.9250030517578,22115,19.00196373,0,0,0
221159502003,12,p,1,0,96.0,48.5770938887981,3,191.8999938964844,2,2,2,191.8999938964844,22115,19.00196373,0,0,0
221159508002,8,p,1,0,48.0,40.8050776137518,3,216.4199981689453,2,2,3,216.4199981689453,22115,19.00196373,0,0,0
221159502001,15,p,1,0,75.0,34.0969170330617,2,144.52000427246094,2,1,3,144.52000427246094,22115,19.00196373,0,0,0
221159509004,27,p,1,0,132.0,49.1323921301483,2,157.8249969482422,2,2,3,157.8249969482422,22115,19.00196373,0,0,0
221159506003,18,p,1,0,87.0,40.6963666921014,2,164.4499969482422,2,2,3,164.4499969482422,22115,19.00196373,0,0,0
221159501001,17,p,1,0,58.0,40.1121416250561,2,151.55862426757812,2,2,2,151.55862426757812,22115,19.00196373,0,0,0
221190312003,23,p,1,0,127.0,29.7401345642439,2,59.4666633605957,1,1,0,59.4666633605957,22119,0.0,0,0,0
220550021034,12,p,1,0,97.0,35.5850905150505,3,173.86196701813003,2,2,2,173.86196701813003,22055,1.5760870500000002,0,0,1
221190314003,28,p,1,0,116.0,30.3259151064754,2,50.133331298828125,1,1,0,50.133331298828125,22119,0.0,0,0,0
220450301001,19,p,1,0,170.0,31.9449120919024,5,72.05172729492188,1,1,2,72.05172729492188,22045,3.09661809,1,1,1
220450304001,7,p,1,0,46.0,37.9627681075558,4,112.22856903076172,2,1,3,112.22856903076172,22045,3.09661809,1,1,1
220790115001,27,p,1,0,175.0,31.4606462428086,3,235.13423510723223,1,2,1,235.13423510723223,22079,4.49269524,0,0,0
220790134002,38,p,1,0,178.0,32.8567656968545,4,262.6666564941406,1,2,1,262.6666564941406,22079,4.49269524,0,0,0
220790105003,37,p,1,0,195.0,31.5952812529325,3,229.1000061035156,1,2,1,229.1000061035156,22079,4.49269524,0,0,0
220790107002,17,p,1,0,103.0,32.7439668607997,4,228.5,1,2,2,228.5,22079,4.49269524,0,0,0
220790136003,19,p,1,0,79.0,42.5539533117008,3,404.6727294921875,2,2,2,404.6727294921875,22079,4.49269524,0,0,0
220790104002,18,p,1,0,99.0,31.8533594205353,3,210.6000061035156,1,2,1,210.6000061035156,22079,4.49269524,0,0,0
220790113002,18,p,1,0,115.0,31.1752579109746,3,237.3000030517578,1,2,1,237.3000030517578,22079,4.49269524,0,0,0
220790138003,28,p,1,0,223.0,32.2888013172732,3,216.5,1,2,1,216.5,22079,4.49269524,0,0,0
220790135001,32,p,1,0,173.0,33.2415146655412,3,299.81427001953125,2,2,2,299.81427001953125,22079,4.49269524,0,0,0
221059537003,42,p,1,0,268.0,37.2977616346546,3,147.42498779296875,2,1,1,147.42498779296875,22105,0.00826522,0,1,0
221059546001,61,p,1,0,349.0,32.5631050798884,4,119.31999206542967,1,1,2,119.31999206542967,22105,0.00826522,1,1,0
221059535001,22,p,1,0,121.0,36.5651096992628,2,104.54999542236328,2,1,1,104.54999542236328,22105,0.00826522,0,1,0
221059539003,23,p,1,0,176.0,35.2068605263528,3,237.5,2,2,1,237.5,22105,0.00826522,0,1,1
221059540021,47,p,1,0,275.0,36.6568106564202,3,102.76666259765624,2,1,1,102.76666259765624,22105,0.00826522,0,1,0
221059546004,17,p,1,0,148.0,31.9693675038023,4,103.5,1,1,1,103.5,22105,0.00826522,0,1,0
221059537004,91,p,1,0,442.0,35.5463812343629,3,112.0749969482422,2,1,1,112.0749969482422,22105,0.00826522,0,1,0
221059545024,13,p,1,0,101.0,39.3035638365671,3,100.45342475481796,2,1,2,100.45342475481796,22105,0.00826522,0,1,1
221059541022,58,p,1,0,237.0,37.7734925302363,3,110.5999984741211,2,1,2,110.5999984741211,22105,0.00826522,0,1,1
221059535003,20,p,1,0,74.0,35.3708569237315,3,141.3199920654297,2,1,2,141.3199920654297,22105,0.00826522,0,1,0
221059532002,32,p,1,0,90.0,34.4879575722831,2,96.4000015258789,2,1,1,96.4000015258789,22105,0.00826522,0,1,0
221059537002,43,p,1,0,108.0,38.9188347264577,3,157.95999145507812,2,2,1,157.95999145507812,22105,0.00826522,0,1,0
221059546005,18,p,1,0,125.0,29.5446827677143,5,130.75,1,1,2,130.75,22105,0.00826522,1,1,0
221059537001,19,p,1,0,150.0,38.1779600389973,3,113.78333282470705,2,1,2,113.78333282470705,22105,0.00826522,0,1,0
221059546003,25,p,1,0,181.0,39.7700289589753,3,106.1500015258789,2,1,1,106.1500015258789,22105,0.00826522,0,1,1
221059541012,24,p,1,0,108.0,36.1707057635368,3,225.6000061035156,2,2,1,225.6000061035156,22105,0.00826522,0,1,1
221059534002,24,p,1,0,91.0,36.0541538273943,3,143.0500030517578,2,1,2,143.0500030517578,22105,0.00826522,0,1,0
221059535005,20,p,1,0,94.0,39.1745611727278,3,104.84000396728516,2,1,2,104.84000396728516,22105,0.00826522,0,1,0
221059532001,15,p,1,0,117.0,35.621162111428,2,67.41666412353516,2,1,0,67.41666412353516,22105,0.00826522,0,1,0
221059533001,32,p,1,0,91.0,34.5135364387222,4,73.9333267211914,2,1,1,73.9333267211914,22105,0.00826522,0,1,0
221059534001,19,p,1,0,67.0,34.7574433518313,3,112.6999969482422,2,1,2,112.6999969482422,22105,0.00826522,0,1,0
221059541023,71,p,1,0,276.0,39.1322395514366,3,103.0863817694348,2,1,2,103.0863817694348,22105,0.00826522,0,1,1
220510259003,8,p,1,0,50.0,30.1217769051517,5,96.5039923725174,1,1,4,96.5039923725174,22051,0.05823747,1,1,1
220510280001,21,p,1,0,110.0,36.3738071560807,4,93.9000015258789,2,1,4,93.9000015258789,22051,0.05823747,1,1,1
220690008003,8,p,1,0,128.0,29.3049726490719,4,143.23333740234375,1,1,3,143.23333740234375,22069,0.0,0,0,0
220690001002,16,p,1,0,60.0,30.5493557104952,4,203.4166717529297,1,2,3,203.4166717529297,22069,0.0,0,0,0
220039501002,15,p,1,0,125.0,42.2312977970711,2,427.5,2,2,2,427.5,22003,22.13319891,0,0,0
220850003001,27,p,1,0,72.0,40.1477335676918,3,191.0,2,2,2,191.0,22085,0.0,0,0,0
220039504004,16,p,1,0,70.0,40.2923970679689,2,375.4200134277344,2,2,2,375.4200134277344,22003,22.13319891,0,0,0
220850007002,8,p,1,0,52.0,48.2258997940148,3,199.5749969482422,2,2,2,199.5749969482422,22085,0.0,0,0,0
220850004003,18,p,1,0,156.0,43.1292599159022,3,184.30714416503903,2,2,1,184.30714416503903,22085,0.0,0,0,0
221139509011,16,p,1,0,125.0,39.5277730862087,3,153.7421229410183,2,2,2,153.7421229410183,22113,12.34417553,0,1,0
220690008004,17,p,1,0,177.0,32.1248585747386,4,142.44000244140625,1,1,3,142.44000244140625,22069,0.0,0,0,0
220279501003,12,p,1,0,93.0,24.5932015462944,3,105.0250015258789,1,1,2,105.0250015258789,22027,0.0,0,0,0
221190315005,17,p,1,0,81.0,33.9328221797762,1,79.0,2,1,2,79.0,22119,0.0,0,0,0
220319503002,36,p,1,0,166.0,39.8767185963325,2,130.7085723876953,2,1,2,130.7085723876953,22031,0.0,0,0,0
220679503001,12,p,1,0,98.0,20.4555350526114,0,87.9000015258789,1,1,1,87.9000015258789,22067,0.00512676,0,0,0
220679506004,12,p,1,0,84.0,20.4319751352745,0,101.5500030517578,1,1,1,101.5500030517578,22067,0.00512676,0,0,0
220679502002,28,p,1,0,194.0,20.7105321969818,0,91.85000610351562,1,1,1,91.85000610351562,22067,0.00512676,0,0,0
221190318003,12,p,1,0,92.0,34.8758369374338,1,137.28683018897985,2,1,2,137.28683018897985,22119,0.0,0,0,0
221190313005,12,p,1,0,122.0,30.3804546559929,2,60.71914745221762,1,1,0,60.71914745221762,22119,0.0,0,0,0
220730105044,50,p,1,0,290.0,25.2651241354643,2,101.5,1,1,2,101.5,22073,0.0,0,0,0
220730053012,52,p,1,0,349.0,25.3654799218538,2,101.49978631537422,1,1,2,101.49978631537422,22073,0.0,0,0,0
220730058002,36,p,1,0,416.0,22.5947872058752,2,103.6033440208064,1,1,2,103.6033440208064,22073,0.0,0,0,0
220730052042,53,p,1,0,267.0,23.1218322851593,1,98.0500030517578,1,1,2,98.0500030517578,22073,0.0,0,0,0
221139502005,10,p,1,0,146.0,38.6916283269621,4,117.45333862304688,2,1,5,117.45333862304688,22113,12.34417553,1,1,0
221139511002,13,p,1,0,83.0,41.9148868606208,3,175.88888549804688,2,2,3,175.88888549804688,22113,12.34417553,1,1,0
221139509012,29,p,1,0,137.0,40.2353729004831,3,180.3999938964844,2,2,2,180.3999938964844,22113,12.34417553,0,1,0
221139510024,17,p,1,0,91.0,40.775902682414,3,190.2571563720703,2,2,2,190.2571563720703,22113,12.34417553,1,1,0
221139509023,62,p,1,0,368.0,39.9468308313656,3,145.89999389648438,2,1,3,145.89999389648438,22113,12.34417553,0,1,0
221139509022,37,p,1,0,180.0,40.9658447221275,3,181.76666259765625,2,2,2,181.76666259765625,22113,12.34417553,0,1,0
220150112005,12,p,1,0,83.0,29.3315755600178,2,40.78571319580078,1,1,0,40.78571319580078,22015,0.0,0,0,0
220319502005,23,p,1,0,102.0,35.0601578048118,1,73.97777557373047,2,1,1,73.97777557373047,22031,0.0,0,0,0
220319504003,10,p,1,0,105.0,38.0240774327887,2,116.8000030517578,2,1,2,116.8000030517578,22031,0.0,0,0,0
220730102022,27,p,1,0,104.0,20.5876458752669,0,130.96883442423402,1,1,1,130.96883442423402,22073,0.0,0,0,0
220150108062,13,p,1,0,94.0,33.6860636467913,1,53.60020084941085,2,1,0,53.60020084941085,22015,0.0,0,0,0
220150111102,22,p,1,0,159.0,30.6339596738202,2,42.73084064832363,1,1,0,42.73084064832363,22015,0.0,0,0,0
220150110011,53,p,1,0,292.0,34.0342446273783,1,80.44285583496094,2,1,1,80.44285583496094,22015,0.0,0,0,0
220150104002,34,p,1,0,321.0,31.2144134954799,2,38.34981772647372,1,1,0,38.34981772647372,22015,0.0,0,0,0
220150107011,16,p,1,0,75.0,32.6941921231131,2,62.599998474121094,1,1,0,62.599998474121094,22015,0.0,0,0,0
220150107013,4,p,1,0,53.0,32.5405261432233,2,52.60147339933672,1,1,0,52.60147339933672,22015,0.0,0,0,0
220150107014,20,p,1,0,111.0,32.4228549268222,2,49.58464704793831,1,1,0,49.58464704793831,22015,0.0,0,0,0
220150107023,26,p,1,0,122.0,33.0012362366411,1,60.78619121762681,2,1,0,60.78619121762681,22015,0.0,0,0,0
220150108011,12,p,1,0,50.0,32.4649962233356,2,45.807566340096926,1,1,0,45.807566340096926,22015,0.0,0,0,0
220150104001,10,p,1,0,38.0,31.3843442253317,2,38.022165716454865,1,1,0,38.022165716454865,22015,0.0,0,0,0
220150105001,49,p,1,0,164.0,31.2674001848553,2,38.36340102453479,1,1,0,38.36340102453479,22015,0.0,0,0,0
220150105002,20,p,1,0,68.0,31.5670366529335,2,38.42097783082167,1,1,0,38.42097783082167,22015,0.0,0,0,0
220150111071,25,p,1,0,97.0,30.4647192250437,2,40.748426660170026,1,1,0,40.748426660170026,22015,0.0,0,0,0
220150107012,4,p,1,0,52.0,32.5964440193172,2,55.84712930232949,1,1,0,55.84712930232949,22015,0.0,0,0,0
220150111051,7,p,1,0,91.0,33.1812123087945,1,108.19453816136748,2,1,1,108.19453816136748,22015,0.0,0,0,0
220150110021,13,p,1,0,66.0,36.6093485335491,1,91.5,2,1,2,91.5,22015,0.0,0,0,0
220150111053,16,p,1,0,106.0,33.3820112586876,1,70.43822784335653,2,1,1,70.43822784335653,22015,0.0,0,0,0
220150111061,49,p,1,0,164.0,33.8056374380585,1,87.86000061035156,2,1,1,87.86000061035156,22015,0.0,0,0,0
220730053024,22,p,1,0,143.0,22.7275645247427,2,105.9000015258789,1,1,2,105.9000015258789,22073,0.0,0,0,0
220150108051,12,p,1,0,121.0,33.990059449709,1,48.099998474121094,2,1,0,48.099998474121094,22015,0.0,0,0,0
220150108052,4,p,1,0,55.0,34.2325904168583,1,49.15318942756043,2,1,0,49.15318942756043,22015,0.0,0,0,0
220150111063,29,p,1,0,104.0,33.3621365607418,1,113.5999984741211,2,1,1,113.5999984741211,22015,0.0,0,0,0
220150111062,66,p,1,0,190.0,32.9640821184245,2,99.6999969482422,1,1,1,99.6999969482422,22015,0.0,0,0,0
220150108043,51,p,1,0,353.0,34.4315112429887,1,59.09908293352012,2,1,0,59.09908293352012,22015,0.0,0,0,0
220150108061,28,p,1,0,88.0,34.4406204622292,1,54.420688932441976,2,1,0,54.420688932441976,22015,0.0,0,0,0
220150111031,61,p,1,0,143.0,31.9069804258809,2,51.89999771118164,1,1,0,51.89999771118164,22015,0.0,0,0,0
220150112001,9,p,1,0,75.0,29.3212963814414,2,53.95454406738281,1,1,0,53.95454406738281,22015,0.0,0,0,0
220150112006,39,p,1,0,124.0,30.8787734694832,2,50.98999786376953,1,1,0,50.98999786376953,22015,0.0,0,0,0
220150108063,24,p,1,0,137.0,34.0316855433897,1,53.58189744641821,2,1,0,53.58189744641821,22015,0.0,0,0,0
220150108064,8,p,1,0,70.0,34.2373895310897,1,54.14923122985547,2,1,0,54.14923122985547,22015,0.0,0,0,0
220150108041,9,p,1,0,154.0,34.4599353645046,1,51.45633332958975,2,1,0,51.45633332958975,22015,0.0,0,0,0
220330039043,22,p,1,0,97.0,32.6994754141119,5,148.89999389648438,1,1,1,148.89999389648438,22033,0.02202799,0,0,1
220330039074,45,p,1,0,155.0,32.6536524289719,5,134.83637143080273,1,1,1,134.83637143080273,22033,0.02202799,0,0,1
220630406002,32,p,1,0,128.0,33.9027843444251,4,156.91328103450812,2,2,0,156.91328103450812,22063,0.03585767,0,1,1
220150105003,15,p,1,0,56.0,31.6358434443349,2,43.10905549771355,1,1,0,43.10905549771355,22015,0.0,0,0,0
220150105004,18,p,1,0,84.0,31.2153291409062,2,38.26564159635465,1,1,0,38.26564159635465,22015,0.0,0,0,0
220150106012,29,p,1,0,142.0,32.3372010569622,2,48.63075474491762,1,1,0,48.63075474491762,22015,0.0,0,0,0
220730053023,21,p,1,0,133.0,22.8034450918547,2,104.13789824649518,1,1,2,104.13789824649518,22073,0.0,0,0,0
220450304003,4,p,1,0,61.0,37.5360977795681,4,123.4000015258789,2,1,3,123.4000015258789,22045,3.09661809,1,1,1
220250002002,4,p,1,0,91.0,28.8414558649533,3,184.4863777393644,1,2,0,184.4863777393644,22025,0.01476176,0,0,0
220250003001,4,p,1,0,112.0,30.9692519360301,3,166.6658477783203,1,2,0,166.6658477783203,22025,0.01476176,0,0,0
220330047003,29,p,1,0,110.0,29.0899552027515,4,230.9499969482422,1,2,0,230.9499969482422,22033,0.02202799,0,0,1
220730055001,12,p,1,0,153.0,22.7475244037757,2,105.12906100657624,1,1,2,105.12906100657624,22073,0.0,0,0,0
220730111003,8,p,1,0,64.0,22.6717350651241,2,112.9000015258789,1,1,2,112.9000015258789,22073,0.0,0,0,0
220730058001,24,p,1,0,104.0,22.5665946533655,2,105.8000030517578,1,1,2,105.8000030517578,22073,0.0,0,0,0
220039501001,28,p,1,0,153.0,43.132672491201,3,361.795654296875,2,2,1,361.795654296875,22003,22.13319891,0,0,0
220039501003,27,p,1,0,133.0,45.2992422431889,3,393.316650390625,2,2,2,393.316650390625,22003,22.13319891,0,0,0
220039505004,16,p,1,0,112.0,44.3372289047198,3,340.4818115234375,2,2,2,340.4818115234375,22003,22.13319891,0,0,0
220039505003,55,p,1,0,450.0,48.2101696982805,3,428.1384582519531,2,2,2,428.1384582519531,22003,22.13319891,0,0,0
221010403001,8,p,1,0,62.0,36.9647547871973,4,64.5999984741211,2,1,0,64.5999984741211,22101,0.68496657,1,1,1
221010410003,21,p,1,0,168.0,31.7446888790648,5,94.0999984741211,1,1,2,94.0999984741211,22101,0.68496657,1,1,1
220730101011,30,p,1,0,148.0,20.6418279017906,0,137.43106751102778,1,1,1,137.43106751102778,22073,0.0,0,0,0
220730101012,40,p,1,0,115.0,20.9595561814564,0,131.8925669307703,1,1,1,131.8925669307703,22073,0.0,0,0,0
220379515011,13,p,1,0,105.0,31.4779600213188,5,134.10000610351562,1,1,1,134.10000610351562,22037,0.25808331,0,0,1
220039502003,19,p,1,0,89.0,35.1836359955844,3,461.1499938964844,2,2,2,461.1499938964844,22003,22.13319891,0,0,0
220039503001,14,p,1,0,93.0,36.3492751634019,3,449.1830938700702,2,2,2,449.1830938700702,22003,22.13319891,0,0,0
220039504002,14,p,1,0,140.0,35.7428571955361,2,420.9000244140625,2,2,2,420.9000244140625,22003,22.13319891,0,0,0
221159505003,8,p,1,0,44.0,40.2980409128684,2,151.99005252137286,2,2,3,151.99005252137286,22115,19.00196373,0,0,0
220730101022,23,p,1,0,103.0,20.3999577530647,0,139.0,1,1,1,139.0,22073,0.0,0,0,0
220730101023,35,p,1,0,129.0,20.4630563486852,0,145.78301926692177,1,1,1,145.78301926692177,22073,0.0,0,0,0
220730101024,13,p,1,0,124.0,20.6765854381826,0,146.5500030517578,1,1,1,146.5500030517578,22073,0.0,0,0,0
220730102012,32,p,1,0,160.0,20.5309839011214,0,119.03362635180174,1,1,1,119.03362635180174,22073,0.0,0,0,0
220039504003,12,p,1,0,65.0,44.1247978911971,3,393.0736402053229,2,2,2,393.0736402053229,22003,22.13319891,0,0,0
220730102011,12,p,1,0,140.0,20.434640942205,0,115.09482952001206,1,1,1,115.09482952001206,22073,0.0,0,0,0
220730103012,8,p,1,0,100.0,23.2136370324188,1,114.5062764591739,1,1,1,114.5062764591739,22073,0.0,0,0,0
220979605001,34,p,1,0,246.0,34.6673208656061,1,140.5111083984375,2,1,3,140.5111083984375,22097,1.46434272,0,0,1
220979604002,11,p,1,0,123.0,34.7655051501173,2,118.77692413330078,2,1,3,118.77692413330078,22097,1.46434272,0,0,1
220979601003,20,p,1,0,99.0,33.9003121206565,1,128.5279998779297,2,1,2,128.5279998779297,22097,1.46434272,0,0,1
220790125002,9,p,1,0,56.0,32.2475470316956,3,211.7976314676752,1,2,1,211.7976314676752,22079,4.49269524,0,0,0
220790126001,40,p,1,0,233.0,32.3173764033248,3,222.31293609539577,1,2,1,222.31293609539577,22079,4.49269524,0,0,0
220790125001,18,p,1,0,136.0,32.2925930650482,3,214.9830976922221,1,2,1,214.9830976922221,22079,4.49269524,0,0,0
220330039062,19,p,1,0,102.0,33.2640959162852,4,109.52756783230718,2,1,1,109.52756783230718,22033,0.02202799,0,0,1
220330035061,12,p,1,0,93.0,31.0468399593564,4,157.70137433243818,1,2,0,157.70137433243818,22033,0.02202799,0,0,1
220150111065,33,p,1,0,206.0,35.2915139119378,1,87.43688843993547,2,1,1,87.43688843993547,22015,0.0,0,0,0
220790130002,4,p,1,0,77.0,32.3642193695225,3,223.1673478925683,1,2,1,223.1673478925683,22079,4.49269524,0,0,0
220779522002,12,p,1,0,143.0,33.9598088910297,3,66.70000457763672,2,1,0,66.70000457763672,22077,0.4857803799999999,0,0,1
220779520002,16,p,1,0,73.0,32.5751694113362,3,107.73076629638672,1,1,1,107.73076629638672,22077,0.4857803799999999,0,0,1
220090306002,19,p,1,0,122.0,34.2741622918086,3,177.06055191961133,2,2,1,177.06055191961133,22009,1.52021072,0,0,0
220190024001,16,p,1,0,125.0,51.2925937260114,3,211.5,2,2,2,211.5,22019,32.47305225,0,1,0
220190024002,4,p,1,0,117.0,51.2694659296725,3,187.7749938964844,2,2,2,187.7749938964844,22019,32.47305225,0,1,0
220190024003,12,p,1,0,69.0,51.5692445806952,3,191.18906620973135,2,2,2,191.18906620973135,22019,32.47305225,0,1,0
220190024006,9,p,1,0,78.0,51.1662938240653,3,194.6257872978331,2,2,2,194.6257872978331,22019,32.47305225,0,1,0
220190025002,26,p,1,0,201.0,53.5440407822235,2,207.6000061035156,2,2,2,207.6000061035156,22019,32.47305225,0,1,0
220399503002,8,p,1,0,76.0,37.9867784996329,3,273.0142822265625,2,2,2,273.0142822265625,22039,4.6647587800000005,0,0,0
220399507004,4,p,1,0,66.0,34.8652959136764,3,191.62828095075872,2,2,1,191.62828095075872,22039,4.6647587800000005,0,0,1
220839703003,23,p,1,0,91.0,20.46496883311,0,182.40000915527344,1,2,0,182.40000915527344,22083,0.01253687,0,0,0
220839705004,27,p,1,0,96.0,20.3253923262544,0,185.3831153364829,1,2,0,185.3831153364829,22083,0.01253687,0,0,0
220839701003,23,p,1,0,157.0,20.7270104173425,0,155.69432163803333,1,2,0,155.69432163803333,22083,0.01253687,0,0,0
220839703001,22,p,1,0,93.0,20.2859743249436,0,174.1999969482422,1,2,0,174.1999969482422,22083,0.01253687,0,0,0
220839706001,30,p,1,0,101.0,20.4429361137853,0,191.3800048828125,1,2,0,191.3800048828125,22083,0.01253687,0,0,0
220839705001,18,p,1,0,54.0,20.2954829163339,0,188.0,1,2,0,188.0,22083,0.01253687,0,0,0
220839701002,4,p,1,0,62.0,20.6740208968356,0,160.0,1,2,0,160.0,22083,0.01253687,0,0,0
220839702001,14,p,1,0,117.0,20.5546378948806,0,179.4888916015625,1,2,0,179.4888916015625,22083,0.01253687,0,0,0
220839705002,22,p,1,0,75.0,20.1911487753376,0,175.60000610351562,1,2,0,175.60000610351562,22083,0.01253687,0,0,0
220839702002,17,p,1,0,98.0,20.6187205248133,0,181.11668395996097,1,2,0,181.11668395996097,22083,0.01253687,0,0,0
220839704001,57,p,1,0,186.0,20.1239378970271,0,178.4199981689453,1,2,0,178.4199981689453,22083,0.01253687,0,0,0
220839706002,28,p,1,0,117.0,20.2944827906334,0,183.35714721679688,1,2,0,183.35714721679688,22083,0.01253687,0,0,0
220839706003,28,p,1,0,129.0,21.6712579525489,1,209.3473663330078,1,2,0,209.3473663330078,22083,0.01253687,0,0,0
220839705003,40,p,1,0,121.0,20.2329406062373,0,172.0254681518247,1,2,0,172.0254681518247,22083,0.01253687,0,0,0
220839704002,33,p,1,0,123.0,20.0798661209265,0,170.5357208251953,1,2,0,170.5357208251953,22083,0.01253687,0,0,0
220659605001,8,p,1,0,127.0,21.3637955143646,1,137.89999389648438,1,1,1,137.89999389648438,22065,0.00606983,0,0,0
220990206004,40,p,1,0,188.0,39.4924261624687,3,126.0,2,1,4,126.0,22099,2.17976609,0,1,1
221139510011,8,p,1,0,64.0,41.5466835664356,3,178.60000610351562,2,2,2,178.60000610351562,22113,12.34417553,1,1,0
221139510022,19,p,1,0,77.0,41.7555521103737,3,196.36249402392264,2,2,2,196.36249402392264,22113,12.34417553,1,1,0
221139510023,25,p,1,0,157.0,41.7816809026807,3,218.5,2,2,2,218.5,22113,12.34417553,1,1,0
221139510012,16,p,1,0,161.0,41.1664925693422,3,175.10000610351562,2,2,2,175.10000610351562,22113,12.34417553,0,1,0
220710006151,4,p,1,0,73.0,30.3715397781924,5,87.0999984741211,1,1,3,87.0999984741211,22071,0.06577263,1,1,1
220710006181,4,p,1,0,73.0,30.3633780471712,5,88.45991072768031,1,1,3,88.45991072768031,22071,0.06577263,1,1,1
220170218002,8,p,1,0,139.0,32.0914857097306,2,38.9166053204158,1,1,0,38.9166053204158,22017,0.0,0,0,0
220690005001,28,p,1,0,224.0,31.7823988382082,4,140.4027489134933,1,1,3,140.4027489134933,22069,0.0,0,0,0
220950706001,28,p,1,0,88.0,43.083524670127,3,158.60000610351562,2,2,1,158.60000610351562,22095,0.2488945099999999,1,1,1
220950707001,20,p,1,0,101.0,32.0721141836832,4,153.0,1,2,1,153.0,22095,0.2488945099999999,1,1,1
220690006002,16,p,1,0,167.0,31.7326775409098,4,136.52778549023105,1,1,3,136.52778549023105,22069,0.0,0,0,0
220690009001,4,p,1,0,40.0,34.5864718918038,2,134.586669921875,2,1,3,134.586669921875,22069,0.0,0,0,0
220870306021,11,p,1,0,100.0,30.6879416272426,5,87.94251866745796,1,1,4,87.94251866745796,22087,1.14608952,1,1,0
220870306022,27,p,1,0,101.0,30.4369646163441,5,85.87394932160653,1,1,3,85.87394932160653,22087,1.14608952,1,1,0
220870306031,9,p,1,0,41.0,30.8145314180655,5,90.51743242262806,1,1,3,90.51743242262806,22087,1.14608952,1,1,0
220870307002,5,p,1,0,37.0,30.7231746233357,5,93.0194209282655,1,1,3,93.0194209282655,22087,1.14608952,1,1,0
220870308001,4,p,1,0,78.0,30.9569361191239,5,91.43976473236138,1,1,3,91.43976473236138,22087,1.14608952,1,1,0
220870308003,18,p,1,0,66.0,30.7370967640892,5,92.80304333951656,1,1,3,92.80304333951656,22087,1.14608952,1,1,0
220430203002,8,p,1,0,92.0,36.5487071932496,2,128.46665954589844,2,1,2,128.46665954589844,22043,0.0,0,0,0
220790125003,13,p,1,0,165.0,32.2714935723254,3,208.0,1,2,1,208.0,22079,4.49269524,0,0,0
220790137002,17,p,1,0,155.0,30.9174603465124,3,236.8000030517578,1,2,0,236.8000030517578,22079,4.49269524,0,0,0
220710017511,20,p,1,0,132.0,35.2029215721439,4,126.33333587646484,2,1,5,126.33333587646484,22071,0.06577263,1,1,0
220710017341,16,p,1,0,111.0,34.4259889670283,4,253.484619140625,2,2,3,253.484619140625,22071,0.06577263,1,1,0
220730005002,17,p,1,0,80.0,20.2041911807312,0,151.0554749774972,1,2,0,151.0554749774972,22073,0.0,0,0,0
220950702001,39,p,1,0,177.0,32.7249478912908,4,152.0803941995599,1,2,0,152.0803941995599,22095,0.2488945099999999,1,1,1
220950702002,11,p,1,0,66.0,32.2869241028226,4,152.67572474882803,1,2,1,152.67572474882803,22095,0.2488945099999999,1,1,1
220779521003,30,p,1,0,168.0,34.7785895240772,1,66.84000396728516,2,1,0,66.84000396728516,22077,0.4857803799999999,0,0,1
220779519001,24,p,1,0,150.0,33.2640228943503,3,65.2249984741211,2,1,0,65.2249984741211,22077,0.4857803799999999,0,0,1
220779523001,30,p,1,0,180.0,33.4290304494,1,62.79999923706055,2,1,0,62.79999923706055,22077,0.4857803799999999,0,0,1
220779520001,13,p,1,0,121.0,34.0219930410179,2,82.13947296142578,2,1,1,82.13947296142578,22077,0.4857803799999999,0,0,1
220779521001,12,p,1,0,118.0,34.0715620338786,4,62.2599983215332,2,1,0,62.2599983215332,22077,0.4857803799999999,0,0,1
220779519003,16,p,1,0,105.0,35.2332117880217,1,81.04000091552734,2,1,1,81.04000091552734,22077,0.4857803799999999,0,0,1
220779524002,17,p,1,0,182.0,35.0567001012482,3,65.5,2,1,0,65.5,22077,0.4857803799999999,0,0,1
220779522001,19,p,1,0,104.0,33.2839952370637,4,61.94999694824219,2,1,0,61.94999694824219,22077,0.4857803799999999,0,0,1
221030405022,14,p,1,0,57.0,29.1936623425391,4,104.9000015258789,1,1,2,104.9000015258789,22103,0.05873937,0,1,0
221030405023,4,p,1,0,70.0,29.1326953946255,4,113.4954233944359,1,1,2,113.4954233944359,22103,0.05873937,0,1,0
221030406021,8,p,1,0,97.0,29.0782655755826,5,119.61506495901192,1,1,2,119.61506495901192,22103,0.05873937,0,1,0
221030407062,14,p,1,0,111.0,30.8748070219419,4,212.2954794886645,1,2,3,212.2954794886645,22103,0.05873937,0,1,0
221030407081,60,p,1,0,395.0,30.9422298395093,4,242.95135200745435,1,2,3,242.95135200745435,22103,0.05873937,1,1,0
220990202004,32,p,1,0,182.0,35.1119527051983,1,118.38231758402574,2,1,3,118.38231758402574,22099,2.17976609,0,1,1
220990208002,12,p,1,0,95.0,36.5315819244083,4,104.6500015258789,2,1,3,104.6500015258789,22099,2.17976609,0,1,1
220990204002,12,p,1,0,107.0,38.4980500916659,4,106.8000030517578,2,1,4,106.8000030517578,22099,2.17976609,0,1,1
220990202003,17,p,1,0,105.0,34.7275737162605,1,145.5500030517578,2,1,3,145.5500030517578,22099,2.17976609,0,1,1
220990206002,24,p,1,0,127.0,38.4781433738891,5,114.5,2,1,4,114.5,22099,2.17976609,0,1,1
220990209002,8,p,1,0,68.0,37.9416181786001,5,114.5999984741211,2,1,4,114.5999984741211,22099,2.17976609,0,1,1
220730017001,22,p,1,0,168.0,23.0818590965938,1,126.61156701232944,1,1,1,126.61156701232944,22073,0.0,0,0,0
220730017002,8,p,1,0,94.0,22.9992430196825,2,115.56893269381231,1,1,2,115.56893269381231,22073,0.0,0,0,0
220730017003,5,p,1,0,82.0,23.0879267203327,1,130.8872190858312,1,1,1,130.8872190858312,22073,0.0,0,0,0
221030408021,33,p,1,0,221.0,30.5791632955642,4,224.77336201802063,1,2,3,224.77336201802063,22103,0.05873937,1,1,0
221030408031,19,p,1,0,139.0,30.7752261559037,4,240.8980252815384,1,2,2,240.8980252815384,22103,0.05873937,1,1,0
220279502002,4,p,1,0,40.0,30.6798734888885,2,77.90666198730469,1,1,2,77.90666198730469,22027,0.0,0,0,0
220279505001,16,p,1,0,81.0,32.5076648040105,2,133.20909118652344,1,1,2,133.20909118652344,22027,0.0,0,0,0
220279504004,12,p,1,0,76.0,26.0835069461932,2,80.84309244513645,1,1,2,80.84309244513645,22027,0.0,0,0,0
221030408033,24,p,1,0,196.0,30.9219668984814,4,243.38217725982997,1,2,2,243.38217725982997,22103,0.05873937,1,1,0
220679502004,30,p,1,0,225.0,20.343694823897,0,95.8000030517578,1,1,1,95.8000030517578,22067,0.00512676,0,0,0
220679507002,15,p,1,0,106.0,22.0877582348243,1,99.72000122070312,1,1,1,99.72000122070312,22067,0.00512676,0,0,0
220679503002,8,p,1,0,88.0,22.3262545493737,1,81.00416564941406,1,1,2,81.00416564941406,22067,0.00512676,0,0,0
220679504001,4,p,1,0,76.0,20.195722579154,0,93.71852492176036,1,1,1,93.71852492176036,22067,0.00512676,0,0,0
220679507001,4,p,1,0,74.0,19.7783170856307,0,128.6199951171875,1,1,1,128.6199951171875,22067,0.00512676,0,0,0
220679501001,4,p,1,0,60.0,19.8951758434442,0,121.39393615722656,1,1,1,121.39393615722656,22067,0.00512676,0,0,0
220730004021,9,p,1,0,184.0,23.1504655165663,1,134.466209414161,1,1,1,134.466209414161,22073,0.0,0,0,0
220730005001,30,p,1,0,134.0,20.2190655668918,0,135.78042581253612,1,1,1,135.78042581253612,22073,0.0,0,0,0
220730015001,4,p,1,0,25.0,22.5383988458761,2,117.32387526626192,1,1,1,117.32387526626192,22073,0.0,0,0,0
220730105046,42,p,1,0,235.0,25.0254183489519,2,111.8000030517578,1,1,2,111.8000030517578,22073,0.0,0,0,0
220510267002,16,p,1,0,41.0,29.8533672751816,5,90.99457496635826,1,1,6,90.99457496635826,22051,0.05823747,1,1,1
220510263002,35,p,1,0,130.0,29.9673225727752,5,91.19081809171598,1,1,6,91.19081809171598,22051,0.05823747,1,1,1
221030409003,4,p,1,0,71.0,30.6412393039891,4,215.21204038143708,1,2,3,215.21204038143708,22103,0.05873937,1,1,0
221030403034,14,p,1,0,204.0,29.3542903384148,5,107.01626118150088,1,1,3,107.01626118150088,22103,0.05873937,1,1,0
220730007001,4,p,1,0,58.0,22.9850730279723,1,136.30887635834412,1,1,1,136.30887635834412,22073,0.0,0,0,0
220730007002,7,p,1,0,40.0,22.9185661506883,1,132.99202922396745,1,1,1,132.99202922396745,22073,0.0,0,0,0
221030410022,20,p,1,0,91.0,30.7050344077138,4,222.35467101135336,1,2,3,222.35467101135336,22103,0.05873937,1,1,0
221030410021,16,p,1,0,105.0,30.6528212217939,4,212.87817610122957,1,2,3,212.87817610122957,22103,0.05873937,1,1,0
221030410031,23,p,1,0,93.0,30.7046107446014,4,216.3000030517578,1,2,3,216.3000030517578,22103,0.05873937,1,1,0
221030401021,16,p,1,0,101.0,33.0307230926686,3,123.26000213623048,2,1,4,123.26000213623048,22103,0.05873937,0,1,0
221030407012,14,p,1,0,130.0,30.2781403083323,4,114.55999755859376,1,1,3,114.55999755859376,22103,0.05873937,0,1,0
221030410034,19,p,1,0,69.0,30.717793443319,4,218.54360422742096,1,2,3,218.54360422742096,22103,0.05873937,1,1,0
221030410042,42,p,1,0,162.0,30.7175890279945,4,220.30321094646337,1,2,3,220.30321094646337,22103,0.05873937,1,1,0
221030410041,14,p,1,0,156.0,30.6686460209111,4,210.4246572286412,1,2,2,210.4246572286412,22103,0.05873937,1,1,0
221030411022,20,p,1,0,59.0,30.5524218798813,4,188.54999785331069,1,2,3,188.54999785331069,22103,0.05873937,1,1,0
221030412101,17,p,1,0,144.0,29.4711892452181,5,99.4000015258789,1,1,2,99.4000015258789,22103,0.05873937,1,1,0
221030407101,85,p,1,0,374.0,30.8109040463768,4,236.1000061035156,1,2,2,236.1000061035156,22103,0.05873937,1,1,0
221119605003,62,p,1,0,190.0,26.4558317044451,2,102.6374969482422,1,1,2,102.6374969482422,22111,0.0,0,0,0
220330039102,18,p,1,0,97.0,32.486405640063,5,121.80561034793786,1,1,1,121.80561034793786,22033,0.02202799,0,0,1
220330038024,15,p,1,0,87.0,32.2587385909954,6,122.25365859695016,1,1,1,122.25365859695016,22033,0.02202799,0,0,1
220330045084,38,p,1,0,198.0,35.2177518942533,4,88.53061635444854,2,1,1,88.53061635444854,22033,0.02202799,0,0,1
220330038025,14,p,1,0,120.0,32.0964622047495,6,126.88177699825114,1,1,1,126.88177699825114,22033,0.02202799,0,0,1
220330039094,4,p,1,0,33.0,32.1237682436812,5,135.15454467288012,1,1,1,135.15454467288012,22033,0.02202799,0,0,1
220330039093,12,p,1,0,127.0,32.3737844526721,5,134.40589122076742,1,1,1,134.40589122076742,22033,0.02202799,0,0,1
220330040101,14,p,1,0,154.0,33.5689897512366,4,77.3571194493095,2,1,1,77.3571194493095,22033,0.02202799,0,0,1
220379515022,5,p,1,0,62.0,28.4344167068026,4,232.23333740234375,1,2,0,232.23333740234375,22037,0.25808331,0,0,1
220379514002,10,p,1,0,68.0,30.1832113430669,4,131.39999389648438,1,1,1,131.39999389648438,22037,0.25808331,0,0,1
220330045092,76,p,1,0,300.0,34.1696119260262,4,91.26414739468152,2,1,1,91.26414739468152,22033,0.02202799,0,0,1
220790117003,12,p,1,0,54.0,31.7755075032196,3,241.56349665309153,1,2,1,241.56349665309153,22079,4.49269524,0,0,0
220290004001,8,p,1,0,206.0,28.6175734935575,3,64.04072766680368,1,1,0,64.04072766680368,22029,0.00757152,0,0,0
220290002005,4,p,1,0,100.0,27.6942109046754,3,73.30329218463369,1,1,1,73.30329218463369,22029,0.00757152,0,0,0
220290005003,8,p,1,0,105.0,29.6696155226282,3,104.55294036865234,1,1,1,104.55294036865234,22029,0.00757152,0,0,0
220290003001,19,p,1,0,141.0,28.0555904928638,3,74.6500015258789,1,1,1,74.6500015258789,22029,0.00757152,0,0,0
220510220013,13,p,1,0,87.0,29.5630947772826,5,103.9000015258789,1,1,3,103.9000015258789,22051,0.05823747,1,1,1
220330045091,46,p,1,0,139.0,34.6437747913042,4,87.2878814999994,2,1,1,87.2878814999994,22033,0.02202799,0,0,1
220510215002,9,p,1,0,76.0,29.3082319638825,5,102.48581805101531,1,1,3,102.48581805101531,22051,0.05823747,1,1,1
220510205161,8,p,1,0,52.0,28.9298745664628,5,140.13492155969678,1,1,3,140.13492155969678,22051,0.05823747,1,1,1
220330045093,22,p,1,0,145.0,35.5557051755047,4,76.92838464400151,2,1,1,76.92838464400151,22033,0.02202799,0,0,1
220790122002,8,p,1,0,75.0,32.3345624990844,3,232.24331135354197,1,2,1,232.24331135354197,22079,4.49269524,0,0,0
220790122003,24,p,1,0,50.0,32.329869227083,3,231.8999938964844,1,2,1,231.8999938964844,22079,4.49269524,0,0,0
220790123021,36,p,1,0,262.0,32.3154681116715,3,224.6529093387123,1,2,1,224.6529093387123,22079,4.49269524,0,0,0
220790123011,29,p,1,0,190.0,32.2439997608779,3,213.7856887220024,1,2,1,213.7856887220024,22079,4.49269524,0,0,0
220790120002,4,p,1,0,31.0,32.3427017101716,3,223.59098741452615,1,2,1,223.59098741452615,22079,4.49269524,0,0,0
220790121001,10,p,1,0,79.0,32.3363352717456,3,225.47326923938655,1,2,1,225.47326923938655,22079,4.49269524,0,0,0
220790121002,4,p,1,0,78.0,32.3442194378011,3,234.9394925604529,1,2,1,234.9394925604529,22079,4.49269524,0,0,0
220790116001,6,p,1,0,77.0,31.7177048548898,3,234.3000030517578,1,2,1,234.3000030517578,22079,4.49269524,0,0,0
220790116002,4,p,1,0,66.0,31.9883151405749,3,236.97737486578623,1,2,1,236.97737486578623,22079,4.49269524,0,0,0
220330039064,44,p,1,0,179.0,33.7837738947135,4,99.03835082459705,2,1,1,99.03835082459705,22033,0.02202799,0,0,1
220330038014,24,p,1,0,72.0,32.5223184977266,6,124.87688623983516,1,1,1,124.87688623983516,22033,0.02202799,0,0,1
220330040142,4,p,1,0,203.0,34.0803083188556,4,63.523356687403016,2,1,0,63.523356687403016,22033,0.02202799,0,0,1
220870304002,17,p,1,0,92.0,30.5509733390886,5,86.1543653144144,1,1,3,86.1543653144144,22087,1.14608952,1,1,1
220890622001,26,p,1,0,144.0,28.2301590193722,5,121.0999984741211,1,1,4,121.0999984741211,22089,0.19315147,1,1,1
220730111002,12,p,1,0,76.0,22.7374434032348,2,113.05025241691668,1,1,2,113.05025241691668,22073,0.0,0,0,0
220890621002,28,p,1,0,151.0,28.6742502905255,5,145.10000610351562,1,1,3,145.10000610351562,22089,0.19315147,1,1,1
220890623012,25,p,1,0,122.0,28.2528276522393,5,125.87390666100336,1,1,4,125.87390666100336,22089,0.19315147,1,1,1
220890627002,4,p,1,0,60.0,29.6072896042665,4,164.35000610351562,1,2,2,164.35000610351562,22089,0.19315147,1,1,1
220630402012,65,p,1,0,209.0,36.0073948468781,4,57.05999755859375,2,1,0,57.05999755859375,22063,0.03585767,0,1,1
220630403013,53,p,1,0,236.0,33.9630497026925,4,127.95000457763672,2,1,2,127.95000457763672,22063,0.03585767,0,1,1
220630402021,36,p,1,0,128.0,36.842409553165,4,69.81999969482422,2,1,0,69.81999969482422,22063,0.03585767,0,1,1
220630403011,55,p,1,0,259.0,32.2742343934712,5,206.82675796739417,1,2,1,206.82675796739417,22063,0.03585767,0,1,1
220630405001,81,p,1,0,307.0,32.9720575572577,5,170.3000030517578,1,2,0,170.3000030517578,22063,0.03585767,0,1,1
220630408062,50,p,1,0,254.0,35.1878987423731,4,108.70748555491916,2,1,1,108.70748555491916,22063,0.03585767,0,1,1
220630406003,23,p,1,0,110.0,34.0910827093722,4,149.3000030517578,2,1,1,149.3000030517578,22063,0.03585767,0,1,1
220630406004,71,p,1,0,262.0,34.3235214691712,4,150.74171515033976,2,2,0,150.74171515033976,22063,0.03585767,0,1,1
220630407002,27,p,1,0,76.0,33.8829601151853,4,146.1617146178652,2,1,1,146.1617146178652,22063,0.03585767,0,1,1
220630402011,58,p,1,0,195.0,35.6618070616029,4,116.6500015258789,2,1,2,116.6500015258789,22063,0.03585767,0,1,1
220630404022,109,p,1,0,444.0,36.2121044030636,4,70.5,2,1,1,70.5,22063,0.03585767,0,1,1
220630404011,106,p,1,0,318.0,35.2290389612901,4,138.8000030517578,2,1,1,138.8000030517578,22063,0.03585767,0,1,1
220630404023,39,p,1,0,210.0,35.5208740443664,4,126.39571892421296,2,1,1,126.39571892421296,22063,0.03585767,0,1,1
220630408051,32,p,1,0,202.0,35.9797185938851,4,104.5999984741211,2,1,1,104.5999984741211,22063,0.03585767,0,1,1
220630403041,53,p,1,0,308.0,34.2392098291858,4,137.35000610351562,2,1,1,137.35000610351562,22063,0.03585767,0,1,1
220630402022,126,p,1,0,382.0,35.307434400768,4,112.11249542236328,2,1,2,112.11249542236328,22063,0.03585767,0,1,1
220630409022,23,p,1,0,102.0,39.4580496572777,3,135.14614868164062,2,1,2,135.14614868164062,22063,0.03585767,1,1,1
220630409024,27,p,1,0,182.0,38.180745647287,3,153.98001098632812,2,2,1,153.98001098632812,22063,0.03585767,1,1,1
220890621001,11,p,1,0,107.0,28.5440228679013,5,132.1049037164061,1,1,4,132.1049037164061,22089,0.19315147,1,1,1
220890623013,28,p,1,0,207.0,28.0242949133728,5,132.40534272007392,1,1,4,132.40534272007392,22089,0.19315147,1,1,1
220630403012,54,p,1,0,252.0,31.5016021428562,5,217.45001220703125,1,2,1,217.45001220703125,22063,0.03585767,0,1,1
220139701003,12,p,1,0,60.0,29.0025019172143,3,100.8000030517578,1,1,1,100.8000030517578,22013,0.0,0,0,0
220139704001,8,p,1,0,53.0,31.9897621557717,3,92.42499542236328,1,1,2,92.42499542236328,22013,0.0,0,0,0
221030412122,35,p,1,0,129.0,29.5258413627527,5,101.55186422332676,1,1,2,101.55186422332676,22103,0.05873937,1,1,0
221159505006,14,p,1,0,36.0,40.9318936944108,2,146.46330379099496,2,1,4,146.46330379099496,22115,19.00196373,0,0,0
220050301012,66,p,1,0,424.0,37.8875518401583,4,86.5999984741211,2,1,1,86.5999984741211,22005,0.01186332,1,1,1
220050301032,96,p,1,0,307.0,39.2992925487064,4,152.0,2,2,1,152.0,22005,0.01186332,1,1,1
220050302031,99,p,1,0,568.0,35.5818888272607,4,61.79999923706055,2,1,0,61.79999923706055,22005,0.01186332,0,1,1
220050302032,46,p,1,0,271.0,35.4659209741425,4,68.35495975028716,2,1,0,68.35495975028716,22005,0.01186332,0,1,1
220790110003,12,p,1,0,48.0,32.3222960326429,3,234.32401352310256,1,2,1,234.32401352310256,22079,4.49269524,0,0,0
221030412102,21,p,1,0,114.0,29.4832900545199,5,101.0767471710024,1,1,2,101.0767471710024,22103,0.05873937,1,1,0
221179502003,18,p,1,0,101.0,35.1949295874832,3,90.5999984741211,2,1,1,90.5999984741211,22117,0.0022141099999999,0,0,0
221030412093,22,p,1,0,77.0,29.4464323831,5,100.52131724564413,1,1,3,100.52131724564413,22103,0.05873937,1,1,0
220790113001,26,p,1,0,182.0,31.0458275308039,3,231.2656968223113,1,2,1,231.2656968223113,22079,4.49269524,0,0,0
220790106001,20,p,1,0,121.0,35.8722921703025,2,150.0238037109375,2,2,1,150.0238037109375,22079,4.49269524,0,0,0
220790107001,28,p,1,0,212.0,32.2611469403894,3,218.3500061035156,1,2,1,218.3500061035156,22079,4.49269524,0,0,0
220790132001,15,p,1,0,135.0,31.1142956337749,3,242.1000061035156,1,2,0,242.1000061035156,22079,4.49269524,0,0,0
220790136001,21,p,1,0,104.0,39.5314476142821,3,325.58001708984375,2,2,1,325.58001708984375,22079,4.49269524,0,0,0
220790135005,9,p,1,0,75.0,34.0091103311265,2,351.3249816894531,2,2,2,351.3249816894531,22079,4.49269524,0,0,0
220790115002,14,p,1,0,155.0,31.8034804203151,3,236.1125470417003,1,2,1,236.1125470417003,22079,4.49269524,0,0,0
220790105004,8,p,1,0,113.0,31.837893361757,3,222.3000030517578,1,2,1,222.3000030517578,22079,4.49269524,0,0,0
220790101004,10,p,1,0,89.0,30.2389177068331,4,207.6333465576172,1,2,0,207.6333465576172,22079,4.49269524,0,0,0
220790135004,10,p,1,0,64.0,34.124130834458,2,349.56762314529544,2,2,2,349.56762314529544,22079,4.49269524,0,0,0
220790104001,22,p,1,0,154.0,31.3891592449343,3,216.3999938964844,1,2,1,216.3999938964844,22079,4.49269524,0,0,0
220139703001,16,p,1,0,73.0,37.9516349363806,2,103.14286041259766,2,1,2,103.14286041259766,22013,0.0,0,0,0
220430201003,15,p,1,0,85.0,36.8375299532597,2,141.27500915527344,2,1,2,141.27500915527344,22043,0.0,0,0,0
220430204022,41,p,1,0,238.0,29.2986014316625,3,230.1499938964844,1,2,0,230.1499938964844,22043,0.0,0,0,0
220619608001,24,p,1,0,146.0,27.444066679546,3,132.8000030517578,1,1,2,132.8000030517578,22061,0.0,0,0,0
220330042043,12,p,1,0,58.0,31.1464688519715,4,206.5,1,2,0,206.5,22033,0.02202799,0,0,1
221030405021,9,p,1,0,114.0,29.1879461732129,4,106.64009811790216,1,1,2,106.64009811790216,22103,0.05873937,0,1,0
221030413001,41,p,1,0,213.0,29.4241169289564,5,101.81679029342506,1,1,3,101.81679029342506,22103,0.05873937,1,1,0
221030406022,4,p,1,0,93.0,29.1011724563207,5,117.8000030517578,1,1,3,117.8000030517578,22103,0.05873937,0,1,0
220150111101,91,p,1,0,450.0,30.5434461082729,2,42.599998474121094,1,1,0,42.599998474121094,22015,0.0,0,0,0
220150111091,85,p,1,0,307.0,31.5954059449903,2,82.5,1,1,1,82.5,22015,0.0,0,0,0
220150111092,76,p,1,0,332.0,32.1484614057748,2,70.56895406835223,1,1,1,70.56895406835223,22015,0.0,0,0,0
220150106014,76,p,1,0,201.0,31.7599417707526,2,44.241064807048325,1,1,0,44.241064807048325,22015,0.0,0,0,0
220150111093,43,p,1,0,312.0,32.9498831031472,2,65.19999694824219,1,1,0,65.19999694824219,22015,0.0,0,0,0
220150111064,57,p,1,0,182.0,35.2021235537707,1,69.05000305175781,2,1,0,69.05000305175781,22015,0.0,0,0,0
220150110012,47,p,1,0,278.0,33.9368594361929,1,81.1500015258789,2,1,1,81.1500015258789,22015,0.0,0,0,0
220150111034,29,p,1,0,138.0,31.9182234073213,2,107.4000015258789,1,1,1,107.4000015258789,22015,0.0,0,0,0
220150111081,35,p,1,0,169.0,31.8329408099301,2,39.400001525878906,1,1,0,39.400001525878906,22015,0.0,0,0,0
220150111084,95,p,1,0,316.0,31.6756972808812,2,39.79999923706055,1,1,0,39.79999923706055,22015,0.0,0,0,0
220150111033,55,p,1,0,249.0,32.4382079533906,2,90.85479903830344,1,1,1,90.85479903830344,22015,0.0,0,0,0
220150109002,17,p,1,0,130.0,33.614347809759,1,61.2054576414811,2,1,0,61.2054576414811,22015,0.0,0,0,0
220150110023,13,p,1,0,74.0,35.1305237760197,1,89.6142807006836,2,1,2,89.6142807006836,22015,0.0,0,0,0
220150110022,54,p,1,0,401.0,33.61046213054,1,70.9000015258789,2,1,1,70.9000015258789,22015,0.0,0,0,0
221159507043,4,p,1,0,23.0,37.2938565267747,2,161.25568182840118,2,2,2,161.25568182840118,22115,19.00196373,0,0,0
221159507042,21,p,1,0,96.0,36.4338424959043,2,159.9078086916996,2,2,2,159.9078086916996,22115,19.00196373,0,0,0
221030407042,51,p,1,0,224.0,30.6380001123141,4,156.5,1,2,4,156.5,22103,0.05873937,0,1,0
220330035072,4,p,1,0,102.0,31.258954380646,4,164.93365402455984,1,2,0,164.93365402455984,22033,0.02202799,0,0,1
220330036012,25,p,1,0,87.0,31.4916030639938,5,150.2793920154866,1,2,1,150.2793920154866,22033,0.02202799,0,0,1
221030406023,14,p,1,0,141.0,29.051212938925,5,119.58387563777907,1,1,2,119.58387563777907,22103,0.05873937,0,1,0
221030403041,33,p,1,0,119.0,29.2562918720314,5,109.57218042380823,1,1,3,109.57218042380823,22103,0.05873937,1,1,0
221030403042,16,p,1,0,111.0,29.2682905370355,5,112.70393619920922,1,1,3,112.70393619920922,22103,0.05873937,1,1,0
221030413004,22,p,1,0,131.0,29.5281994946517,5,105.26648101705008,1,1,2,105.26648101705008,22103,0.05873937,1,1,0
221030401022,36,p,1,0,201.0,29.9642148916153,4,105.2199935913086,1,1,3,105.2199935913086,22103,0.05873937,0,1,0
221030407041,48,p,1,0,169.0,30.6189677342,4,137.4499969482422,1,1,5,137.4499969482422,22103,0.05873937,0,1,0
221030401024,20,p,1,0,114.0,31.8140955416297,4,134.3000030517578,1,1,5,134.3000030517578,22103,0.05873937,0,1,0
220510210002,4,p,1,0,45.0,29.0672058079466,5,125.13814996188822,1,1,2,125.13814996188822,22051,0.05823747,1,1,1
220510250011,21,p,1,0,91.0,30.3090112770935,5,89.13687417015043,1,1,3,89.13687417015043,22051,0.05823747,1,1,1
220330035071,16,p,1,0,105.0,31.6015340165241,4,149.10546537814776,1,1,2,149.10546537814776,22033,0.02202799,0,0,1
220510230022,12,p,1,0,97.0,29.4539590256106,5,101.21367238801206,1,1,2,101.21367238801206,22051,0.05823747,1,1,1
220510230023,9,p,1,0,136.0,29.4499690759658,5,100.86696586127708,1,1,1,100.86696586127708,22051,0.05823747,1,1,1
220510218032,23,p,1,0,74.0,29.5346236556211,5,102.49294279416009,1,1,3,102.49294279416009,22051,0.05823747,1,1,1
220510262001,4,p,1,0,70.0,30.038980811941,5,88.4944662786101,1,1,4,88.4944662786101,22051,0.05823747,1,1,1
220510227003,4,p,1,0,40.0,29.6366162705192,5,103.25488676093396,1,1,3,103.25488676093396,22051,0.05823747,1,1,1
220510207001,8,p,1,0,97.0,28.913623518961,5,129.5,1,1,2,129.5,22051,0.05823747,1,1,1
220510202032,18,p,1,0,203.0,29.5624304497989,5,97.9678102141774,1,1,3,97.9678102141774,22051,0.05823747,1,1,1
220510220022,4,p,1,0,77.0,29.5628875883284,5,103.32699640880914,1,1,2,103.32699640880914,22051,0.05823747,1,1,1
221030406053,75,p,1,0,549.0,29.1831107672891,5,114.28630254033392,1,1,3,114.28630254033392,22103,0.05873937,1,1,0
221030402013,25,p,1,0,141.0,38.8317497887207,4,108.5500030517578,2,1,2,108.5500030517578,22103,0.05873937,0,1,0
221030403052,105,p,1,0,693.0,30.6719270748827,5,135.3800048828125,1,1,3,135.3800048828125,22103,0.05873937,1,1,0
221030403031,41,p,1,0,375.0,30.0297363897776,5,111.0999984741211,1,1,3,111.0999984741211,22103,0.05873937,1,1,0
221030403043,35,p,1,0,231.0,31.2033080773193,5,116.5,1,1,3,116.5,22103,0.05873937,1,1,0
221030412041,46,p,1,0,106.0,29.7183310578272,4,117.0999984741211,1,1,2,117.0999984741211,22103,0.05873937,1,1,0
221030412121,47,p,1,0,263.0,29.6232982616862,5,111.9000015258789,1,1,3,111.9000015258789,22103,0.05873937,1,1,0
221030412081,41,p,1,0,194.0,29.4206408445173,5,97.05948521007224,1,1,2,97.05948521007224,22103,0.05873937,1,1,0
221030411032,60,p,1,0,235.0,30.50047618017,4,178.8000030517578,1,2,4,178.8000030517578,22103,0.05873937,1,1,0
221030408011,61,p,1,0,284.0,30.6248194829168,4,224.510670460203,1,2,3,224.510670460203,22103,0.05873937,1,1,0
221030405011,29,p,1,0,199.0,28.9933639520574,5,121.3000030517578,1,1,1,121.3000030517578,22103,0.05873937,0,1,0
220870301033,27,p,1,0,89.0,32.9290459594346,5,113.87824182296364,1,1,3,113.87824182296364,22087,1.14608952,1,1,0
221030412021,15,p,1,0,121.0,30.1241119616179,4,127.6750030517578,1,1,4,127.6750030517578,22103,0.05873937,1,1,0
221030412082,55,p,1,0,271.0,29.3940018459514,5,101.1120778338089,1,1,2,101.1120778338089,22103,0.05873937,1,1,0
221030401042,44,p,1,0,276.0,29.6174963842193,4,100.5625,1,1,2,100.5625,22103,0.05873937,0,1,0
221030412112,48,p,1,0,170.0,29.5344713988585,5,115.3000030517578,1,1,2,115.3000030517578,22103,0.05873937,1,1,0
221030401025,19,p,1,0,134.0,30.5020695072917,4,123.6999969482422,1,1,4,123.6999969482422,22103,0.05873937,0,1,0
221030402012,27,p,1,0,175.0,36.915284422812,4,116.9250030517578,2,1,1,116.9250030517578,22103,0.05873937,0,1,0
221030411041,24,p,1,0,99.0,30.342498122126,4,168.70001220703125,1,2,3,168.70001220703125,22103,0.05873937,1,1,0
221030402023,5,p,1,0,54.0,29.0265268827661,4,119.0999984741211,1,1,2,119.0999984741211,22103,0.05873937,0,1,0
220870302045,19,p,1,0,53.0,33.3531837292892,4,111.4625015258789,2,1,4,111.4625015258789,22087,1.14608952,1,1,0
221030412071,42,p,1,0,212.0,29.3736251478636,5,106.5,1,1,3,106.5,22103,0.05873937,1,1,0
221030407082,50,p,1,0,231.0,33.226284331184,3,271.8791809082031,2,2,3,271.8791809082031,22103,0.05873937,1,1,0
220979608003,49,p,1,0,250.0,36.6510073008875,3,166.5500030517578,2,2,2,166.5500030517578,22097,1.46434272,0,0,0
220330046023,42,p,1,0,192.0,30.5739431625433,4,221.0,1,2,0,221.0,22033,0.02202799,0,0,1
220330040053,9,p,1,0,45.0,33.0246086508831,5,83.75624989431574,2,1,1,83.75624989431574,22033,0.02202799,0,0,1
220690009003,31,p,1,0,216.0,31.6984595215832,4,133.6999969482422,1,1,3,133.6999969482422,22069,0.0,0,0,0
220190032001,114,p,1,0,484.0,55.9945772937098,2,162.84375,2,2,2,162.84375,22019,32.47305225,1,1,0
220190036003,8,p,1,0,103.0,54.2642807571248,3,263.9866638183594,2,2,0,263.9866638183594,22019,32.47305225,0,1,0
220510266002,28,p,1,0,91.0,29.9152832974932,5,92.02439893346066,1,1,6,92.02439893346066,22051,0.05823747,1,1,1
220190017002,18,p,1,0,130.0,45.1647246956534,2,261.3999938964844,2,2,3,261.3999938964844,22019,32.47305225,0,1,0
221030408012,4,p,1,0,112.0,30.6217230822815,4,231.5,1,2,3,231.5,22103,0.05873937,1,1,0
221030406052,53,p,1,0,176.0,29.1237378523093,5,116.4000015258789,1,1,1,116.4000015258789,22103,0.05873937,0,1,0
220399507002,13,p,1,0,83.0,35.9412638446811,3,189.7250061035156,2,2,2,189.7250061035156,22039,4.6647587800000005,0,0,0
220979618003,12,p,1,0,115.0,36.0749256132914,3,144.0,2,1,2,144.0,22097,1.46434272,0,0,1
220979617003,25,p,1,0,181.0,36.408150201476,2,151.5,2,2,1,151.5,22097,1.46434272,0,0,1
220979603001,11,p,1,0,81.0,35.2301991054312,1,129.53334045410156,2,1,3,129.53334045410156,22097,1.46434272,0,0,1
220979602003,22,p,1,0,121.0,35.3859856926433,2,158.60000610351562,2,2,0,158.60000610351562,22097,1.46434272,0,0,0
220979604001,8,p,1,0,106.0,35.8089464471968,1,146.5500030517578,2,1,1,146.5500030517578,22097,1.46434272,0,0,1
220979607001,20,p,1,0,103.0,37.930411924395,3,169.8000030517578,2,2,1,169.8000030517578,22097,1.46434272,0,0,1
220979618001,20,p,1,0,174.0,37.5260961264104,3,180.3999938964844,2,2,1,180.3999938964844,22097,1.46434272,0,0,1
220979618004,22,p,1,0,209.0,37.4775839137268,2,155.8666534423828,2,2,2,155.8666534423828,22097,1.46434272,0,0,1
220979608001,12,p,1,0,56.0,39.4382996452498,3,152.0,2,2,2,152.0,22097,1.46434272,0,0,0
220979612002,42,p,1,0,272.0,36.0061308578229,3,141.0500030517578,2,1,2,141.0500030517578,22097,1.46434272,0,0,1
220690003004,8,p,1,0,57.0,32.6138612128052,4,176.59091186523438,1,2,3,176.59091186523438,22069,0.0,0,0,0
220190017003,19,p,1,0,113.0,46.4760706063139,2,258.4338599105638,2,2,1,258.4338599105638,22019,32.47305225,0,1,0
220190018015,50,p,1,0,165.0,56.505178255071,3,202.1000061035156,2,2,2,202.1000061035156,22019,32.47305225,0,1,0
220190019041,35,p,1,0,88.0,55.6599252372258,4,193.83666331862503,2,2,2,193.83666331862503,22019,32.47305225,0,1,0
220190022013,89,p,1,0,446.0,57.1206067862137,2,270.03997802734375,2,2,1,270.03997802734375,22019,32.47305225,0,1,0
220190023001,57,p,1,0,220.0,56.5043126798028,2,204.1937561035156,2,2,2,204.1937561035156,22019,32.47305225,0,1,0
220190019033,36,p,1,0,155.0,57.2385627432672,3,222.4956329549739,2,2,2,222.4956329549739,22019,32.47305225,0,1,0
220190022011,45,p,1,0,177.0,43.476293612658,3,300.05999755859375,2,2,0,300.05999755859375,22019,32.47305225,0,1,0
220190027003,24,p,1,0,147.0,53.3227887133829,2,174.0,2,2,3,174.0,22019,32.47305225,0,1,0
220550008002,4,p,1,0,42.0,35.9553312827393,3,163.80038425098746,2,2,1,163.80038425098746,22055,1.5760870500000002,0,0,1
220550016002,8,p,1,0,76.0,36.9455282501444,3,154.70991787362036,2,2,2,154.70991787362036,22055,1.5760870500000002,0,0,1
220550021043,27,p,1,0,104.0,35.9966254787237,2,168.14999389648438,2,2,2,168.14999389648438,22055,1.5760870500000002,0,0,1
220730052033,18,p,1,0,152.0,22.9247962749933,1,103.29211750697074,1,1,2,103.29211750697074,22073,0.0,0,0,0
220190034001,4,p,1,0,128.0,53.7296549643364,3,267.1000061035156,2,2,1,267.1000061035156,22019,32.47305225,1,1,0
220330040062,25,p,1,0,164.0,33.0178021059074,5,73.9351072362818,2,1,1,73.9351072362818,22033,0.02202799,0,0,1
220330040063,18,p,1,0,136.0,32.7559656105417,6,76.76277482943185,1,1,1,76.76277482943185,22033,0.02202799,0,0,1
220979615004,16,p,1,0,208.0,36.7037905652228,2,169.5244802453094,2,2,1,169.5244802453094,22097,1.46434272,0,0,1
220979617004,56,p,1,0,241.0,37.326466357971,2,166.85000610351562,2,2,1,166.85000610351562,22097,1.46434272,0,0,1
220730104001,33,p,1,0,170.0,25.5232056830726,2,105.16666412353516,1,1,2,105.16666412353516,22073,0.0,0,0,0
220730004011,34,p,1,0,309.0,20.3107394408563,0,118.8000030517578,1,1,1,118.8000030517578,22073,0.0,0,0,0
220730106031,54,p,1,0,329.0,19.8518292792543,0,155.5500030517578,1,2,0,155.5500030517578,22073,0.0,0,0,0
220730052011,12,p,1,0,101.0,25.3114184616194,2,98.41402610746998,1,1,2,98.41402610746998,22073,0.0,0,0,0
220730103023,28,p,1,0,150.0,21.5666019852751,1,85.4000015258789,1,1,2,85.4000015258789,22073,0.0,0,0,0
220730105031,37,p,1,0,177.0,27.6928172590313,2,112.44285583496094,1,1,2,112.44285583496094,22073,0.0,0,0,0
220730111001,28,p,1,0,117.0,22.3313822370552,2,115.0999984741211,1,1,1,115.0999984741211,22073,0.0,0,0,0
220730110001,9,p,1,0,133.0,22.1638596961068,2,126.0,1,1,1,126.0,22073,0.0,0,0,0
221259518004,26,p,1,0,184.0,31.4824891690655,4,84.0,1,1,1,84.0,22125,0.32906933,0,0,1
221259518001,16,p,1,0,80.0,31.9677212404497,4,93.3166732788086,1,1,1,93.3166732788086,22125,0.32906933,0,0,1
220750501002,24,p,1,0,57.0,30.5958331421021,5,98.86666870117188,1,1,3,98.86666870117188,22075,1.49824733,1,1,1
220350002001,4,p,1,0,55.0,20.8371759882809,0,158.3142852783203,1,2,1,158.3142852783203,22035,0.0108612,0,0,0
220050302062,75,p,1,0,276.0,37.9075621889777,4,78.8934561401592,2,1,1,78.8934561401592,22005,0.01186332,0,1,1
221030409001,12,p,1,0,200.0,30.6976626237264,4,231.49899723072284,1,2,3,231.49899723072284,22103,0.05873937,1,1,0
221030407063,16,p,1,0,98.0,30.9198256400894,4,212.5,1,2,3,212.5,22103,0.05873937,0,1,0
221030411012,6,p,1,0,57.0,30.3445466080341,4,149.74436644659025,1,1,5,149.74436644659025,22103,0.05873937,1,1,0
221030412043,15,p,1,0,95.0,29.9689622290966,4,122.16359369028623,1,1,5,122.16359369028623,22103,0.05873937,1,1,0
221030411024,25,p,1,0,102.0,30.3425821413698,4,183.6000061035156,1,2,3,183.6000061035156,22103,0.05873937,1,1,0
221030407052,49,p,1,0,215.0,30.7353356239984,4,209.55086480754227,1,2,4,209.55086480754227,22103,0.05873937,0,1,0
220870306011,5,p,1,0,63.0,30.6533570972853,5,86.84149607005763,1,1,3,86.84149607005763,22087,1.14608952,1,1,0
220750502001,40,p,1,0,315.0,30.5163182638865,5,96.4000015258789,1,1,3,96.4000015258789,22075,1.49824733,1,1,1
220750503002,15,p,1,0,96.0,30.3899533020448,5,100.47674938703906,1,1,3,100.47674938703906,22075,1.49824733,1,1,1
220150106013,43,p,1,0,171.0,32.3904233156459,2,53.838468996981874,1,1,0,53.838468996981874,22015,0.0,0,0,0
220150111054,96,p,1,0,382.0,34.1711733948137,1,84.6500015258789,2,1,1,84.6500015258789,22015,0.0,0,0,0
220150111072,30,p,1,0,61.0,30.7623199775404,2,38.082730162066575,1,1,0,38.082730162066575,22015,0.0,0,0,0
221230003002,8,p,1,0,53.0,20.3249491897328,0,168.82858276367188,1,2,0,168.82858276367188,22123,0.00828592,0,0,0
220950701002,19,p,1,0,138.0,37.3930145177165,3,138.84999084472656,2,1,3,138.84999084472656,22095,0.2488945099999999,1,1,1
220950703004,26,p,1,0,151.0,32.9521659689469,4,147.51170474677124,1,1,2,147.51170474677124,22095,0.2488945099999999,1,1,1
220950705003,23,p,1,0,140.0,33.0031773371419,3,139.30332901128045,2,1,3,139.30332901128045,22095,0.2488945099999999,1,1,1
220950711001,12,p,1,0,54.0,44.3147433060708,3,144.1750030517578,2,1,2,144.1750030517578,22095,0.2488945099999999,1,1,1
221119604003,38,p,1,0,129.0,28.9439182567504,2,100.0,1,1,2,100.0,22111,0.0,0,0,0
220479529002,24,p,1,0,192.0,34.345320137196,4,58.54444885253906,2,1,0,58.54444885253906,22047,0.33403865,0,1,1
220139705004,20,p,1,0,91.0,27.3643594656769,3,147.38461303710938,1,1,3,147.38461303710938,22013,0.0,0,0,0
221030407013,56,p,1,0,332.0,30.4300926766269,4,141.8000030517578,1,1,4,141.8000030517578,22103,0.05873937,0,1,0
220379515025,4,p,1,0,71.0,29.5422077593194,4,203.4333343505859,1,2,0,203.4333343505859,22037,0.25808331,0,0,1
220550014043,20,p,1,0,105.0,36.3246048172872,3,149.0701655005792,2,1,4,149.0701655005792,22055,1.5760870500000002,0,0,1
220170249003,12,p,1,0,81.0,22.655571985033,2,43.400001525878906,1,1,0,43.400001525878906,22017,0.0,0,0,0
220170211003,8,p,1,0,45.0,32.3248605929443,2,40.12335039450634,1,1,0,40.12335039450634,22017,0.0,0,0,0
220170254061,81,p,1,0,303.0,29.6833822916652,2,61.95000076293945,1,1,0,61.95000076293945,22017,0.0,0,0,0
220710017471,12,p,1,0,97.0,33.5107045583135,4,89.87750749454639,2,1,5,89.87750749454639,22071,0.06577263,1,1,0
220710017472,33,p,1,0,100.0,33.9924642826728,4,94.5999984741211,2,1,5,94.5999984741211,22071,0.06577263,1,1,0
220710133012,4,p,1,0,107.0,29.9491795769384,5,106.78137205144712,1,1,3,106.78137205144712,22071,0.06577263,1,1,1
220710134003,28,p,1,0,1190.0,30.057157371619,5,143.02217847194618,1,1,4,143.02217847194618,22071,0.06577263,1,1,1
220090306004,13,p,1,0,79.0,33.0741934242761,3,196.95999145507812,2,2,1,196.95999145507812,22009,1.52021072,0,0,0
220710006163,5,p,1,0,93.0,30.5653369935389,5,88.39538799273966,1,1,3,88.39538799273966,22071,0.06577263,1,1,1
220319501003,78,p,1,0,334.0,34.9822583314978,1,73.75999450683594,2,1,1,73.75999450683594,22031,0.0,0,0,0
220319507002,8,p,1,0,60.0,38.3954022865904,3,135.60665893554688,2,1,1,135.60665893554688,22031,0.0,0,0,0
220050301031,55,p,1,0,230.0,39.5990509772134,4,132.56666564941406,2,1,2,132.56666564941406,22005,0.01186332,1,1,1
220050301011,50,p,1,0,252.0,36.6908894125536,4,98.5,2,1,1,98.5,22005,0.01186332,0,1,1
220050302052,25,p,1,0,116.0,37.0256463732809,4,54.695726148618355,2,1,0,54.695726148618355,22005,0.01186332,0,1,1
220050305001,58,p,1,0,254.0,37.2652394466745,3,158.91819763183594,2,2,1,158.91819763183594,22005,0.01186332,1,1,1
220150110013,50,p,1,0,228.0,34.173712048564,1,65.30000305175781,2,1,0,65.30000305175781,22015,0.0,0,0,0
220150111083,127,p,1,0,422.0,31.4243931035965,2,33.13333511352539,1,1,0,33.13333511352539,22015,0.0,0,0,0
220710122001,4,p,1,0,56.0,29.8415644639938,5,146.00718426564865,1,1,4,146.00718426564865,22071,0.06577263,1,1,1
220150113001,4,p,1,0,43.0,31.9098188900991,2,37.400001525878906,1,1,0,37.400001525878906,22015,0.0,0,0,0
220150113002,63,p,1,0,408.0,32.052771601941,2,41.53111576903763,1,1,0,41.53111576903763,22015,0.0,0,0,0
220150111052,19,p,1,0,156.0,32.8077270793013,2,100.3536081152259,1,1,1,100.3536081152259,22015,0.0,0,0,0
220150111082,271,p,1,0,849.0,30.8280405600553,2,53.650001525878906,1,1,0,53.650001525878906,22015,0.0,0,0,0
220150112003,16,p,1,0,93.0,29.2094361720777,2,64.5,1,1,0,64.5,22015,0.0,0,0,0
220150108042,29,p,1,0,141.0,34.6762840647348,1,57.17283067019863,2,1,0,57.17283067019863,22015,0.0,0,0,0
220150108044,15,p,1,0,124.0,34.5601058199314,1,51.7471083388137,2,1,0,51.7471083388137,22015,0.0,0,0,0
220150111032,54,p,1,0,222.0,31.475320481095,2,46.55999755859375,1,1,0,46.55999755859375,22015,0.0,0,0,0
220150106011,12,p,1,0,141.0,32.1264189329654,2,49.193765832427886,1,1,0,49.193765832427886,22015,0.0,0,0,0
220150106021,32,p,1,0,150.0,31.8885188485382,2,44.97424149574296,1,1,0,44.97424149574296,22015,0.0,0,0,0
220150106022,63,p,1,0,325.0,32.1882550828912,2,47.003052033323826,1,1,0,47.003052033323826,22015,0.0,0,0,0
220890621003,12,p,1,0,97.0,28.4934619816377,5,125.47583148773664,1,1,4,125.47583148773664,22089,0.19315147,1,1,1
220890624001,4,p,1,0,69.0,28.4356348240827,5,136.45999145507812,1,1,3,136.45999145507812,22089,0.19315147,1,1,1
220890632002,11,p,1,0,54.0,31.0088477213492,4,167.19000244140625,1,2,2,167.19000244140625,22089,0.19315147,1,1,1
221230002002,27,p,1,0,210.0,20.0851428752795,0,155.8000030517578,1,2,1,155.8000030517578,22123,0.00828592,0,0,0
221230002001,12,p,1,0,198.0,20.3012488661002,0,175.90000915527344,1,2,1,175.90000915527344,22123,0.00828592,0,0,0
221230002003,12,p,1,0,92.0,20.1186328456017,0,154.16000366210938,1,2,1,154.16000366210938,22123,0.00828592,0,0,0
221139508006,7,p,1,0,45.0,39.5295390545585,3,152.11978179069413,2,2,2,152.11978179069413,22113,12.34417553,0,1,0
220790124001,27,p,1,0,158.0,32.2989519587196,3,218.07527181927256,1,2,1,218.07527181927256,22079,4.49269524,0,0,0
221059542001,14,p,1,0,241.0,36.9142367702211,3,110.30784171506126,2,1,1,110.30784171506126,22105,0.00826522,0,1,1
221010402001,5,p,1,0,133.0,37.1400123301664,4,61.23683013706112,2,1,0,61.23683013706112,22101,0.68496657,1,1,1
220630406006,27,p,1,0,136.0,34.7448215490345,4,133.31228400263933,2,1,1,133.31228400263933,22063,0.03585767,0,1,1
220239701002,46,p,1,0,219.0,53.1894276253504,3,222.0531311035156,2,2,0,222.0531311035156,22023,89.29875362,1,1,0
221139504004,13,p,1,0,121.0,35.5452818214321,3,129.82851451066983,2,1,4,129.82851451066983,22113,12.34417553,0,1,0
221139504005,8,p,1,0,122.0,35.7498121521191,3,121.8000030517578,2,1,4,121.8000030517578,22113,12.34417553,0,1,0
221139506002,14,p,1,0,110.0,38.8388287470313,3,131.62265512253526,2,1,4,131.62265512253526,22113,12.34417553,0,1,0
221139507002,4,p,1,0,86.0,39.1057859489917,3,134.37667064611472,2,1,4,134.37667064611472,22113,12.34417553,0,1,0
221139507004,10,p,1,0,81.0,39.0369145372329,3,142.89999389648438,2,1,4,142.89999389648438,22113,12.34417553,0,1,0
221010404004,4,p,1,0,43.0,37.6464097473437,5,56.89735889740014,2,1,0,56.89735889740014,22101,0.68496657,1,1,1
221010402004,8,p,1,0,100.0,38.1121643817258,4,59.29999923706055,2,1,0,59.29999923706055,22101,0.68496657,1,1,1
221010402003,12,p,1,0,107.0,37.5897374040484,4,57.805888843015225,2,1,0,57.805888843015225,22101,0.68496657,1,1,1
221010405003,8,p,1,0,81.0,37.3921495346091,5,56.900001525878906,2,1,0,56.900001525878906,22101,0.68496657,1,1,1
220450303021,13,p,1,0,100.0,40.978614931995,3,141.8000030517578,2,1,4,141.8000030517578,22045,3.09661809,0,1,1
220550021021,35,p,1,0,210.0,36.4417630035554,2,175.60000610351562,2,2,2,175.60000610351562,22055,1.5760870500000002,0,0,1
221010404005,4,p,1,0,60.0,37.612996357835,5,58.31052985428326,2,1,0,58.31052985428326,22101,0.68496657,1,1,1
220790124003,18,p,1,0,100.0,32.2333681651945,3,213.6843163273928,1,2,1,213.6843163273928,22079,4.49269524,0,0,0
220790126002,22,p,1,0,214.0,32.318915017561,3,225.21958511471888,1,2,1,225.21958511471888,22079,4.49269524,0,0,0
221010406001,20,p,1,0,106.0,38.37948048882,5,52.03326924336266,2,1,0,52.03326924336266,22101,0.68496657,1,1,1
221010406003,25,p,1,0,177.0,37.8005775834502,5,62.5,2,1,0,62.5,22101,0.68496657,1,1,1
221010407001,8,p,1,0,60.0,39.180621361951,5,59.764774606267714,2,1,0,59.764774606267714,22101,0.68496657,1,1,1
220630405003,28,p,1,0,91.0,34.870634123603,4,136.58126182861673,2,1,1,136.58126182861673,22063,0.03585767,0,1,1
220479527004,16,p,1,0,165.0,34.8090273013609,4,56.5333366394043,2,1,0,56.5333366394043,22047,0.33403865,0,1,1
221159507012,18,p,1,0,176.0,36.2314277479191,2,128.1729290519692,2,1,3,128.1729290519692,22115,19.00196373,0,0,0
220710046002,4,p,1,0,48.0,29.9622705452534,5,115.53187124617249,1,1,5,115.53187124617249,22071,0.06577263,1,1,1
220550010023,4,p,1,0,36.0,35.5500561365808,3,168.3057632040781,2,2,3,168.3057632040781,22055,1.5760870500000002,0,0,1
220550010031,9,p,1,0,106.0,36.1756147990985,3,169.85323795604995,2,2,2,169.85323795604995,22055,1.5760870500000002,0,0,1
220550010032,17,p,1,0,96.0,35.8771571963427,3,165.10000610351562,2,2,3,165.10000610351562,22055,1.5760870500000002,0,0,1
220550010033,14,p,1,0,71.0,35.827471638737,3,166.4491492402976,2,2,2,166.4491492402976,22055,1.5760870500000002,0,0,1
220550011001,13,p,1,0,105.0,35.5396315620629,3,163.27670050797047,2,2,1,163.27670050797047,22055,1.5760870500000002,0,0,1
220550012001,26,p,1,0,147.0,36.1554094288839,3,165.87826571528498,2,2,3,165.87826571528498,22055,1.5760870500000002,0,0,1
220550012002,23,p,1,0,110.0,35.9640489304523,3,162.39999389648438,2,2,3,162.39999389648438,22055,1.5760870500000002,0,0,1
220550012003,30,p,1,0,111.0,35.9159456561054,3,163.46196180804284,2,2,3,163.46196180804284,22055,1.5760870500000002,0,0,1
220550012004,18,p,1,0,55.0,36.2956175143349,3,166.50552065539406,2,2,3,166.50552065539406,22055,1.5760870500000002,0,0,1
220550013003,4,p,1,0,46.0,36.0696452269448,3,167.43936476499803,2,2,2,167.43936476499803,22055,1.5760870500000002,0,0,1
220550013004,17,p,1,0,86.0,36.5233673289732,3,167.10000610351562,2,2,3,167.10000610351562,22055,1.5760870500000002,0,0,1
220550010012,26,p,1,0,170.0,36.6469883700239,3,163.10000610351562,2,2,2,163.10000610351562,22055,1.5760870500000002,0,0,1
220550019032,22,p,1,0,175.0,38.8898853825251,3,145.53854097107643,2,1,3,145.53854097107643,22055,1.5760870500000002,0,0,1
220550014091,70,p,1,0,390.0,37.2341953172271,3,144.36571840199937,2,1,4,144.36571840199937,22055,1.5760870500000002,0,0,1
220550020024,20,p,1,0,130.0,38.4826792862068,3,158.75349331518944,2,2,2,158.75349331518944,22055,1.5760870500000002,0,0,1
220550010021,7,p,1,0,94.0,35.4578264279214,3,173.7700851994165,2,2,3,173.7700851994165,22055,1.5760870500000002,0,0,1
220550014042,28,p,1,0,241.0,36.2013837072087,3,151.13298151681613,2,2,2,151.13298151681613,22055,1.5760870500000002,0,0,1
220550021041,20,p,1,0,166.0,37.5167994616857,2,165.8000030517578,2,2,2,165.8000030517578,22055,1.5760870500000002,0,0,1
220550013001,8,p,1,0,40.0,35.9617221187844,3,163.92690473350365,2,2,3,163.92690473350365,22055,1.5760870500000002,0,0,1
220550021042,38,p,1,0,256.0,37.4140211591014,3,173.10139557299894,2,2,2,173.10139557299894,22055,1.5760870500000002,0,0,1
220550021031,6,p,1,0,42.0,35.695351514431,3,170.9917888515082,2,2,2,170.9917888515082,22055,1.5760870500000002,0,0,1
220090304002,15,p,1,0,123.0,31.6597835277174,3,129.60000610351562,1,1,2,129.60000610351562,22009,1.52021072,0,0,0
220870308002,10,p,1,0,59.0,31.0136755341058,5,92.41299790200634,1,1,3,92.41299790200634,22087,1.14608952,1,1,0
221010414001,12,p,1,0,59.0,32.6591635448145,5,83.85000610351562,1,1,1,83.85000610351562,22101,0.68496657,1,1,1
220090304003,5,p,1,0,88.0,31.840528463266,3,132.02003490285185,1,1,2,132.02003490285185,22009,1.52021072,0,0,0
220090305005,39,p,1,0,96.0,32.4487979026225,3,143.89999389648438,1,1,2,143.89999389648438,22009,1.52021072,0,0,0
220090303001,22,p,1,0,138.0,32.4133450754335,4,173.7571563720703,1,2,1,173.7571563720703,22009,1.52021072,0,0,0
220090308001,31,p,1,0,175.0,33.2046583853776,2,144.1800079345703,2,1,2,144.1800079345703,22009,1.52021072,0,0,1
220090302001,18,p,1,0,177.0,32.0682384387191,4,147.68235778808594,1,1,2,147.68235778808594,22009,1.52021072,0,0,0
220090305003,4,p,1,0,47.0,32.4476925955544,3,135.0,1,1,2,135.0,22009,1.52021072,0,0,0
220090304005,8,p,1,0,122.0,31.3972031229315,3,131.3000030517578,1,1,2,131.3000030517578,22009,1.52021072,0,0,0
220710006071,24,p,1,0,33.0,30.6338761088568,5,89.22244227496286,1,1,3,89.22244227496286,22071,0.06577263,1,1,1
221030407103,19,p,1,0,159.0,30.8914580286155,4,238.0116801144116,1,2,3,238.0116801144116,22103,0.05873937,1,1,0
220330040111,4,p,1,0,110.0,33.5240118975402,4,63.610542727936824,2,1,0,63.610542727936824,22033,0.02202799,0,0,1
221030407102,27,p,1,0,121.0,30.8620985778042,4,236.68665207738607,1,2,3,236.68665207738607,22103,0.05873937,1,1,0
221030410023,4,p,1,0,106.0,30.7398039691441,4,224.9468086727952,1,2,3,224.9468086727952,22103,0.05873937,1,1,0
221010414003,8,p,1,0,53.0,32.4460176413683,5,87.16901874310558,1,1,2,87.16901874310558,22101,0.68496657,1,1,1
220870301032,40,p,1,0,118.0,33.4186015040318,4,115.83103811509837,2,1,3,115.83103811509837,22087,1.14608952,1,1,0
220870301034,35,p,1,0,80.0,33.3686806349716,4,110.9000015258789,2,1,3,110.9000015258789,22087,1.14608952,1,1,0
220870302031,4,p,1,0,38.0,30.9325922314626,5,98.37891007636516,1,1,3,98.37891007636516,22087,1.14608952,1,1,0
220330042041,8,p,1,0,32.0,30.910483760775,4,209.8065584995545,1,2,0,209.8065584995545,22033,0.02202799,0,0,1
221030409002,9,p,1,0,71.0,30.6295636369633,4,219.96657522444423,1,2,3,219.96657522444423,22103,0.05873937,1,1,0
220630407001,10,p,1,0,59.0,33.6678457453294,4,156.61435969855862,2,2,0,156.61435969855862,22063,0.03585767,0,1,1
220330042052,15,p,1,0,85.0,31.5994143709209,4,193.3592276692123,1,2,0,193.3592276692123,22033,0.02202799,0,0,1
220330043022,19,p,1,0,114.0,30.5488244884859,4,191.8000030517578,1,2,1,191.8000030517578,22033,0.02202799,0,0,1
220330043023,24,p,1,0,169.0,30.0374620901356,4,197.1000061035156,1,2,1,197.1000061035156,22033,0.02202799,0,0,1
220330045033,11,p,1,0,89.0,32.6087802829536,5,142.74424153385138,1,1,1,142.74424153385138,22033,0.02202799,0,0,1
220330045034,8,p,1,0,63.0,32.5531100119837,5,143.38073095511203,1,1,1,143.38073095511203,22033,0.02202799,0,0,1
220330045042,30,p,1,0,107.0,33.0606448898781,4,130.08746058972318,2,1,1,130.08746058972318,22033,0.02202799,0,0,1
220330045043,25,p,1,0,120.0,33.2023565602372,4,128.21313305138193,2,1,1,128.21313305138193,22033,0.02202799,0,0,1
220330045053,38,p,1,0,159.0,33.4783605602546,4,122.40880732834472,2,1,1,122.40880732834472,22033,0.02202799,0,0,1
220330045052,45,p,1,0,228.0,34.2663094001932,4,104.8000030517578,2,1,1,104.8000030517578,22033,0.02202799,0,0,1
220330045071,8,p,1,0,48.0,34.2321953485984,4,101.67280746239229,2,1,1,101.67280746239229,22033,0.02202799,0,0,1
220330045072,43,p,1,0,170.0,34.3748103450505,4,94.38654279269444,2,1,1,94.38654279269444,22033,0.02202799,0,0,1
220450316001,14,p,1,0,91.0,34.4715295257681,4,101.1999969482422,2,1,2,101.1999969482422,22045,3.09661809,1,1,1
220330046022,12,p,1,0,113.0,30.2620882902156,4,234.5,1,2,0,234.5,22033,0.02202799,0,0,1
221030407043,22,p,1,0,88.0,30.6353760100567,4,158.89999389648438,1,2,4,158.89999389648438,22103,0.05873937,0,1,0
221030407053,26,p,1,0,175.0,30.7555972155076,4,219.8999938964844,1,2,4,219.8999938964844,22103,0.05873937,0,1,0
220330046041,7,p,1,0,111.0,30.4701201408897,4,197.31456456416137,1,2,0,197.31456456416137,22033,0.02202799,0,0,1
220510205141,4,p,1,0,100.0,29.2401295101357,5,109.0081386614846,1,1,2,109.0081386614846,22051,0.05823747,1,1,1
220510205143,23,p,1,0,85.0,29.2259967316141,5,112.37655796745692,1,1,2,112.37655796745692,22051,0.05823747,1,1,1
220510206001,4,p,1,0,57.0,28.9923975030807,5,133.07306047917777,1,1,3,133.07306047917777,22051,0.05823747,1,1,1
220510210001,14,p,1,0,43.0,29.1208843712292,5,122.83247109634094,1,1,2,122.83247109634094,22051,0.05823747,1,1,1
220510249001,16,p,1,0,214.0,29.6844616207062,5,103.20572365079232,1,1,4,103.20572365079232,22051,0.05823747,1,1,1
220510250012,14,p,1,0,106.0,30.2973797514974,5,91.11744460463407,1,1,3,91.11744460463407,22051,0.05823747,1,1,1
220510276013,8,p,1,0,53.0,29.2447486910717,5,105.3000030517578,1,1,4,105.3000030517578,22051,0.05823747,1,1,1
220510276014,12,p,1,0,105.0,29.0584368130569,5,114.5,1,1,3,114.5,22051,0.05823747,1,1,1
220510276023,16,p,1,0,82.0,29.5623070001957,5,104.13592080689352,1,1,5,104.13592080689352,22051,0.05823747,1,1,1
221059536002,20,p,1,0,59.0,38.0951456188787,3,137.5,2,1,2,137.5,22105,0.00826522,0,1,0
221059538001,29,p,1,0,144.0,36.7315724333378,3,134.39999389648438,2,1,1,134.39999389648438,22105,0.00826522,0,1,1
221059538003,13,p,1,0,108.0,36.8907943658689,3,234.5333251953125,2,2,0,234.5333251953125,22105,0.00826522,0,1,1
220330049003,8,p,1,0,141.0,33.3431700720252,4,64.73033759167964,2,1,0,64.73033759167964,22033,0.02202799,0,0,1
220330049004,9,p,1,0,63.0,33.4081717171474,4,65.68828205782972,2,1,0,65.68828205782972,22033,0.02202799,0,0,1
220330050001,8,p,1,0,80.0,33.2134563127825,4,72.5999984741211,2,1,2,72.5999984741211,22033,0.02202799,0,0,1
220450303022,44,p,1,0,219.0,40.73772386563,3,146.10000610351562,2,1,4,146.10000610351562,22045,3.09661809,0,1,1
220239702011,15,p,1,0,162.0,52.6690655123561,3,168.99258422851562,2,2,1,168.99258422851562,22023,89.29875362,1,1,0
220239701005,32,p,1,0,136.0,53.6214492813029,3,161.5625,2,2,0,161.5625,22023,89.29875362,1,1,0
220330040093,22,p,1,0,124.0,33.3854918067988,4,84.5999984741211,2,1,1,84.5999984741211,22033,0.02202799,0,0,1
220330040091,26,p,1,0,141.0,34.727989891784,4,80.07901845108368,2,1,1,80.07901845108368,22033,0.02202799,0,0,1
220330040102,4,p,1,0,97.0,33.1278965807501,5,77.53969700538644,2,1,1,77.53969700538644,22033,0.02202799,0,0,1
220050303001,170,p,1,0,566.0,37.7223913965751,3,80.75999450683594,2,1,1,80.75999450683594,22005,0.01186332,1,1,1
220050309002,4,p,1,0,44.0,38.4084551777161,3,43.34285736083984,2,1,0,43.34285736083984,22005,0.01186332,1,1,1
220419502001,38,p,1,0,182.0,22.8526427908788,1,176.1555633544922,1,2,0,176.1555633544922,22041,0.00585853,0,0,0
220419504002,22,p,1,0,146.0,23.9491270213334,2,145.55833435058594,1,1,1,145.55833435058594,22041,0.00585853,0,0,0
220330042012,8,p,1,0,42.0,31.7812083739474,4,191.1092592379509,1,2,0,191.1092592379509,22033,0.02202799,0,0,1
220330042016,6,p,1,0,32.0,32.0083158457654,4,179.43689688473856,1,2,0,179.43689688473856,22033,0.02202799,0,0,1
221030407092,50,p,1,0,261.0,30.8193393300353,4,223.69007336140183,1,2,3,223.69007336140183,22103,0.05873937,1,1,0
220710006021,8,p,1,0,33.0,30.2538911472056,5,89.31337647471558,1,1,5,89.31337647471558,22071,0.06577263,1,1,1
220330044031,17,p,1,0,236.0,32.3717627620307,5,165.53522639125543,1,2,0,165.53522639125543,22033,0.02202799,0,0,1
220330044034,24,p,1,0,82.0,31.6590087288383,4,161.0,1,2,0,161.0,22033,0.02202799,0,0,1
221030407064,12,p,1,0,64.0,30.8354657944683,4,220.19052057184712,1,2,3,220.19052057184712,22103,0.05873937,0,1,0
220330045032,21,p,1,0,76.0,32.948839245875,5,132.4007521880496,1,1,1,132.4007521880496,22033,0.02202799,0,0,1
220330045073,30,p,1,0,172.0,34.4446738168863,4,91.5999984741211,2,1,1,91.5999984741211,22033,0.02202799,0,0,1
220330045082,16,p,1,0,90.0,34.7642873426331,4,93.78581436241667,2,1,1,93.78581436241667,22033,0.02202799,0,0,1
220330045083,15,p,1,0,170.0,34.9328330995842,4,91.22712402887528,2,1,1,91.22712402887528,22033,0.02202799,0,0,1
220330046021,34,p,1,0,138.0,29.641255295248,4,238.8666534423828,1,2,0,238.8666534423828,22033,0.02202799,0,0,1
220450304002,17,p,1,0,102.0,39.2576063211659,4,179.10000610351562,2,2,2,179.10000610351562,22045,3.09661809,0,1,1
220450305003,16,p,1,0,112.0,37.1598509346673,5,109.4467672001238,2,1,3,109.4467672001238,22045,3.09661809,0,1,1
220450306002,13,p,1,0,143.0,35.8103305569584,5,108.86168828924934,2,1,3,108.86168828924934,22045,3.09661809,0,1,1
220450306004,21,p,1,0,169.0,35.8018509825171,5,108.17207630378074,2,1,3,108.17207630378074,22045,3.09661809,0,1,1
220450307001,14,p,1,0,150.0,36.5680962589614,5,108.52681891988568,2,1,3,108.52681891988568,22045,3.09661809,0,1,1
220450307002,6,p,1,0,75.0,36.3004314078862,5,108.99336797574418,2,1,3,108.99336797574418,22045,3.09661809,0,1,1
220790135002,13,p,1,0,101.0,33.3456659513461,3,383.3285827636719,2,2,2,383.3285827636719,22079,4.49269524,0,0,0
220450313003,12,p,1,0,118.0,35.0938148521309,5,112.0,2,1,3,112.0,22045,3.09661809,1,1,1
221030410033,23,p,1,0,83.0,30.7743723624221,4,222.50320098946915,1,2,3,222.50320098946915,22103,0.05873937,1,1,0
220330049001,4,p,1,0,52.0,33.4484298293836,4,62.831012591359546,2,1,0,62.831012591359546,22033,0.02202799,0,0,1
221030411042,30,p,1,0,117.0,30.5045436984444,4,201.85959031873656,1,2,3,201.85959031873656,22103,0.05873937,1,1,0
220450306001,21,p,1,0,148.0,36.0446695259169,5,112.0999984741211,2,1,2,112.0999984741211,22045,3.09661809,0,1,1
220450306003,36,p,1,0,171.0,35.1651023139869,4,101.8726989257372,2,1,3,101.8726989257372,22045,3.09661809,0,1,1
221159507041,18,p,1,0,79.0,36.4868226733603,2,154.5686652559438,2,2,2,154.5686652559438,22115,19.00196373,0,0,0
220450311003,32,p,1,0,195.0,36.387126958252,5,110.24407079407578,2,1,3,110.24407079407578,22045,3.09661809,0,1,1
220450312001,22,p,1,0,133.0,37.1856661793597,5,116.573129718773,2,1,3,116.573129718773,22045,3.09661809,0,1,1
220790106003,24,p,1,0,160.0,37.6139277485109,3,285.7545471191406,2,2,1,285.7545471191406,22079,4.49269524,0,0,0
220790101001,15,p,1,0,181.0,29.6086797630519,4,221.25,1,2,0,221.25,22079,4.49269524,0,0,0
220790103001,16,p,1,0,185.0,30.6680964138877,3,217.3000030517578,1,2,0,217.3000030517578,22079,4.49269524,0,0,0
220790134001,20,p,1,0,149.0,32.6019393376807,4,280.71002197265625,1,2,1,280.71002197265625,22079,4.49269524,0,0,0
220790115003,45,p,1,0,282.0,30.2176004932883,3,241.6000061035156,1,2,1,241.6000061035156,22079,4.49269524,0,0,0
220790101005,30,p,1,0,121.0,31.8050024812555,4,170.3000030517578,1,2,0,170.3000030517578,22079,4.49269524,0,0,0
220790103004,9,p,1,0,92.0,30.6597537384635,3,219.20663078134788,1,2,1,219.20663078134788,22079,4.49269524,0,0,0
220790107003,17,p,1,0,126.0,35.6941547150817,3,240.46665954589844,2,2,2,240.46665954589844,22079,4.49269524,0,0,0
220790105002,8,p,1,0,92.0,36.0031920072448,3,199.25,2,2,1,199.25,22079,4.49269524,0,0,0
220479532003,37,p,1,0,144.0,35.0280976798111,3,44.5,2,1,0,44.5,22047,0.33403865,0,1,1
220479532001,8,p,1,0,72.0,35.0152447446901,4,56.97999954223633,2,1,0,56.97999954223633,22047,0.33403865,0,1,1
220479526002,8,p,1,0,77.0,34.9767696229572,3,54.900001525878906,2,1,0,54.900001525878906,22047,0.33403865,0,1,1
220550014101,128,p,1,0,600.0,36.6473685201645,3,171.5,2,2,3,171.5,22055,1.5760870500000002,0,0,1
220790139001,24,p,1,0,164.0,32.2339420904067,3,243.69502207795736,1,2,1,243.69502207795736,22079,4.49269524,0,0,0
220479531011,11,p,1,0,117.0,34.918487097914,4,59.86325094827653,2,1,0,59.86325094827653,22047,0.33403865,0,1,1
220479531012,9,p,1,0,163.0,34.8403929658936,4,58.80021327911662,2,1,0,58.80021327911662,22047,0.33403865,0,1,1
220710006161,4,p,1,0,40.0,30.6465454885905,5,89.81488393181488,1,1,3,89.81488393181488,22071,0.06577263,1,1,1
220330043013,40,p,1,0,283.0,30.4653789696943,5,177.89999389648438,1,2,0,177.89999389648438,22033,0.02202799,0,0,1
220790138002,12,p,1,0,120.0,32.2122772007648,3,222.3206736816223,1,2,1,222.3206736816223,22079,4.49269524,0,0,0
220330045031,26,p,1,0,93.0,32.9513405174918,4,143.63499760471953,1,1,1,143.63499760471953,22033,0.02202799,0,0,1
220330047004,24,p,1,0,93.0,29.6196100672352,4,211.95001220703125,1,2,1,211.95001220703125,22033,0.02202799,0,0,1
220330045101,42,p,1,0,269.0,35.6873266673649,4,75.69999694824219,2,1,1,75.69999694824219,22033,0.02202799,0,0,1
220510230033,19,p,1,0,68.0,29.386624324365,5,102.08936461454144,1,1,1,102.08936461454144,22051,0.05823747,1,1,1
220550014103,35,p,1,0,283.0,37.1750419047929,3,146.43499337015206,2,1,4,146.43499337015206,22055,1.5760870500000002,0,0,1
220550018011,13,p,1,0,136.0,37.7879179006534,3,145.44892622955138,2,1,3,145.44892622955138,22055,1.5760870500000002,0,0,1
220550008003,14,p,1,0,53.0,35.8787457829803,3,163.21272559250605,2,2,2,163.21272559250605,22055,1.5760870500000002,0,0,1
221210201002,16,p,1,0,90.0,33.5390960148283,4,79.58586126791263,2,1,1,79.58586126791263,22121,0.36837128,0,0,1
221210203001,20,p,1,0,178.0,35.1072196138086,4,60.21818542480469,2,1,0,60.21818542480469,22121,0.36837128,0,0,1
220550002001,8,p,1,0,95.0,35.872422433656,3,166.36531069676045,2,2,2,166.36531069676045,22055,1.5760870500000002,0,0,1
220550022001,37,p,1,0,318.0,36.1091986581671,3,164.38857742787727,2,2,2,164.38857742787727,22055,1.5760870500000002,0,0,1
220550006031,12,p,1,0,58.0,37.3760870059383,3,167.9455013136035,2,2,2,167.9455013136035,22055,1.5760870500000002,0,0,1
220730108002,12,p,1,0,78.0,22.9805551715123,1,120.3000030517578,1,1,2,120.3000030517578,22073,0.0,0,0,0
220550010022,16,p,1,0,85.0,35.4986537524523,3,172.729101337257,2,2,3,172.729101337257,22055,1.5760870500000002,0,0,1
220550022003,25,p,1,0,163.0,35.7073384523154,3,164.26804182154024,2,2,2,164.26804182154024,22055,1.5760870500000002,0,0,1
220550011002,21,p,1,0,128.0,35.6442330189898,3,163.20321625077915,2,2,2,163.20321625077915,22055,1.5760870500000002,0,0,1
220550006044,16,p,1,0,116.0,37.1423808365057,3,164.72758517258384,2,2,2,164.72758517258384,22055,1.5760870500000002,0,0,1
220550006043,17,p,1,0,131.0,37.7639074363005,3,160.2792342975742,2,2,2,160.2792342975742,22055,1.5760870500000002,0,0,1
220550014112,14,p,1,0,124.0,37.0244408973248,3,153.39999389648438,2,2,2,153.39999389648438,22055,1.5760870500000002,0,0,1
220550011004,8,p,1,0,72.0,35.6558849843176,3,162.88501172398503,2,2,2,162.88501172398503,22055,1.5760870500000002,0,0,1
220599702003,24,p,1,0,154.0,26.2359150252887,3,198.8500061035156,1,2,0,198.8500061035156,22059,0.0,0,0,0
220599703005,4,p,1,0,83.0,29.5010549131718,4,205.51998901367188,1,2,0,205.51998901367188,22059,0.0,0,0,0
220979611001,15,p,1,0,97.0,36.6990534749436,2,160.59487053932315,2,2,1,160.59487053932315,22097,1.46434272,0,0,0
220979611002,4,p,1,0,48.0,36.4340407802809,3,158.23994424067237,2,2,1,158.23994424067237,22097,1.46434272,0,0,0
220979611003,12,p,1,0,89.0,36.4538399201697,3,161.45265722032676,2,2,1,161.45265722032676,22097,1.46434272,0,0,0
220979616001,4,p,1,0,20.0,36.3990261619591,2,170.57025321684452,2,2,1,170.57025321684452,22097,1.46434272,0,0,1
220979617005,20,p,1,0,111.0,35.5759516813994,2,157.39999389648438,2,2,1,157.39999389648438,22097,1.46434272,0,0,1
220979619002,8,p,1,0,64.0,36.4879848569131,2,150.0479880515563,2,2,1,150.0479880515563,22097,1.46434272,0,0,1
220510211003,15,p,1,0,37.0,29.1471729976504,5,122.75185240069816,1,1,2,122.75185240069816,22051,0.05823747,1,1,1
220510279021,29,p,1,0,167.0,37.6149524377436,4,91.88780212402344,2,1,3,91.88780212402344,22051,0.05823747,1,1,1
220510205083,21,p,1,0,122.0,28.9212915013581,5,140.8264201523686,1,1,3,140.8264201523686,22051,0.05823747,1,1,1
220510203023,4,p,1,0,67.0,29.407057740626,5,96.80311908247884,1,1,3,96.80311908247884,22051,0.05823747,1,1,1
220510272001,8,p,1,0,102.0,29.6783242633472,5,96.361421966065,1,1,5,96.361421966065,22051,0.05823747,1,1,1
220510250033,4,p,1,0,63.0,30.2713959913222,5,91.56055244619048,1,1,3,91.56055244619048,22051,0.05823747,1,1,1
220510278101,12,p,1,0,65.0,29.9590645625092,5,87.88889868240224,1,1,4,87.88889868240224,22051,0.05823747,1,1,1
221010410001,13,p,1,0,63.0,31.7225316366611,5,78.79130554199219,1,1,1,78.79130554199219,22101,0.68496657,1,1,1
221010406002,12,p,1,0,73.0,38.3025694164362,5,52.72766247014087,2,1,0,52.72766247014087,22101,0.68496657,1,1,1
221010404002,4,p,1,0,62.0,37.9025470206774,5,56.45958227165136,2,1,0,56.45958227165136,22101,0.68496657,1,1,1
220599701001,28,p,1,0,241.0,26.3802008911866,3,172.7166748046875,1,2,0,172.7166748046875,22059,0.0,0,0,0
221179508002,4,p,1,0,60.0,29.837179503985,4,111.27049798629268,1,1,4,111.27049798629268,22117,0.0022141099999999,0,0,0
220599702002,12,p,1,0,77.0,26.4562701916196,3,195.99397252320333,1,2,0,195.99397252320333,22059,0.0,0,0,0
220599702006,4,p,1,0,68.0,27.7931906651754,3,190.1000061035156,1,2,0,190.1000061035156,22059,0.0,0,0,0
220599701003,12,p,1,0,52.0,27.9592074266957,3,198.38182067871097,1,2,0,198.38182067871097,22059,0.0,0,0,0
220599702001,25,p,1,0,137.0,26.603762864561,3,201.9499969482422,1,2,0,201.9499969482422,22059,0.0,0,0,0
220599703004,4,p,1,0,64.0,26.6697774870184,3,199.6800079345703,1,2,0,199.6800079345703,22059,0.0,0,0,0
220599703001,20,p,1,0,92.0,29.2809506402626,3,201.9499969482422,1,2,0,201.9499969482422,22059,0.0,0,0,0
220979606002,4,p,1,0,82.0,36.0635749611208,2,153.1666717529297,2,2,1,153.1666717529297,22097,1.46434272,0,0,1
220979612001,6,p,1,0,82.0,35.8170040245412,3,151.0,2,2,1,151.0,22097,1.46434272,0,0,1
220979605002,32,p,1,0,200.0,35.1296062022081,2,167.5600128173828,2,2,2,167.5600128173828,22097,1.46434272,0,0,1
220979607002,17,p,1,0,90.0,36.6740076391995,3,150.5,2,2,1,150.5,22097,1.46434272,0,0,1
220979618002,9,p,1,0,118.0,38.3587311542684,3,195.4333343505859,2,2,1,195.4333343505859,22097,1.46434272,0,0,1
220979619001,9,p,1,0,115.0,37.0871771013235,2,155.39999389648438,2,2,1,155.39999389648438,22097,1.46434272,0,0,1
220979602002,12,p,1,0,60.0,35.0062660085214,2,157.03750610351562,2,2,1,157.03750610351562,22097,1.46434272,0,0,1
220979602004,16,p,1,0,73.0,36.6726003983178,2,157.0,2,2,1,157.0,22097,1.46434272,0,0,1
220979612003,7,p,1,0,49.0,35.8593088747843,3,157.0,2,2,0,157.0,22097,1.46434272,0,0,1
220979613003,19,p,1,0,107.0,36.5149260106514,2,172.2243533194055,2,2,1,172.2243533194055,22097,1.46434272,0,0,1
220979614001,11,p,1,0,112.0,37.0145342131394,2,164.72633375880244,2,2,1,164.72633375880244,22097,1.46434272,0,0,1
220450316003,7,p,1,0,64.0,33.9213563208293,4,103.86711883544922,2,1,3,103.86711883544922,22045,3.09661809,1,1,1
220450303023,22,p,1,0,210.0,40.5260920764109,4,203.7833251953125,2,2,2,203.7833251953125,22045,3.09661809,1,1,1
220450302001,25,p,1,0,128.0,35.5970738721734,4,103.33333587646484,2,1,3,103.33333587646484,22045,3.09661809,0,1,1
220450313002,30,p,1,0,162.0,36.0643195384958,4,103.5,2,1,3,103.5,22045,3.09661809,1,1,1
220450313001,27,p,1,0,271.0,35.557731141316,5,109.70000457763672,2,1,3,109.70000457763672,22045,3.09661809,0,1,1
220450302003,25,p,1,0,162.0,33.4274555329101,4,83.86666870117188,2,1,2,83.86666870117188,22045,3.09661809,0,1,1
220819601004,20,p,1,0,81.0,35.8725702460414,2,126.4124984741211,2,1,2,126.4124984741211,22081,0.0,0,0,0
220819601001,8,p,1,0,70.0,28.0460915315362,4,214.2571563720703,1,2,3,214.2571563720703,22081,0.0,0,0,0
220510225001,8,p,1,0,69.0,29.6901100105545,5,103.23397883778492,1,1,4,103.23397883778492,22051,0.05823747,1,1,1
220510266001,4,p,1,0,56.0,29.9135031192169,5,91.33424671920872,1,1,6,91.33424671920872,22051,0.05823747,1,1,1
220979607003,5,p,1,0,41.0,36.0353357903252,3,154.32638346242626,2,2,1,154.32638346242626,22097,1.46434272,0,0,1
220730002001,4,p,1,0,88.0,23.0209898408016,1,113.47984439802566,1,1,2,113.47984439802566,22073,0.0,0,0,0
220750502002,21,p,1,0,127.0,30.3051546649947,5,93.9000015258789,1,1,3,93.9000015258789,22075,1.49824733,1,1,1
220979619003,4,p,1,0,84.0,36.602136640014,2,151.99598742432866,2,2,1,151.99598742432866,22097,1.46434272,0,0,1
220979607004,21,p,1,0,125.0,35.1808185436676,3,158.61666870117188,2,2,0,158.61666870117188,22097,1.46434272,0,0,1
220979617002,13,p,1,0,90.0,37.2186050899338,2,166.85000610351562,2,2,1,166.85000610351562,22097,1.46434272,0,0,1
220510202033,13,p,1,0,96.0,29.5263463256462,5,99.6636807209288,1,1,3,99.6636807209288,22051,0.05823747,1,1,1
220510270001,16,p,1,0,77.0,29.7421846754033,5,91.60753564511624,1,1,5,91.60753564511624,22051,0.05823747,1,1,1
220510202031,8,p,1,0,73.0,29.5781078258748,5,100.07853499753634,1,1,3,100.07853499753634,22051,0.05823747,1,1,1
220510205133,20,p,1,0,69.0,29.1761411440495,5,114.5374546330815,1,1,2,114.5374546330815,22051,0.05823747,1,1,1
220510202034,4,p,1,0,76.0,29.5548150617719,5,99.94452555826004,1,1,3,99.94452555826004,22051,0.05823747,1,1,1
220510217002,12,p,1,0,50.0,29.4280982256682,5,97.97169231124867,1,1,3,97.97169231124867,22051,0.05823747,1,1,1
220510231002,8,p,1,0,89.0,29.4373829820194,5,104.6479400925648,1,1,2,104.6479400925648,22051,0.05823747,1,1,1
220819603003,34,p,1,0,86.0,41.3555027316092,3,154.10000610351562,2,2,1,154.10000610351562,22081,0.0,0,0,0
220819601003,40,p,1,0,131.0,33.4336494416951,3,161.33636474609375,2,2,1,161.33636474609375,22081,0.0,0,0,0
220510235001,27,p,1,0,116.0,29.2119122309935,5,110.02842310157342,1,1,2,110.02842310157342,22051,0.05823747,1,1,1
220510278113,6,p,1,0,49.0,29.9955435564777,5,88.77533748286649,1,1,3,88.77533748286649,22051,0.05823747,1,1,1
220510213002,20,p,1,0,43.0,29.2007307831863,5,117.43005618271846,1,1,2,117.43005618271846,22051,0.05823747,1,1,1
220510272004,17,p,1,0,53.0,29.6403116504066,5,108.78665528047864,1,1,5,108.78665528047864,22051,0.05823747,1,1,1
220510205063,31,p,1,0,108.0,29.1814400989229,5,117.21286772560182,1,1,2,117.21286772560182,22051,0.05823747,1,1,1
220510205134,11,p,1,0,52.0,29.1936596506957,5,114.8720672447317,1,1,2,114.8720672447317,22051,0.05823747,1,1,1
220979603002,23,p,1,0,97.0,34.8656484357053,2,131.8000030517578,2,1,3,131.8000030517578,22097,1.46434272,0,0,1
220979603003,14,p,1,0,69.0,35.0447939751072,1,128.89264839404305,2,1,3,128.89264839404305,22097,1.46434272,0,0,1
220979606001,17,p,1,0,117.0,36.8731784751592,2,150.0,2,1,1,150.0,22097,1.46434272,0,0,1
220979606004,39,p,1,0,184.0,35.5155304315822,2,152.22500610351562,2,2,1,152.22500610351562,22097,1.46434272,0,0,1
220870305001,4,p,1,0,35.0,30.5711862999882,5,88.41531622015098,1,1,3,88.41531622015098,22087,1.14608952,1,1,0
220870306012,4,p,1,0,37.0,30.7199389844171,5,87.91547541018164,1,1,3,87.91547541018164,22087,1.14608952,1,1,0
220499704002,12,p,1,0,60.0,28.0177003334985,3,127.0,1,1,2,127.0,22049,0.0,0,0,0
220979608002,23,p,1,0,106.0,38.3114810151018,2,163.70001220703125,2,2,2,163.70001220703125,22097,1.46434272,0,0,0
220979609002,18,p,1,0,117.0,37.2836024496522,2,166.5,2,2,1,166.5,22097,1.46434272,0,0,0
220979609004,8,p,1,0,54.0,37.0269118562815,2,163.66748133090178,2,2,1,163.66748133090178,22097,1.46434272,0,0,0
220979610001,36,p,1,0,78.0,36.8364431524932,3,161.49246194649623,2,2,1,161.49246194649623,22097,1.46434272,0,0,0
220979610002,8,p,1,0,66.0,36.549970300896,3,162.21571454304794,2,2,1,162.21571454304794,22097,1.46434272,0,0,0
220510204002,12,p,1,0,101.0,29.2719860306229,5,109.92981048546196,1,1,2,109.92981048546196,22051,0.05823747,1,1,1
220510239023,4,p,1,0,58.0,29.2253115942843,5,113.37043354666127,1,1,1,113.37043354666127,22051,0.05823747,1,1,1
221210201003,16,p,1,0,90.0,33.7166192723964,4,68.84059903059489,2,1,0,68.84059903059489,22121,0.36837128,0,0,1
220979614004,8,p,1,0,33.0,36.8763977595722,2,170.51029480550366,2,2,1,170.51029480550366,22097,1.46434272,0,0,1
220050310002,22,p,1,0,165.0,37.4142069871528,3,72.14710091109205,2,1,1,72.14710091109205,22005,0.01186332,1,1,1
221030408022,50,p,1,0,187.0,30.5227442854411,4,222.05922842632305,1,2,3,222.05922842632305,22103,0.05873937,1,1,0
221030410032,73,p,1,0,306.0,30.7637092690399,4,222.0903362309525,1,2,3,222.0903362309525,22103,0.05873937,1,1,0
221090007004,20,p,1,0,145.0,33.8197198488712,3,172.60000610351562,2,2,2,172.60000610351562,22109,0.7674244,1,1,1
221090014002,14,p,1,0,125.0,35.6584715412984,2,227.5,2,2,1,227.5,22109,0.7674244,1,1,1
221159507022,8,p,1,0,66.0,36.7159429548713,2,153.40654249851036,2,2,2,153.40654249851036,22115,19.00196373,0,0,0
220599703003,16,p,1,0,66.0,26.2813236659094,3,202.6999969482422,1,2,0,202.6999969482422,22059,0.0,0,0,0
220290001003,12,p,1,0,91.0,28.7642571323847,3,60.4636344909668,1,1,0,60.4636344909668,22029,0.00757152,0,0,0
220290002001,4,p,1,0,77.0,27.855284932748,3,80.5,1,1,1,80.5,22029,0.00757152,0,0,0
220730105043,4,p,1,0,86.0,22.61650254656,2,103.75562771592423,1,1,2,103.75562771592423,22073,0.0,0,0,0
221030406043,132,p,1,0,533.0,29.2221644617588,5,106.4000015258789,1,1,2,106.4000015258789,22103,0.05873937,0,1,0
221030407091,54,p,1,0,269.0,30.8718444580619,4,225.5838552836223,1,2,3,225.5838552836223,22103,0.05873937,1,1,0
221190318002,6,p,1,0,86.0,34.7330162536822,1,139.15469008257222,2,1,2,139.15469008257222,22119,0.0,0,0,0
220499701002,12,p,1,0,49.0,29.8246255033493,2,116.86000061035156,1,1,2,116.86000061035156,22049,0.0,0,0,0
220499702004,12,p,1,0,90.0,29.6390175915856,3,116.6999969482422,1,1,2,116.6999969482422,22049,0.0,0,0,0
220499705001,13,p,1,0,72.0,29.690024156879,3,125.8000030517578,1,1,2,125.8000030517578,22049,0.0,0,0,0
220499702003,21,p,1,0,111.0,28.7329504873481,3,128.96665954589844,1,1,2,128.96665954589844,22049,0.0,0,0,0
220499702002,4,p,1,0,60.0,30.2594164272591,3,124.04999542236328,1,1,3,124.04999542236328,22049,0.0,0,0,0
220499703001,26,p,1,0,113.0,33.2038267735973,2,125.5,2,1,3,125.5,22049,0.0,0,0,0
220630408063,27,p,1,0,165.0,35.9819855061397,4,84.9000015258789,2,1,1,84.9000015258789,22063,0.03585767,0,1,1
221059535004,66,p,1,0,125.0,37.953316233513,3,127.3499984741211,2,1,2,127.3499984741211,22105,0.00826522,0,1,0
220730052043,36,p,1,0,244.0,22.847725573861,1,104.23192092873938,1,1,2,104.23192092873938,22073,0.0,0,0,0
220730053013,28,p,1,0,121.0,22.9017003180732,2,104.09643290588174,1,1,2,104.09643290588174,22073,0.0,0,0,0
220730053021,46,p,1,0,214.0,22.6827007371734,2,103.98400604874963,1,1,2,103.98400604874963,22073,0.0,0,0,0
220730053022,19,p,1,0,133.0,22.7528921747302,2,105.290732731705,1,1,2,105.290732731705,22073,0.0,0,0,0
220050302033,40,p,1,0,234.0,35.6038036258699,4,73.5999984741211,2,1,2,73.5999984741211,22005,0.01186332,0,1,1
220050302041,95,p,1,0,523.0,35.8951690983497,4,58.900001525878906,2,1,0,58.900001525878906,22005,0.01186332,0,1,1
220050302042,50,p,1,0,264.0,36.5114973443069,4,72.5,2,1,1,72.5,22005,0.01186332,0,1,1
220050302043,77,p,1,0,330.0,36.8291287694963,4,77.48630585031353,2,1,1,77.48630585031353,22005,0.01186332,0,1,1
220050302051,94,p,1,0,447.0,36.3957530802309,4,55.79999923706055,2,1,0,55.79999923706055,22005,0.01186332,0,1,1
220050302053,93,p,1,0,439.0,37.4785208240916,4,52.65315371463583,2,1,0,52.65315371463583,22005,0.01186332,0,1,1
220050302061,73,p,1,0,403.0,37.1683694812896,4,54.099998474121094,2,1,0,54.099998474121094,22005,0.01186332,0,1,1
220630401002,23,p,1,0,224.0,35.5635692157941,3,188.3666534423828,2,2,1,188.3666534423828,22063,0.03585767,0,1,1
220630409021,16,p,1,0,93.0,40.9662974303736,3,158.1999969482422,2,2,1,158.1999969482422,22063,0.03585767,1,1,1
220630405004,48,p,1,0,291.0,35.4738305155913,4,126.0,2,1,1,126.0,22063,0.03585767,0,1,1
220630401004,74,p,1,0,285.0,35.9581116831574,3,146.0,2,1,2,146.0,22063,0.03585767,0,1,1
220630408061,34,p,1,0,135.0,35.80661892032,4,79.75,2,1,1,79.75,22063,0.03585767,0,1,1
220630401001,33,p,1,0,136.0,37.1245680163865,3,147.5,2,1,2,147.5,22063,0.03585767,0,1,1
220630401003,45,p,1,0,180.0,35.5265865060617,4,139.5500030517578,2,1,2,139.5500030517578,22063,0.03585767,0,1,1
220630408022,75,p,1,0,212.0,39.4635838735997,4,142.95001220703125,2,1,2,142.95001220703125,22063,0.03585767,1,1,1
220630409011,41,p,1,0,225.0,37.302259666835,3,163.8249969482422,2,2,1,163.8249969482422,22063,0.03585767,0,1,1
220630408021,61,p,1,0,259.0,37.7476985123973,4,115.23333740234376,2,1,2,115.23333740234376,22063,0.03585767,1,1,1
220630409012,44,p,1,0,180.0,39.192284187434,3,167.97499084472656,2,2,1,167.97499084472656,22063,0.03585767,1,1,1
220630409013,24,p,1,0,173.0,40.8106096897411,3,127.30001068115234,2,1,3,127.30001068115234,22063,0.03585767,1,1,1
220630402013,62,p,1,0,228.0,36.0522450816894,4,93.4499969482422,2,1,1,93.4499969482422,22063,0.03585767,0,1,1
220630404021,66,p,1,0,309.0,36.534866552462,4,121.0999984741211,2,1,1,121.0999984741211,22063,0.03585767,0,1,1
220499704003,20,p,1,0,127.0,29.4480971745969,3,140.25,1,1,2,140.25,22049,0.0,0,0,0
220630408041,62,p,1,0,199.0,35.1810775856123,4,78.30000305175781,2,1,2,78.30000305175781,22063,0.03585767,0,1,1
220630409023,39,p,1,0,154.0,39.4533906660745,3,167.6999969482422,2,2,1,167.6999969482422,22063,0.03585767,1,1,1
220630405002,118,p,1,0,529.0,33.9674924846993,4,169.10000610351562,2,2,0,169.10000610351562,22063,0.03585767,0,1,1
220499703002,32,p,1,0,214.0,31.8190833576582,3,138.39566040039062,1,1,2,138.39566040039062,22049,0.0,0,0,0
221059536003,4,p,1,0,48.0,38.3237825032394,3,169.89999389648438,2,2,0,169.89999389648438,22105,0.00826522,0,1,0
221059547001,32,p,1,0,125.0,40.5669620045318,3,103.1959321847756,2,1,2,103.1959321847756,22105,0.00826522,1,1,1
221059548001,46,p,1,0,244.0,28.6845381152015,5,127.16666412353516,1,1,2,127.16666412353516,22105,0.00826522,1,1,1
221059534004,17,p,1,0,51.0,37.0325706868617,3,141.7467300286664,2,1,2,141.7467300286664,22105,0.00826522,0,1,0
221059538002,12,p,1,0,150.0,36.8279576277537,3,181.43916025655136,2,2,0,181.43916025655136,22105,0.00826522,0,1,1
221059541013,54,p,1,0,174.0,36.8250699833301,3,129.8000030517578,2,1,2,129.8000030517578,22105,0.00826522,0,1,1
221059546002,31,p,1,0,154.0,38.2741019457383,3,97.0,2,1,1,97.0,22105,0.00826522,0,1,0
221059548002,57,p,1,0,242.0,40.7448418336757,3,108.70617883302008,2,1,1,108.70617883302008,22105,0.00826522,1,1,1
220190033003,16,p,1,0,106.0,52.943191266874,2,187.1000061035156,2,2,2,187.1000061035156,22019,32.47305225,0,1,0
220050302063,33,p,1,0,153.0,38.545342359188,4,85.5,2,1,1,85.5,22005,0.01186332,0,1,1
220050303003,77,p,1,0,493.0,35.4684257128949,4,53.900001525878906,2,1,0,53.900001525878906,22005,0.01186332,0,1,1
220050303002,106,p,1,0,545.0,37.4936181004783,3,43.5,2,1,0,43.5,22005,0.01186332,0,1,1
220050304012,14,p,1,0,68.0,38.92939959146,4,78.43060623716576,2,1,1,78.43060623716576,22005,0.01186332,0,1,1
220050304013,13,p,1,0,99.0,38.2518295997939,4,55.900001525878906,2,1,0,55.900001525878906,22005,0.01186332,0,1,1
220190029001,28,p,1,0,83.0,51.3867827670993,3,186.5896123782891,2,2,3,186.5896123782891,22019,32.47305225,0,1,0
220190030002,33,p,1,0,175.0,51.5126259886402,2,187.08439569611704,2,2,3,187.08439569611704,22019,32.47305225,0,1,0
220190031013,13,p,1,0,157.0,51.5193730250005,2,192.5579478597205,2,2,3,192.5579478597205,22019,32.47305225,0,1,0
220190031021,27,p,1,0,166.0,51.9291531503919,2,200.58449428965477,2,2,3,200.58449428965477,22019,32.47305225,0,1,0
220050304014,8,p,1,0,44.0,39.1749280753094,4,78.26142522486599,2,1,1,78.26142522486599,22005,0.01186332,0,1,1
220050304022,33,p,1,0,174.0,39.1617126471225,4,64.43104750531528,2,1,0,64.43104750531528,22005,0.01186332,0,1,1
220050304023,35,p,1,0,153.0,38.9557558369544,4,81.60160994250809,2,1,1,81.60160994250809,22005,0.01186332,0,1,1
220190031022,17,p,1,0,128.0,51.616376768617,2,198.84168303282948,2,2,3,198.84168303282948,22019,32.47305225,0,1,0
220399506001,4,p,1,0,26.0,34.6895930046096,3,204.12368705951357,2,2,2,204.12368705951357,22039,4.6647587800000005,0,0,0
220050305002,62,p,1,0,252.0,38.5406119586435,4,155.29293802034152,2,2,1,155.29293802034152,22005,0.01186332,0,1,1
220050305003,85,p,1,0,309.0,38.8475839790516,4,149.8000030517578,2,1,1,149.8000030517578,22005,0.01186332,0,1,1
221190314002,16,p,1,0,94.0,33.4187598946574,1,51.38571548461914,2,1,0,51.38571548461914,22119,0.0,0,0,0
221190321001,21,p,1,0,148.0,34.7281739543404,2,79.74000549316406,2,1,1,79.74000549316406,22119,0.0,0,0,0
221190320004,9,p,1,0,65.0,34.9689631831089,1,138.56478254264286,2,1,2,138.56478254264286,22119,0.0,0,0,0
221190321002,28,p,1,0,77.0,34.3441574804524,2,86.7750015258789,2,1,1,86.7750015258789,22119,0.0,0,0,0
221190315001,8,p,1,0,38.0,31.7499661130169,2,65.36666870117188,1,1,0,65.36666870117188,22119,0.0,0,0,0
221279601001,12,p,1,0,54.0,29.4662384709786,3,121.92250061035156,1,1,2,121.92250061035156,22127,0.0,0,0,0
221279601004,31,p,1,0,83.0,33.2994421298967,2,139.41819763183594,2,1,3,139.41819763183594,22127,0.0,0,0,0
220630406001,30,p,1,0,151.0,33.7910509657936,4,163.00102966956192,2,2,0,163.00102966956192,22063,0.03585767,0,1,1
221030412091,22,p,1,0,242.0,29.4430871046731,5,96.94810126442567,1,1,2,96.94810126442567,22103,0.05873937,1,1,0
221030412111,47,p,1,0,349.0,29.5351370353556,5,104.4659114240302,1,1,2,104.4659114240302,22103,0.05873937,1,1,0
220050306002,22,p,1,0,102.0,37.9240965951739,4,143.2260908213801,2,1,1,143.2260908213801,22005,0.01186332,0,1,1
220050306003,22,p,1,0,63.0,37.0498711071645,4,149.8000030517578,2,1,2,149.8000030517578,22005,0.01186332,1,1,1
221190316001,5,p,1,0,59.0,32.1789880191352,2,80.1500015258789,1,1,1,80.1500015258789,22119,0.0,0,0,0
221190315002,27,p,1,0,123.0,35.1427772645855,1,93.27143096923828,2,1,1,93.27143096923828,22119,0.0,0,0,0
221190312001,8,p,1,0,66.0,29.8993485155157,2,58.16666793823242,1,1,0,58.16666793823242,22119,0.0,0,0,0
221190314001,17,p,1,0,104.0,31.017124960204,2,52.44999694824219,1,1,0,52.44999694824219,22119,0.0,0,0,0
221190313001,9,p,1,0,71.0,30.4220924464269,2,62.599998474121094,1,1,0,62.599998474121094,22119,0.0,0,0,0
220050301021,54,p,1,0,295.0,38.99330560015,4,107.78734266404862,2,1,1,107.78734266404862,22005,0.01186332,0,1,1
220050309001,13,p,1,0,68.0,37.1899901520962,3,68.5,2,1,0,68.5,22005,0.01186332,0,1,1
220050304024,27,p,1,0,161.0,38.8364962600809,4,101.30754171741144,2,1,1,101.30754171741144,22005,0.01186332,0,1,1
220050301022,46,p,1,0,208.0,39.4147405407142,4,130.0135085951616,2,1,1,130.0135085951616,22005,0.01186332,0,1,1
220190033001,55,p,1,0,239.0,54.262227480006,2,201.5,2,2,2,201.5,22019,32.47305225,0,1,0
220190034002,110,p,1,0,447.0,53.6722232728809,3,154.8000030517578,2,2,2,154.8000030517578,22019,32.47305225,0,1,0
220190019032,13,p,1,0,68.0,56.0500820359777,3,222.83921767528992,2,2,3,222.83921767528992,22019,32.47305225,0,1,0
220550017002,13,p,1,0,109.0,37.1953723251593,3,150.93488924108036,2,2,2,150.93488924108036,22055,1.5760870500000002,0,0,1
220090305006,10,p,1,0,143.0,34.4929197827955,3,153.45001220703125,2,2,1,153.45001220703125,22009,1.52021072,0,0,0
220090305004,12,p,1,0,88.0,33.3721601658945,2,154.10000610351562,2,2,1,154.10000610351562,22009,1.52021072,0,0,0
220090306001,6,p,1,0,65.0,33.8154437338106,3,155.36666870117188,2,2,1,155.36666870117188,22009,1.52021072,0,0,0
220090307001,25,p,1,0,83.0,34.4678992199279,3,154.63333129882812,2,2,1,154.63333129882812,22009,1.52021072,0,0,1
220090308002,35,p,1,0,108.0,34.5658990688334,2,145.28334045410156,2,1,2,145.28334045410156,22009,1.52021072,0,0,1
221190313002,8,p,1,0,52.0,30.2890734873976,2,60.3167518735308,1,1,0,60.3167518735308,22119,0.0,0,0,0
221190313003,8,p,1,0,54.0,30.1696522269233,2,59.6526548945204,1,1,0,59.6526548945204,22119,0.0,0,0,0
221190315003,27,p,1,0,82.0,35.246847044013,1,71.5,2,1,1,71.5,22119,0.0,0,0,0
220090309002,21,p,1,0,162.0,33.2527267410124,2,122.10713958740234,2,1,2,122.10713958740234,22009,1.52021072,0,0,1
220090304001,25,p,1,0,225.0,32.1919011716748,3,134.5,1,1,2,134.5,22009,1.52021072,0,0,0
221010410002,12,p,1,0,87.0,31.7796781941398,5,96.5,1,1,2,96.5,22101,0.68496657,1,1,1
221279604001,18,p,1,0,53.0,33.8677132739562,2,162.3640652086362,2,2,2,162.3640652086362,22127,0.0,0,0,0
221279601002,47,p,1,0,132.0,33.4044516991954,2,150.2052764892578,2,2,2,150.2052764892578,22127,0.0,0,0,0
221279603004,8,p,1,0,45.0,32.8635031014444,3,163.4710850620974,1,2,2,163.4710850620974,22127,0.0,0,0,0
221279604002,8,p,1,0,28.0,33.6663370581256,2,161.2481509775293,2,2,2,161.2481509775293,22127,0.0,0,0,0
221279601003,21,p,1,0,66.0,32.8790073142178,3,199.9090881347656,1,2,2,199.9090881347656,22127,0.0,0,0,0
221279602002,24,p,1,0,57.0,35.4005773760154,2,184.0636444091797,2,2,1,184.0636444091797,22127,0.0,0,0,0
221279603001,25,p,1,0,77.0,32.645547280751,3,164.24758286019772,1,2,2,164.24758286019772,22127,0.0,0,0,0
221279602001,25,p,1,0,88.0,30.6381028366573,3,182.6052703857422,1,2,1,182.6052703857422,22127,0.0,0,0,0
220479529004,8,p,1,0,57.0,33.3091188472094,4,69.45882415771484,2,1,0,69.45882415771484,22047,0.33403865,1,1,1
220479532002,23,p,1,0,88.0,34.5841924597493,4,47.94999694824219,2,1,0,47.94999694824219,22047,0.33403865,0,1,1
221279603003,21,p,1,0,88.0,33.0711577601865,2,162.89999389648438,2,2,2,162.89999389648438,22127,0.0,0,0,0
221279602004,40,p,1,0,180.0,33.2888084013183,2,177.60910034179688,2,2,2,177.60910034179688,22127,0.0,0,0,0
221190317001,8,p,1,0,58.0,34.8904780382339,1,128.2956550428264,2,1,2,128.2956550428264,22119,0.0,0,0,0
221190317003,17,p,1,0,88.0,35.5969418956002,1,138.39999389648438,2,1,2,138.39999389648438,22119,0.0,0,0,0
221190318001,4,p,1,0,84.0,34.5161852525766,1,131.5,2,1,2,131.5,22119,0.0,0,0,0
220190025001,31,p,1,0,137.0,51.3418488368188,2,277.79998779296875,2,2,1,277.79998779296875,22019,32.47305225,0,1,0
220190019043,102,p,1,0,344.0,55.6810146862266,4,206.32280785606855,2,2,3,206.32280785606855,22019,32.47305225,0,1,0
220190019031,39,p,1,0,278.0,56.602722149009,3,212.3999938964844,2,2,3,212.3999938964844,22019,32.47305225,0,1,0
220190014006,16,p,1,0,105.0,52.237670200322,2,286.3264599634873,2,2,1,286.3264599634873,22019,32.47305225,0,1,0
220190018013,56,p,1,0,197.0,57.0599867004409,3,203.7450013282541,2,2,2,203.7450013282541,22019,32.47305225,0,1,0
220190022041,34,p,1,0,163.0,49.7897130178941,2,310.1000061035156,2,2,1,310.1000061035156,22019,32.47305225,0,1,0
220190018014,42,p,1,0,140.0,56.7885632685643,4,199.94866543041795,2,2,2,199.94866543041795,22019,32.47305225,0,1,0
220190007003,20,p,1,0,101.0,53.5467606647859,3,216.14149627535383,2,2,2,216.14149627535383,22019,32.47305225,0,1,0
221190320001,34,p,1,0,99.0,34.5640921112538,1,141.27833383193968,2,1,2,141.27833383193968,22119,0.0,0,0,0
221190320003,23,p,1,0,133.0,34.7879020872966,1,150.8000030517578,2,2,1,150.8000030517578,22119,0.0,0,0,0
221190320002,24,p,1,0,93.0,35.9314055706577,1,125.5,2,1,2,125.5,22119,0.0,0,0,0
221190321005,37,p,1,0,186.0,35.6527522745348,1,124.1999969482422,2,1,2,124.1999969482422,22119,0.0,0,0,0
220710054003,4,p,1,0,24.0,29.9388196489429,5,130.33587528469732,1,1,5,130.33587528469732,22071,0.06577263,1,1,1
220710056022,4,p,1,0,68.0,29.9145522423023,5,105.49794119137476,1,1,2,105.49794119137476,22071,0.06577263,1,1,1
220710134001,4,p,1,0,404.0,30.1040399133699,5,133.8228069258505,1,1,4,133.8228069258505,22071,0.06577263,1,1,1
220710134002,24,p,1,0,314.0,30.0335321285663,5,149.2129553853829,1,1,5,149.2129553853829,22071,0.06577263,1,1,1
220710139001,5,p,1,0,44.0,30.0422100203402,5,144.01540240581485,1,1,4,144.01540240581485,22071,0.06577263,1,1,1
220710076061,12,p,1,0,90.0,29.8396081946988,5,98.8000030517578,1,1,2,98.8000030517578,22071,0.06577263,1,1,1
220710076063,12,p,1,0,102.0,29.828583018048,5,100.79975093912093,1,1,3,100.79975093912093,22071,0.06577263,1,1,1
220710076041,12,p,1,0,97.0,29.8240571504965,5,101.66458184615136,1,1,5,101.66458184615136,22071,0.06577263,1,1,1
220190021002,14,p,1,0,152.0,50.323147748294,2,336.38061449081397,2,2,0,336.38061449081397,22019,32.47305225,0,1,0
220190017004,52,p,1,0,151.0,48.1958703440665,2,266.46002197265625,2,2,1,266.46002197265625,22019,32.47305225,1,1,0
220050306001,121,p,1,0,506.0,38.2680318281917,3,102.0666732788086,2,1,1,102.0666732788086,22005,0.01186332,0,1,1
220710133022,4,p,1,0,53.0,30.0179908793249,5,111.4549100005406,1,1,3,111.4549100005406,22071,0.06577263,1,1,1
220710111001,16,p,1,0,57.0,29.8826048887736,5,155.93133146153934,1,2,3,155.93133146153934,22071,0.06577263,1,1,1
220190019042,22,p,1,0,127.0,55.5566137533667,4,219.2791664254164,2,2,2,219.2791664254164,22019,32.47305225,0,1,0
220190027001,47,p,1,0,211.0,52.9037770708905,2,190.5500030517578,2,2,3,190.5500030517578,22019,32.47305225,0,1,0
220190005002,16,p,1,0,41.0,53.4183706641729,3,248.2163294860385,2,2,1,248.2163294860385,22019,32.47305225,0,1,0
220210001003,14,p,1,0,65.0,23.5284920139477,1,213.93637084960935,1,2,0,213.93637084960935,22021,0.0,0,0,0
220210003002,15,p,1,0,94.0,24.5370276328021,2,200.90769958496097,1,2,0,200.90769958496097,22021,0.0,0,0,0
220210002003,35,p,1,0,176.0,25.5656631474225,1,257.3500061035156,1,2,0,257.3500061035156,22021,0.0,0,0,0
220850005001,4,p,1,0,51.0,44.4623280236607,3,180.8999938964844,2,2,1,180.8999938964844,22085,0.0,0,0,0
220190015002,8,p,1,0,40.0,51.8740900107422,2,279.2024815120951,2,2,1,279.2024815120951,22019,32.47305225,0,1,0
220210003001,12,p,1,0,90.0,24.5494075002583,2,187.125,1,2,0,187.125,22021,0.0,0,0,0
220210001002,9,p,1,0,52.0,22.1520885107798,2,205.8000030517578,1,2,0,205.8000030517578,22021,0.0,0,0,0
220210003003,39,p,1,0,151.0,25.3703996646303,1,236.1999969482422,1,2,0,236.1999969482422,22021,0.0,0,0,0
220210001001,12,p,1,0,82.0,26.153087132794,1,212.93846130371097,1,2,0,212.93846130371097,22021,0.0,0,0,0
220850004001,4,p,1,0,75.0,43.1983262774404,3,153.36154174804688,2,2,2,153.36154174804688,22085,0.0,0,0,0
220850006003,8,p,1,0,86.0,43.1143792381578,3,171.1333465576172,2,2,1,171.1333465576172,22085,0.0,0,0,0
220690003002,12,p,1,0,79.0,42.8465263780453,3,206.1333465576172,2,2,3,206.1333465576172,22069,0.0,0,0,0
220690006001,8,p,1,0,80.0,33.5200012913495,3,143.39999389648438,2,1,3,143.39999389648438,22069,0.0,0,0,0
220690009002,28,p,1,0,160.0,33.703574506219,3,118.5785675048828,2,1,2,118.5785675048828,22069,0.0,0,0,0
220690008002,26,p,1,0,78.0,30.2872773857366,4,153.39999389648438,1,2,2,153.39999389648438,22069,0.0,0,0,0
220190005001,8,p,1,0,145.0,52.8047040125491,2,229.0,2,2,2,229.0,22019,32.47305225,0,1,0
220850006002,8,p,1,0,106.0,43.4376818089019,3,159.35833740234375,2,2,1,159.35833740234375,22085,0.0,0,0,0
220850002002,26,p,1,0,93.0,40.6366499350224,3,187.43499755859375,2,2,2,187.43499755859375,22085,0.0,0,0,0
220850001001,10,p,1,0,73.0,41.6457633851845,3,179.13999938964844,2,2,1,179.13999938964844,22085,0.0,0,0,0
220850006001,8,p,1,0,91.0,42.825572980209,3,170.36666870117188,2,2,1,170.36666870117188,22085,0.0,0,0,0
220850004004,8,p,1,0,100.0,42.6860891693734,3,181.1499938964844,2,2,1,181.1499938964844,22085,0.0,0,0,0
220850002003,8,p,1,0,108.0,41.880323012243,3,205.25,2,2,2,205.25,22085,0.0,0,0,0
220619604003,12,p,1,0,121.0,29.0662781281713,3,109.8268323338143,1,1,2,109.8268323338143,22061,0.0,0,0,0
220190018012,46,p,1,0,181.0,56.5758250722489,3,187.0,2,2,1,187.0,22019,32.47305225,0,1,0
221210203004,19,p,1,0,92.0,34.0805868162201,4,65.0999984741211,2,1,0,65.0999984741211,22121,0.36837128,0,0,1
220190030003,15,p,1,0,142.0,51.6257658242507,2,190.0628500629392,2,2,3,190.0628500629392,22019,32.47305225,0,1,0
220190011003,12,p,1,0,121.0,55.7317199370098,3,245.04018445942305,2,2,2,245.04018445942305,22019,32.47305225,0,1,0
220190027002,37,p,1,0,147.0,52.9563085513577,2,200.5500030517578,2,2,3,200.5500030517578,22019,32.47305225,0,1,0
221090015003,57,p,1,0,224.0,43.5894064216127,2,192.2816955700021,2,2,0,192.2816955700021,22109,0.7674244,1,1,1
220190030004,18,p,1,0,110.0,51.9153796557715,2,186.97223569513136,2,2,3,186.97223569513136,22019,32.47305225,0,1,0
220190029002,23,p,1,0,127.0,51.546681392781,3,186.33343042552133,2,2,3,186.33343042552133,22019,32.47305225,0,1,0
220190031011,25,p,1,0,201.0,52.0636835200233,2,191.81622965533825,2,2,3,191.81622965533825,22019,32.47305225,0,1,0
220190031012,25,p,1,0,130.0,52.2190831311673,2,197.7080912342905,2,2,3,197.7080912342905,22019,32.47305225,0,1,0
220190033002,19,p,1,0,173.0,54.5825610452876,2,173.3000030517578,2,2,2,173.3000030517578,22019,32.47305225,0,1,0
221090015004,61,p,1,0,187.0,34.1386763837813,3,174.00899167639236,2,2,1,174.00899167639236,22109,0.7674244,1,1,1
221090001014,32,p,1,0,105.0,40.7263054253537,3,111.49376615051564,2,1,2,111.49376615051564,22109,0.7674244,1,1,1
221090001013,17,p,1,0,125.0,41.0234017573377,3,101.8000030517578,2,1,2,101.8000030517578,22109,0.7674244,1,1,1
221090004013,25,p,1,0,120.0,34.2861470516392,3,164.51068452452677,2,2,1,164.51068452452677,22109,0.7674244,1,1,1
221090013002,65,p,1,0,303.0,34.1198837548509,3,184.8999938964844,2,2,1,184.8999938964844,22109,0.7674244,1,1,1
221090011003,12,p,1,0,75.0,36.0875183837596,3,91.10694885253906,2,1,3,91.10694885253906,22109,0.7674244,1,1,1
221090012022,12,p,1,0,138.0,34.651369806971,2,123.13999938964844,2,1,2,123.13999938964844,22109,0.7674244,1,1,1
221090016002,12,p,1,0,96.0,42.0425628866142,3,74.13076782226562,2,1,1,74.13076782226562,22109,0.7674244,1,1,1
221090017004,93,p,1,0,258.0,34.2038799726844,3,176.62703205840975,2,2,2,176.62703205840975,22109,0.7674244,1,1,1
220619610002,14,p,1,0,112.0,29.1962747585281,3,124.33333587646484,1,1,2,124.33333587646484,22061,0.0,0,0,0
220290003002,20,p,1,0,150.0,27.9284186519194,3,73.82031006792256,1,1,1,73.82031006792256,22029,0.00757152,0,0,0
220619602001,24,p,1,0,121.0,30.0828480224403,3,105.9875030517578,1,1,1,105.9875030517578,22061,0.0,0,0,0
220619607002,19,p,1,0,128.0,29.9494382875041,2,129.75,1,1,2,129.75,22061,0.0,0,0,0
220619606003,24,p,1,0,138.0,28.1030245934236,2,109.5999984741211,1,1,2,109.5999984741211,22061,0.0,0,0,0
220619604001,31,p,1,0,221.0,28.1161877264288,3,108.94435288870729,1,1,2,108.94435288870729,22061,0.0,0,0,0
220619606001,51,p,1,0,180.0,27.8067459818465,2,121.20000457763672,1,1,2,121.20000457763672,22061,0.0,0,0,0
220510279011,8,p,1,0,55.0,36.6316385598319,4,93.9000015258789,2,1,5,93.9000015258789,22051,0.05823747,1,1,1
220510203012,13,p,1,0,152.0,29.3283285565006,5,98.57700080539848,1,1,3,98.57700080539848,22051,0.05823747,1,1,1
220510205172,24,p,1,0,145.0,28.9784093311284,5,137.14097362637418,1,1,3,137.14097362637418,22051,0.05823747,1,1,1
220510203021,14,p,1,0,81.0,29.4611189438305,5,95.2916059590282,1,1,3,95.2916059590282,22051,0.05823747,1,1,1
220510205142,5,p,1,0,94.0,29.2338348647099,5,111.2073543618396,1,1,2,111.2073543618396,22051,0.05823747,1,1,1
220510216001,12,p,1,0,58.0,29.4187198525656,5,100.83823105751,1,1,2,100.83823105751,22051,0.05823747,1,1,1
221210203003,9,p,1,0,103.0,35.1159665350258,4,62.70000076293945,2,1,0,62.70000076293945,22121,0.36837128,0,0,1
221210204021,41,p,1,0,286.0,34.945547275698,4,68.9000015258789,2,1,0,68.9000015258789,22121,0.36837128,0,0,1
221210204022,28,p,1,0,269.0,35.1567072749372,4,57.400001525878906,2,1,0,57.400001525878906,22121,0.36837128,0,0,1
220870302073,23,p,1,0,72.0,31.2954361538797,5,95.76395205683232,1,1,3,95.76395205683232,22087,1.14608952,1,1,0
220870302034,4,p,1,0,46.0,30.6124770545669,5,93.9451679279037,1,1,3,93.9451679279037,22087,1.14608952,1,1,0
220870302044,12,p,1,0,30.0,32.114694449037,5,110.7141084482204,1,1,3,110.7141084482204,22087,1.14608952,1,1,0
220870302061,14,p,1,0,111.0,31.4336242984477,5,97.1428481000208,1,1,3,97.1428481000208,22087,1.14608952,1,1,0
220870302062,23,p,1,0,80.0,31.1269306595665,5,96.9239837252403,1,1,3,96.9239837252403,22087,1.14608952,1,1,0
220870302071,4,p,1,0,63.0,30.8625618591791,5,94.5999984741211,1,1,3,94.5999984741211,22087,1.14608952,1,1,0
220870302072,37,p,1,0,130.0,31.0575212434081,5,95.58197386917456,1,1,3,95.58197386917456,22087,1.14608952,1,1,0
220870302082,46,p,1,0,182.0,31.7279776827771,5,106.418291414246,1,1,3,106.418291414246,22087,1.14608952,1,1,0
220870302091,5,p,1,0,43.0,30.9963493980002,5,99.84348267992893,1,1,3,99.84348267992893,22087,1.14608952,1,1,0
220870302092,10,p,1,0,102.0,31.1793915438053,5,105.0999984741211,1,1,3,105.0999984741211,22087,1.14608952,1,1,0
220870302093,10,p,1,0,63.0,31.3580511818287,5,106.3316424437395,1,1,3,106.3316424437395,22087,1.14608952,1,1,0
220870303001,5,p,1,0,58.0,30.3697587364258,5,89.13905737490009,1,1,4,89.13905737490009,22087,1.14608952,1,1,0
220510242022,12,p,1,0,185.0,29.3971038575524,5,104.13587141687822,1,1,2,104.13587141687822,22051,0.05823747,1,1,1
220510205023,13,p,1,0,154.0,29.1549213152159,5,118.92075704319306,1,1,2,118.92075704319306,22051,0.05823747,1,1,1
220510205071,47,p,1,0,167.0,29.0611742556575,5,126.6886514892991,1,1,3,126.6886514892991,22051,0.05823747,1,1,1
220510242021,14,p,1,0,167.0,29.3935287351794,5,103.78254498238216,1,1,3,103.78254498238216,22051,0.05823747,1,1,1
220510241002,13,p,1,0,136.0,29.3024295548909,5,108.74179927258838,1,1,2,108.74179927258838,22051,0.05823747,1,1,1
220510205081,39,p,1,0,171.0,28.9776359333854,5,139.5151795322173,1,1,3,139.5151795322173,22051,0.05823747,1,1,1
220510211001,9,p,1,0,42.0,29.0979733464141,5,123.78940293562002,1,1,2,123.78940293562002,22051,0.05823747,1,1,1
220510223021,4,p,1,0,76.0,29.7777415338796,5,101.74371314362806,1,1,3,101.74371314362806,22051,0.05823747,1,1,1
220510212001,12,p,1,0,77.0,29.1198483414517,5,121.6598724904062,1,1,2,121.6598724904062,22051,0.05823747,1,1,1
220019605003,56,p,1,0,233.0,39.7123791027987,4,141.4499969482422,2,1,2,141.4499969482422,22001,7.86402276,0,0,1
220530005003,21,p,1,0,140.0,41.1595582273706,2,219.32929926212395,2,2,3,219.32929926212395,22053,34.29631719,0,1,0
220190022033,33,p,1,0,187.0,48.2128475486595,2,267.13239187996356,2,2,0,267.13239187996356,22019,32.47305225,0,1,0
220190022031,43,p,1,0,211.0,47.7092235479626,2,214.3000030517578,2,2,0,214.3000030517578,22019,32.47305225,0,1,0
221159509002,47,p,1,0,252.0,43.343543327975,2,140.5500030517578,2,1,4,140.5500030517578,22115,19.00196373,0,0,0
220330035063,12,p,1,0,57.0,31.3306227592138,5,156.10513064779033,1,2,0,156.10513064779033,22033,0.02202799,0,0,1
220330038041,16,p,1,0,121.0,32.3882784202459,6,123.5999984741211,1,1,1,123.5999984741211,22033,0.02202799,0,0,1
220330038043,16,p,1,0,243.0,32.6755913205233,6,106.78185516738776,1,1,1,106.78185516738776,22033,0.02202799,0,0,1
220330038051,14,p,1,0,49.0,32.2303984705646,6,123.12177674967954,1,1,1,123.12177674967954,22033,0.02202799,0,0,1
220330038052,17,p,1,0,90.0,32.4547151734278,6,106.01465312872736,1,1,1,106.01465312872736,22033,0.02202799,0,0,1
220330042054,4,p,1,0,106.0,31.2204089172748,4,201.3107950699984,1,2,0,201.3107950699984,22033,0.02202799,0,0,1
220330032021,4,p,1,0,65.0,30.6984582185781,4,201.79799001901432,1,2,0,201.79799001901432,22033,0.02202799,0,0,1
220330011022,21,p,1,0,97.0,32.1114985914209,5,144.64401479368675,1,1,1,144.64401479368675,22033,0.02202799,0,0,1
220330011032,8,p,1,0,97.0,32.6002385391693,4,132.68959442073117,1,1,1,132.68959442073117,22033,0.02202799,0,0,1
220119606003,16,p,1,0,71.0,55.0399954175099,2,179.4895782470703,2,2,1,179.4895782470703,22011,30.17836803,0,0,0
220119601003,23,p,1,0,94.0,44.8250862689224,3,216.36154174804688,2,2,1,216.36154174804688,22011,30.17836803,0,0,0
220119605002,18,p,1,0,139.0,54.1083462304114,3,179.64356471046636,2,2,2,179.64356471046636,22011,30.17836803,0,0,0
220119601002,23,p,1,0,127.0,42.9161567463601,3,234.18182373046875,2,2,1,234.18182373046875,22011,30.17836803,0,0,0
220019612003,8,p,1,0,58.0,39.0644085860547,4,162.9399871826172,2,2,2,162.9399871826172,22001,7.86402276,0,0,0
220019608004,17,p,1,0,95.0,34.8386451126135,3,143.25994041636883,2,1,3,143.25994041636883,22001,7.86402276,0,0,0
220019612001,17,p,1,0,114.0,37.0241193766589,3,141.625,2,1,2,141.625,22001,7.86402276,0,0,0
220019604001,22,p,1,0,229.0,35.8273651565918,2,155.3000030517578,2,2,1,155.3000030517578,22001,7.86402276,0,0,0
220019601004,12,p,1,0,117.0,39.9350066987192,3,199.1000061035156,2,2,1,199.1000061035156,22001,7.86402276,0,0,1
220019603002,38,p,1,0,172.0,36.7678919036741,2,188.27999877929688,2,2,2,188.27999877929688,22001,7.86402276,0,0,0
220019607001,8,p,1,0,75.0,37.5385643786934,3,149.04124781747743,2,1,2,149.04124781747743,22001,7.86402276,0,0,0
220019611002,4,p,1,0,99.0,40.5970573528707,3,231.0666656494141,2,2,3,231.0666656494141,22001,7.86402276,0,0,0
220019602003,21,p,1,0,149.0,35.4806647524032,2,154.9166717529297,2,2,1,154.9166717529297,22001,7.86402276,0,0,0
220019604004,23,p,1,0,156.0,37.3056182311201,3,162.78750610351562,2,2,2,162.78750610351562,22001,7.86402276,0,0,0
220019604003,22,p,1,0,108.0,34.5999063057625,3,171.40000915527344,2,2,2,171.40000915527344,22001,7.86402276,0,0,0
220019602002,64,p,1,0,212.0,34.5434008399922,3,170.33999633789062,2,2,1,170.33999633789062,22001,7.86402276,0,0,0
220019612002,30,p,1,0,102.0,35.5319181072484,4,145.25,2,1,3,145.25,22001,7.86402276,0,0,0
220019603001,27,p,1,0,88.0,35.393031509216,3,193.8000030517578,2,2,2,193.8000030517578,22001,7.86402276,0,0,0
220019608001,47,p,1,0,230.0,35.6168760516137,3,144.5,2,1,2,144.5,22001,7.86402276,0,0,0
220019605002,29,p,1,0,122.0,38.0566388215189,3,158.27499389648438,2,2,1,158.27499389648438,22001,7.86402276,0,0,0
220019602001,41,p,1,0,224.0,38.2416105825339,2,161.90000915527344,2,2,1,161.90000915527344,22001,7.86402276,0,0,0
220019611003,17,p,1,0,104.0,40.6899223144673,3,209.3333282470703,2,2,3,209.3333282470703,22001,7.86402276,0,0,0
220019606002,12,p,1,0,112.0,38.0861238696481,3,146.54294844205697,2,1,2,146.54294844205697,22001,7.86402276,0,0,0
220019601005,17,p,1,0,131.0,39.1297748988755,3,185.303022330226,2,2,1,185.303022330226,22001,7.86402276,0,0,1
220019603003,17,p,1,0,122.0,40.0792436644729,3,202.67498779296875,2,2,3,202.67498779296875,22001,7.86402276,0,0,0
220019604002,27,p,1,0,154.0,34.2871031246356,2,169.5,2,2,1,169.5,22001,7.86402276,0,0,0
220019605001,19,p,1,0,222.0,39.7525286032056,3,176.55999755859375,2,2,1,176.55999755859375,22001,7.86402276,0,0,1
220019606001,44,p,1,0,201.0,39.0254866307033,4,143.1999969482422,2,1,2,143.1999969482422,22001,7.86402276,0,0,0
220019606003,8,p,1,0,111.0,38.1864030051593,3,146.8433810156428,2,1,2,146.8433810156428,22001,7.86402276,0,0,0
220019606004,12,p,1,0,46.0,38.0298620741011,3,145.4367604221214,2,1,2,145.4367604221214,22001,7.86402276,0,0,0
220019606005,12,p,1,0,84.0,37.9788532531381,3,148.19817200865907,2,1,2,148.19817200865907,22001,7.86402276,0,0,0
220019607003,12,p,1,0,52.0,37.7868973604596,3,147.06788455428634,2,1,2,147.06788455428634,22001,7.86402276,0,0,0
220019608002,16,p,1,0,106.0,34.6879329506177,4,144.2512654587702,2,1,3,144.2512654587702,22001,7.86402276,0,0,0
220019608003,8,p,1,0,93.0,34.6656809522965,4,143.29320415063827,2,1,3,143.29320415063827,22001,7.86402276,0,0,0
220019609001,11,p,1,0,168.0,35.4804388924485,4,137.09974233156126,2,1,3,137.09974233156126,22001,7.86402276,0,0,0
220250003002,16,p,1,0,177.0,28.1377651295004,3,187.1555633544922,1,2,0,187.1555633544922,22025,0.01476176,0,0,0
220450301003,8,p,1,0,76.0,32.9387466260695,5,86.7728113642175,1,1,2,86.7728113642175,22045,3.09661809,1,1,1
220510216003,22,p,1,0,134.0,29.297692505875,5,104.61869484888878,1,1,2,104.61869484888878,22051,0.05823747,1,1,1
220730055003,28,p,1,0,137.0,22.7859374566957,2,108.63334543644775,1,1,2,108.63334543644775,22073,0.0,0,0,0
220019610005,4,p,1,0,59.0,35.3003404591963,4,135.91320965648518,2,1,3,135.91320965648518,22001,7.86402276,0,0,0
220019611001,22,p,1,0,121.0,38.6271201675132,3,181.8999938964844,2,2,2,181.8999938964844,22001,7.86402276,0,0,0
220730108001,43,p,1,0,314.0,22.8295383056147,2,114.82153532838002,1,1,2,114.82153532838002,22073,0.0,0,0,0
220730107002,4,p,1,0,49.0,22.6133269094763,1,121.37039230007242,1,1,1,121.37039230007242,22073,0.0,0,0,0
220070503002,8,p,1,0,84.0,39.603522335728,3,49.473892901148766,2,1,0,49.473892901148766,22007,0.2395300699999999,1,1,1
220330046032,18,p,1,0,160.0,31.7767431891354,5,159.69618975551043,1,2,0,159.69618975551043,22033,0.02202799,0,0,1
220330040162,50,p,1,0,444.0,33.4203095546734,4,59.10000228881836,2,1,0,59.10000228881836,22033,0.02202799,0,0,1
220330038053,51,p,1,0,431.0,32.6136066041746,6,103.38089617724572,1,1,1,103.38089617724572,22033,0.02202799,0,0,1
221139504001,8,p,1,0,111.0,35.4362939612557,3,133.0,2,1,4,133.0,22113,12.34417553,0,1,0
220330040144,15,p,1,0,189.0,34.8061897176256,4,68.4000015258789,2,1,0,68.4000015258789,22033,0.02202799,0,0,1
220330040064,13,p,1,0,148.0,32.9511727208751,6,74.58758627213642,1,1,1,74.58758627213642,22033,0.02202799,0,0,1
221139504002,8,p,1,0,88.0,35.8608049836291,3,131.89999389648438,2,1,4,131.89999389648438,22113,12.34417553,0,1,0
221070001002,8,p,1,0,143.0,22.5199724871644,1,82.125,1,1,1,82.125,22107,0.00855829,0,0,0
220139704002,28,p,1,0,96.0,26.6786877470183,3,101.3166732788086,1,1,2,101.3166732788086,22013,0.0,0,0,0
220139705003,4,p,1,0,28.0,29.4486731226029,3,98.07333374023438,1,1,2,98.07333374023438,22013,0.0,0,0,0
220139703002,20,p,1,0,86.0,36.9046349863229,2,85.69999694824219,2,1,2,85.69999694824219,22013,0.0,0,0,0
220139701001,4,p,1,0,48.0,29.988992371858,3,100.3239009465499,1,1,1,100.3239009465499,22013,0.0,0,0,0
220139705002,4,p,1,0,38.0,28.5269738272355,3,114.16316223144533,1,1,3,114.16316223144533,22013,0.0,0,0,0
220330044023,16,p,1,0,154.0,31.0437044362694,4,188.34809141732316,1,2,0,188.34809141732316,22033,0.02202799,0,0,1
220330040103,7,p,1,0,53.0,33.2607968294649,5,72.78820360301684,2,1,1,72.78820360301684,22033,0.02202799,0,0,1
220330045041,14,p,1,0,126.0,33.5418247077462,4,136.0,2,1,1,136.0,22033,0.02202799,0,0,1
220790115004,4,p,1,0,85.0,29.9107681669108,3,231.3911609145273,1,2,1,231.3911609145273,22079,4.49269524,0,0,0
220119603001,16,p,1,0,48.0,39.9172994277548,2,149.5,2,1,3,149.5,22011,30.17836803,0,0,0
220119601004,12,p,1,0,83.0,48.1383259910106,3,320.2533264160156,2,2,1,320.2533264160156,22011,30.17836803,0,0,0
220119607001,20,p,1,0,174.0,55.1204863497115,3,173.3638916015625,2,2,2,173.3638916015625,22011,30.17836803,0,0,0
220119607002,36,p,1,0,223.0,43.5734108323115,2,257.1142883300781,2,2,2,257.1142883300781,22011,30.17836803,0,0,0
220170253001,30,p,1,0,355.0,31.6364201798792,2,39.959261995112406,1,1,0,39.959261995112406,22017,0.0,0,0,0
220379516001,17,p,1,0,123.0,29.0575461379669,5,158.73001098632812,1,2,0,158.73001098632812,22037,0.25808331,0,0,1
220379516004,16,p,1,0,85.0,26.8404882954353,4,189.1000061035156,1,2,0,189.1000061035156,22037,0.25808331,0,0,1
220379516003,9,p,1,0,53.0,27.5867452374982,4,213.66000366210935,1,2,0,213.66000366210935,22037,0.25808331,0,0,1
220379513002,8,p,1,0,34.0,27.3737077220891,4,151.41429138183594,1,2,0,151.41429138183594,22037,0.25808331,0,0,1
220330045102,50,p,1,0,290.0,35.3986455060892,4,80.71641083397539,2,1,1,80.71641083397539,22033,0.02202799,0,0,1
220330046042,24,p,1,0,128.0,31.0711281853191,4,207.705487436578,1,2,0,207.705487436578,22033,0.02202799,0,0,1
220119604001,27,p,1,0,98.0,38.3476149749669,3,172.89999389648438,2,2,1,172.89999389648438,22011,30.17836803,0,0,0
220119604002,18,p,1,0,64.0,38.7881445103677,3,167.31159987237072,2,2,2,167.31159987237072,22011,30.17836803,0,0,0
220119603003,57,p,1,0,263.0,39.2482513228129,2,149.7209296914778,2,1,3,149.7209296914778,22011,30.17836803,0,0,0
220119604003,12,p,1,0,68.0,38.6923088056396,3,171.8000030517578,2,2,2,171.8000030517578,22011,30.17836803,0,0,0
220119605001,23,p,1,0,115.0,51.4457846267417,2,144.39999389648438,2,1,4,144.39999389648438,22011,30.17836803,0,0,0
220119605003,32,p,1,0,121.0,53.1010631681895,3,203.0,2,2,2,203.0,22011,30.17836803,0,0,0
220330030003,65,p,1,0,400.0,33.0242333009631,3,113.5,2,1,1,113.5,22033,0.02202799,0,0,1
220330039063,58,p,1,0,218.0,33.8616080531619,4,98.15168834354988,2,1,1,98.15168834354988,22033,0.02202799,0,0,1
220330038012,12,p,1,0,186.0,32.7421796808853,5,114.76553714741256,1,1,1,114.76553714741256,22033,0.02202799,0,0,1
220330045081,36,p,1,0,198.0,35.1668343355439,4,95.47204976539376,2,1,1,95.47204976539376,22033,0.02202799,0,0,1
220330046043,57,p,1,0,300.0,31.3558339100353,4,187.6000061035156,1,2,0,187.6000061035156,22033,0.02202799,0,0,1
220330046045,49,p,1,0,239.0,30.7025023915085,4,208.3000030517578,1,2,0,208.3000030517578,22033,0.02202799,0,0,1
220330046033,36,p,1,0,178.0,31.6155159978223,5,124.73333740234376,1,1,1,124.73333740234376,22033,0.02202799,0,0,1
220330040112,34,p,1,0,603.0,33.9843796059224,4,60.04999923706055,2,1,0,60.04999923706055,22033,0.02202799,0,0,1
220330044021,8,p,1,0,145.0,31.6832250266491,5,200.8666277994519,1,2,1,200.8666277994519,22033,0.02202799,0,0,1
220330046044,29,p,1,0,142.0,30.7417399659845,4,220.4402887984054,1,2,0,220.4402887984054,22033,0.02202799,0,0,1
221139510021,12,p,1,0,63.0,41.7765685981181,3,196.8333282470703,2,2,2,196.8333282470703,22113,12.34417553,1,1,0
221139502001,31,p,1,0,104.0,41.3622060940802,3,150.9642791748047,2,2,3,150.9642791748047,22113,12.34417553,1,1,0
221139501004,11,p,1,0,173.0,34.8616686724031,3,134.7624969482422,2,1,3,134.7624969482422,22113,12.34417553,0,1,0
221139502003,17,p,1,0,116.0,39.2516560146517,3,205.12353515625,2,2,3,205.12353515625,22113,12.34417553,1,1,0
221139505003,27,p,1,0,153.0,38.6510571238144,4,144.1714324951172,2,1,4,144.1714324951172,22113,12.34417553,1,1,0
221139502002,13,p,1,0,122.0,40.5612097835226,3,193.7243821790335,2,2,3,193.7243821790335,22113,12.34417553,0,1,0
221139506001,36,p,1,0,180.0,39.4806940271065,3,136.6999969482422,2,1,3,136.6999969482422,22113,12.34417553,0,1,0
221139501002,71,p,1,0,377.0,40.8053859599181,3,132.5,2,1,3,132.5,22113,12.34417553,0,1,0
221139505001,47,p,1,0,288.0,37.4352531100658,4,122.18000793457033,2,1,3,122.18000793457033,22113,12.34417553,0,1,0
221139501003,33,p,1,0,186.0,36.994463385345,4,132.86666870117188,2,1,3,132.86666870117188,22113,12.34417553,0,1,0
220450301004,4,p,1,0,36.0,32.7444058630269,5,85.44325219481149,1,1,2,85.44325219481149,22045,3.09661809,1,1,1
220450302004,24,p,1,0,150.0,35.0910389313868,4,101.0,2,1,3,101.0,22045,3.09661809,0,1,1
220330030004,4,p,1,0,25.0,32.6747782740987,4,131.50758885161605,1,1,1,131.50758885161605,22033,0.02202799,0,0,1
220250002001,10,p,1,0,83.0,28.229266301004,3,174.14999389648438,1,2,0,174.14999389648438,22025,0.01476176,0,0,0
220319501002,47,p,1,0,278.0,33.0966848787873,1,60.92500305175781,2,1,0,60.92500305175781,22031,0.0,0,0,0
220510210003,10,p,1,0,36.0,29.1028801499768,5,123.25430996187195,1,1,2,123.25430996187195,22051,0.05823747,1,1,1
220510211002,13,p,1,0,44.0,29.1376898242451,5,122.63826388872836,1,1,2,122.63826388872836,22051,0.05823747,1,1,1
220510213001,10,p,1,0,112.0,29.230422722025,5,109.87532858658908,1,1,2,109.87532858658908,22051,0.05823747,1,1,1
220510213003,8,p,1,0,42.0,29.2313212764318,5,111.75993483849491,1,1,2,111.75993483849491,22051,0.05823747,1,1,1
220510214001,19,p,1,0,101.0,29.2802265836281,5,105.73847874353356,1,1,3,105.73847874353356,22051,0.05823747,1,1,1
220510214002,21,p,1,0,67.0,29.2807542951933,5,105.34225474461812,1,1,3,105.34225474461812,22051,0.05823747,1,1,1
220510216002,17,p,1,0,86.0,29.3584266375099,5,99.06020530190509,1,1,2,99.06020530190509,22051,0.05823747,1,1,1
220510217001,4,p,1,0,66.0,29.4221970563008,5,97.57551158238016,1,1,3,97.57551158238016,22051,0.05823747,1,1,1
220510250014,8,p,1,0,81.0,30.4253867443893,5,92.0521712803722,1,1,3,92.0521712803722,22051,0.05823747,1,1,1
220510251022,13,p,1,0,109.0,30.2250822511308,5,91.89130080837812,1,1,3,91.89130080837812,22051,0.05823747,1,1,1
220510250021,8,p,1,0,55.0,30.2465397649875,5,87.61257248317513,1,1,5,87.61257248317513,22051,0.05823747,1,1,1
220510250031,21,p,1,0,124.0,30.2722970800634,5,92.2932301550424,1,1,3,92.2932301550424,22051,0.05823747,1,1,1
220510251021,4,p,1,0,67.0,30.1979378676022,5,90.70325174463024,1,1,3,90.70325174463024,22051,0.05823747,1,1,1
220510251023,17,p,1,0,102.0,30.209473842098,5,93.76212011168926,1,1,3,93.76212011168926,22051,0.05823747,1,1,1
220510219001,8,p,1,0,83.0,29.5640004075543,5,101.72992064689824,1,1,3,101.72992064689824,22051,0.05823747,1,1,1
220510251033,4,p,1,0,52.0,30.2667307664555,5,92.41472814865794,1,1,3,92.41472814865794,22051,0.05823747,1,1,1
220510251031,12,p,1,0,58.0,30.3208721012653,5,92.4080454549363,1,1,3,92.4080454549363,22051,0.05823747,1,1,1
220510217005,12,p,1,0,62.0,29.3604980303305,5,99.6163404930318,1,1,3,99.6163404930318,22051,0.05823747,1,1,1
220510217003,4,p,1,0,68.0,29.391864436419,5,97.27058992963448,1,1,3,97.27058992963448,22051,0.05823747,1,1,1
220510218011,12,p,1,0,140.0,29.4896991390244,5,98.62758928214006,1,1,3,98.62758928214006,22051,0.05823747,1,1,1
220510218012,17,p,1,0,67.0,29.4508512586569,5,97.99687853779544,1,1,3,97.99687853779544,22051,0.05823747,1,1,1
220510218041,16,p,1,0,116.0,29.4927365198861,5,99.8651613932586,1,1,3,99.8651613932586,22051,0.05823747,1,1,1
220510220011,12,p,1,0,159.0,29.6122390246592,5,102.5550694723195,1,1,2,102.5550694723195,22051,0.05823747,1,1,1
220510220021,8,p,1,0,101.0,29.5656031693327,5,102.99546980134777,1,1,2,102.99546980134777,22051,0.05823747,1,1,1
220510223011,8,p,1,0,57.0,29.7876749900804,5,99.49703866202508,1,1,2,99.49703866202508,22051,0.05823747,1,1,1
220510221021,8,p,1,0,95.0,29.6622569122592,5,101.5286065840715,1,1,2,101.5286065840715,22051,0.05823747,1,1,1
220510222001,4,p,1,0,79.0,29.744151996125,5,99.29286805385831,1,1,2,99.29286805385831,22051,0.05823747,1,1,1
220510252011,4,p,1,0,39.0,30.2403570516551,5,87.40087324388267,1,1,5,87.40087324388267,22051,0.05823747,1,1,1
220510282003,8,p,1,0,105.0,29.6104929806043,5,101.83075527823128,1,1,4,101.83075527823128,22051,0.05823747,1,1,1
220510275011,23,p,1,0,217.0,28.9237404533963,5,136.8000030517578,1,1,2,136.8000030517578,22051,0.05823747,1,1,1
220510275021,4,p,1,0,72.0,29.1544942930277,5,112.13707164088432,1,1,4,112.13707164088432,22051,0.05823747,1,1,1
220510276012,15,p,1,0,124.0,29.165827359936,5,107.92897960948828,1,1,4,107.92897960948828,22051,0.05823747,1,1,1
220510227002,8,p,1,0,59.0,29.6359240851791,5,103.11509508029228,1,1,3,103.11509508029228,22051,0.05823747,1,1,1
220450302002,23,p,1,0,128.0,33.8424362543581,4,88.0,2,1,2,88.0,22045,3.09661809,0,1,1
220510259002,8,p,1,0,55.0,30.1076877137346,5,91.98478661361985,1,1,5,91.98478661361985,22051,0.05823747,1,1,1
220510278102,6,p,1,0,50.0,29.9624422442578,5,88.14055910919004,1,1,4,88.14055910919004,22051,0.05823747,1,1,1
220570201001,29,p,1,0,89.0,38.3271843611439,3,84.90724690779182,2,1,2,84.90724690779182,22057,0.52554993,1,1,1
220570205003,4,p,1,0,26.0,39.0005211034671,3,85.87390429953037,2,1,2,85.87390429953037,22057,0.52554993,1,1,1
220330032013,12,p,1,0,70.0,31.6061910627514,4,202.3000030517578,1,2,0,202.3000030517578,22033,0.02202799,0,0,1
220330032023,4,p,1,0,54.0,31.0407720699211,4,194.2048184962622,1,2,0,194.2048184962622,22033,0.02202799,0,0,1
220330033002,10,p,1,0,26.0,32.507885896135,4,152.9831225987914,1,2,0,152.9831225987914,22033,0.02202799,0,0,1
220330036013,27,p,1,0,106.0,31.7974579448488,5,152.46161588292824,1,2,0,152.46161588292824,22033,0.02202799,0,0,1
220330036031,4,p,1,0,32.0,31.3282509401293,4,147.42528938658347,1,1,2,147.42528938658347,22033,0.02202799,0,0,1
220510203011,16,p,1,0,104.0,29.3573069307681,5,97.8258202055735,1,1,3,97.8258202055735,22051,0.05823747,1,1,1
220510230021,9,p,1,0,85.0,29.4933109870033,5,101.73787463942438,1,1,2,101.73787463942438,22051,0.05823747,1,1,1
220510232002,4,p,1,0,79.0,29.3268277564443,5,103.7702221299156,1,1,1,103.7702221299156,22051,0.05823747,1,1,1
220510230032,8,p,1,0,54.0,29.3813168002908,5,101.35237383742108,1,1,1,101.35237383742108,22051,0.05823747,1,1,1
220510233001,9,p,1,0,52.0,29.3447020224339,5,102.23139877447656,1,1,1,102.23139877447656,22051,0.05823747,1,1,1
220510234002,16,p,1,0,101.0,29.2754224730731,5,106.91657735753824,1,1,2,106.91657735753824,22051,0.05823747,1,1,1
220510233002,4,p,1,0,58.0,29.3018296975966,5,106.86845087830896,1,1,1,106.86845087830896,22051,0.05823747,1,1,1
220510234001,4,p,1,0,83.0,29.3391994831606,5,101.13515461783804,1,1,1,101.13515461783804,22051,0.05823747,1,1,1
220510234003,16,p,1,0,44.0,29.3042375229165,5,105.69388997099522,1,1,2,105.69388997099522,22051,0.05823747,1,1,1
220510235002,27,p,1,0,117.0,29.1830169396011,5,120.9205582061645,1,1,2,120.9205582061645,22051,0.05823747,1,1,1
220510235003,8,p,1,0,58.0,29.2392938218569,5,108.39540930219722,1,1,2,108.39540930219722,22051,0.05823747,1,1,1
220510252021,5,p,1,0,93.0,30.2069536976346,5,88.60341186054458,1,1,4,88.60341186054458,22051,0.05823747,1,1,1
220510252024,11,p,1,0,82.0,30.2381004233766,5,94.8000030517578,1,1,4,94.8000030517578,22051,0.05823747,1,1,1
220510254002,16,p,1,0,75.0,30.1699458156271,5,89.12695711512602,1,1,4,89.12695711512602,22051,0.05823747,1,1,1
220510253001,4,p,1,0,19.0,30.1899299891717,5,88.63579110651946,1,1,5,88.63579110651946,22051,0.05823747,1,1,1
220510253002,25,p,1,0,91.0,30.1751785435727,5,90.05072862196862,1,1,5,90.05072862196862,22051,0.05823747,1,1,1
220510254003,12,p,1,0,59.0,30.1665900358604,5,89.17378457717784,1,1,4,89.17378457717784,22051,0.05823747,1,1,1
220330033003,7,p,1,0,58.0,32.5718471438393,4,138.90593377904952,1,1,1,138.90593377904952,22033,0.02202799,0,0,1
220330033004,6,p,1,0,30.0,32.3641668740701,4,171.74136370510536,1,2,0,171.74136370510536,22033,0.02202799,0,0,1
220330033005,11,p,1,0,45.0,32.5890190610857,4,138.49219446527226,1,1,1,138.49219446527226,22033,0.02202799,0,0,1
220330037011,17,p,1,0,116.0,31.6707248178433,6,150.65042961672924,1,2,1,150.65042961672924,22033,0.02202799,0,0,1
220330037014,14,p,1,0,105.0,31.8600949102508,6,147.3343057316789,1,1,1,147.3343057316789,22033,0.02202799,0,0,1
220510203022,16,p,1,0,85.0,29.4382677505026,5,97.00626661355636,1,1,3,97.00626661355636,22051,0.05823747,1,1,1
220510203024,13,p,1,0,73.0,29.387116087575,5,97.42521900356616,1,1,3,97.42521900356616,22051,0.05823747,1,1,1
220510203032,4,p,1,0,90.0,29.4453605602546,5,97.55544039657272,1,1,3,97.55544039657272,22051,0.05823747,1,1,1
220510203033,17,p,1,0,69.0,29.3703960024688,5,100.82078959297544,1,1,3,100.82078959297544,22051,0.05823747,1,1,1
220510203031,9,p,1,0,82.0,29.3302573039077,5,101.53125673809676,1,1,3,101.53125673809676,22051,0.05823747,1,1,1
220510204001,14,p,1,0,114.0,29.2838389399881,5,108.64110243324308,1,1,3,108.64110243324308,22051,0.05823747,1,1,1
220510205021,16,p,1,0,85.0,29.1217865160158,5,125.5,1,1,2,125.5,22051,0.05823747,1,1,1
220510236001,17,p,1,0,77.0,29.2491198461326,5,109.3537058964378,1,1,2,109.3537058964378,22051,0.05823747,1,1,1
220510205061,17,p,1,0,75.0,29.1901244456397,5,116.0056631574975,1,1,2,116.0056631574975,22051,0.05823747,1,1,1
220510205062,25,p,1,0,112.0,29.1705799876959,5,121.0535839246887,1,1,2,121.0535839246887,22051,0.05823747,1,1,1
220510205072,12,p,1,0,116.0,29.0094360423681,5,136.4119133912213,1,1,3,136.4119133912213,22051,0.05823747,1,1,1
220510236003,24,p,1,0,109.0,29.1565050353765,5,120.7898715342127,1,1,2,120.7898715342127,22051,0.05823747,1,1,1
220510237001,4,p,1,0,33.0,29.2402959681149,5,109.3924853701614,1,1,1,109.3924853701614,22051,0.05823747,1,1,1
220510239041,4,p,1,0,105.0,29.1838356882035,5,111.60453676216731,1,1,3,111.60453676216731,22051,0.05823747,1,1,1
220510238001,16,p,1,0,117.0,29.1605508156315,5,115.51770471823076,1,1,1,115.51770471823076,22051,0.05823747,1,1,1
220510238002,4,p,1,0,56.0,29.1093054162454,5,118.40094866889928,1,1,1,118.40094866889928,22051,0.05823747,1,1,1
220510239011,16,p,1,0,84.0,29.2766774845705,5,109.18791367653068,1,1,2,109.18791367653068,22051,0.05823747,1,1,1
220510239012,12,p,1,0,98.0,29.2418591247394,5,110.08455957689723,1,1,3,110.08455957689723,22051,0.05823747,1,1,1
220510239031,4,p,1,0,58.0,29.2075181167225,5,112.58172960911304,1,1,1,112.58172960911304,22051,0.05823747,1,1,1
220510239042,12,p,1,0,96.0,29.1609784115718,5,115.30826108942324,1,1,1,115.30826108942324,22051,0.05823747,1,1,1
220510264001,13,p,1,0,64.0,29.9381794643627,5,90.4045549577391,1,1,6,90.4045549577391,22051,0.05823747,1,1,1
220510259001,12,p,1,0,48.0,30.0834027274001,5,112.5850506446843,1,1,5,112.5850506446843,22051,0.05823747,1,1,1
220510260002,4,p,1,0,32.0,30.0314611295489,5,93.18740063470656,1,1,6,93.18740063470656,22051,0.05823747,1,1,1
220510261001,21,p,1,0,75.0,30.1045600232564,5,89.96267638859445,1,1,4,89.96267638859445,22051,0.05823747,1,1,1
220510261003,8,p,1,0,68.0,30.053972586007,5,90.923301402575,1,1,5,90.923301402575,22051,0.05823747,1,1,1
220510278053,46,p,1,0,184.0,30.0974509017911,5,91.0,1,1,3,91.0,22051,0.05823747,1,1,1
220090307005,12,p,1,0,176.0,32.5184702549652,3,136.03334045410156,1,1,2,136.03334045410156,22009,1.52021072,0,0,1
220510264002,12,p,1,0,88.0,29.9518975083324,5,89.31343650408968,1,1,4,89.31343650408968,22051,0.05823747,1,1,1
220510265001,18,p,1,0,117.0,29.9181585247074,5,90.22330638977668,1,1,6,90.22330638977668,22051,0.05823747,1,1,1
220330035043,21,p,1,0,71.0,31.4758307419071,5,161.42532332063976,1,2,0,161.42532332063976,22033,0.02202799,0,0,1
220330037015,12,p,1,0,73.0,31.7498644884034,6,145.68874256334172,1,1,2,145.68874256334172,22033,0.02202799,0,0,1
220330039091,28,p,1,0,147.0,31.9818322778388,5,138.95293805670806,1,1,2,138.95293805670806,22033,0.02202799,0,0,1
221159504001,26,p,1,0,98.0,42.166528820563,2,151.5,2,2,3,151.5,22115,19.00196373,0,0,0
221159503002,10,p,1,0,71.0,48.4973539346606,3,185.4375,2,2,1,185.4375,22115,19.00196373,0,0,0
221159509001,42,p,1,0,99.0,51.3713622147221,2,163.10000610351562,2,2,1,163.10000610351562,22115,19.00196373,0,0,0
221159507011,13,p,1,0,143.0,42.5527993957429,2,173.346435546875,2,2,3,173.346435546875,22115,19.00196373,0,0,0
221159502002,29,p,1,0,212.0,47.6066547524327,3,146.73333740234375,2,1,3,146.73333740234375,22115,19.00196373,0,0,0
221159506001,10,p,1,0,65.0,50.3085939583152,2,152.45001220703125,2,2,2,152.45001220703125,22115,19.00196373,0,0,0
221159508004,17,p,1,0,94.0,40.5908471613007,3,136.9875030517578,2,1,4,136.9875030517578,22115,19.00196373,0,0,0
221159505001,25,p,1,0,154.0,40.7157559406304,2,153.09876578063103,2,2,3,153.09876578063103,22115,19.00196373,0,0,0
220570220001,38,p,1,0,284.0,38.5914225024723,3,87.86887596586236,2,1,2,87.86887596586236,22057,0.52554993,1,1,1
221030408024,12,p,1,0,75.0,30.6072478087589,4,232.1000061035156,1,2,3,232.1000061035156,22103,0.05873937,1,1,0
221030408023,29,p,1,0,227.0,30.4443341361339,4,212.20221036311185,1,2,3,212.20221036311185,22103,0.05873937,1,1,0
220930401002,20,p,1,0,74.0,41.1986345485126,3,160.42857360839844,2,2,1,160.42857360839844,22093,0.29947926,1,1,1
220170245033,29,p,1,0,91.0,31.1138794261652,2,34.186853992265284,1,1,0,34.186853992265284,22017,0.0,0,0,0
220170245031,22,p,1,0,142.0,30.9937710641319,2,34.831690085574785,1,1,0,34.831690085574785,22017,0.0,0,0,0
220170245042,4,p,1,0,56.0,26.4541755005423,2,65.9000015258789,1,1,0,65.9000015258789,22017,0.0,0,0,0
221059533002,23,p,1,0,87.0,35.555183546702,4,55.75,2,1,0,55.75,22105,0.00826522,0,1,0
221059541021,26,p,1,0,156.0,38.269847556469,3,134.73780521935532,2,1,2,134.73780521935532,22105,0.00826522,0,1,1
221059540023,31,p,1,0,83.0,35.7095860755668,3,121.0500030517578,2,1,1,121.0500030517578,22105,0.00826522,0,1,0
221059547002,57,p,1,0,252.0,42.073235716548,3,115.54444885253906,2,1,2,115.54444885253906,22105,0.00826522,1,1,1
221059541024,22,p,1,0,168.0,38.3792083724403,3,94.9000015258789,2,1,2,94.9000015258789,22105,0.00826522,0,1,1
221059545022,33,p,1,0,209.0,38.0462418746823,3,97.9000015258789,2,1,2,97.9000015258789,22105,0.00826522,0,1,1
221059545023,42,p,1,0,123.0,39.1586131875726,3,96.8000030517578,2,1,2,96.8000030517578,22105,0.00826522,0,1,1
221059536004,37,p,1,0,131.0,38.4347645338738,3,188.6333465576172,2,2,0,188.6333465576172,22105,0.00826522,0,1,1
221059545012,116,p,1,0,526.0,38.5468816599379,3,94.95583390188372,2,1,2,94.95583390188372,22105,0.00826522,0,1,1
221059545011,68,p,1,0,350.0,39.3205573546315,3,96.58167664931942,2,1,2,96.58167664931942,22105,0.00826522,0,1,1
220190019011,22,p,1,0,227.0,54.8514197968342,4,212.3999938964844,2,2,2,212.3999938964844,22019,32.47305225,0,1,0
220190019012,159,p,1,0,1113.0,54.4192069397634,3,204.9108661367486,2,2,3,204.9108661367486,22019,32.47305225,0,1,0
220190020003,26,p,1,0,186.0,50.1378654399028,2,382.5750122070313,2,2,0,382.5750122070313,22019,32.47305225,0,1,0
220190021001,16,p,1,0,115.0,49.6784415364675,2,327.32987616304285,2,2,0,327.32987616304285,22019,32.47305225,0,1,0
220170239013,4,p,1,0,115.0,33.8895104454774,1,49.13720460182356,2,1,0,49.13720460182356,22017,0.0,0,0,0
220170239014,12,p,1,0,135.0,33.7230017808286,1,50.79999923706055,2,1,0,50.79999923706055,22017,0.0,0,0,0
220170239041,27,p,1,0,245.0,34.244513311944,1,45.14552180299084,2,1,0,45.14552180299084,22017,0.0,0,0,0
220170239052,19,p,1,0,151.0,33.8202825140294,1,51.911110017179574,2,1,0,51.911110017179574,22017,0.0,0,0,0
220170241093,16,p,1,0,111.0,33.9034890765881,1,55.5,2,1,0,55.5,22017,0.0,0,0,0
220170242012,21,p,1,0,94.0,31.7373886037389,2,49.099998474121094,1,1,0,49.099998474121094,22017,0.0,0,0,0
220170243012,17,p,1,0,97.0,30.3970216417226,2,39.400001525878906,1,1,0,39.400001525878906,22017,0.0,0,0,0
220330040153,13,p,1,0,86.0,33.3731883329341,4,59.81140748750256,2,1,0,59.81140748750256,22033,0.02202799,0,0,1
220550001001,12,p,1,0,83.0,35.942074194438,3,164.4512587492539,2,2,2,164.4512587492539,22055,1.5760870500000002,0,0,1
220550001002,32,p,1,0,144.0,35.6648075274635,3,163.39079576797437,2,2,2,163.39079576797437,22055,1.5760870500000002,0,0,1
220750504001,25,p,1,0,95.0,38.4469853178178,4,101.9031753540039,2,1,2,101.9031753540039,22075,1.49824733,1,1,1
220750508001,12,p,1,0,148.0,33.6293381706092,4,94.07020568847656,2,1,3,94.07020568847656,22075,1.49824733,1,1,1
220090307004,18,p,1,0,123.0,32.3333056019635,3,139.85000610351562,1,1,2,139.85000610351562,22009,1.52021072,0,0,1
220090306005,7,p,1,0,59.0,33.239144296118,3,168.39579308689866,2,2,1,168.39579308689866,22009,1.52021072,0,0,0
220090301001,4,p,1,0,94.0,31.6924649617753,3,133.10250854492188,1,1,1,133.10250854492188,22009,1.52021072,0,0,1
220550015002,16,p,1,0,75.0,36.1661070418153,3,163.7615421786118,2,2,2,163.7615421786118,22055,1.5760870500000002,0,0,1
220550015003,26,p,1,0,182.0,36.7067562062928,3,157.38115360566746,2,2,2,157.38115360566746,22055,1.5760870500000002,0,0,1
220550015004,8,p,1,0,99.0,36.4058625346262,3,164.31166928318274,2,2,2,164.31166928318274,22055,1.5760870500000002,0,0,1
220550016003,8,p,1,0,49.0,37.1456285015684,3,154.8695078661642,2,2,2,154.8695078661642,22055,1.5760870500000002,0,0,1
220550017003,12,p,1,0,98.0,37.4304548687556,3,146.52183752453274,2,1,3,146.52183752453274,22055,1.5760870500000002,0,0,1
220070502001,8,p,1,0,220.0,37.5609675884,3,49.60000228881836,2,1,0,49.60000228881836,22007,0.2395300699999999,1,1,1
221190321003,19,p,1,0,77.0,36.4694582470115,1,106.6500015258789,2,1,2,106.6500015258789,22119,0.0,0,0,0
221190311002,17,p,1,0,87.0,32.4888850215271,2,63.73684310913086,1,1,0,63.73684310913086,22119,0.0,0,0,0
220139704003,25,p,1,0,89.0,27.298377903331,3,142.6875,1,1,2,142.6875,22013,0.0,0,0,0
220170240002,34,p,1,0,273.0,35.6457533491431,1,91.125,2,1,1,91.125,22017,0.0,0,0,0
220170240001,78,p,1,0,480.0,32.9592896239803,2,61.5,1,1,0,61.5,22017,0.0,0,0,0
220170241092,4,p,1,0,73.0,33.6919924024198,1,57.79678446921131,2,1,0,57.79678446921131,22017,0.0,0,0,0
220170245032,12,p,1,0,123.0,29.5623394242021,2,35.599998474121094,1,1,0,35.599998474121094,22017,0.0,0,0,0
220170242023,40,p,1,0,209.0,33.5706957040284,1,54.849998474121094,2,1,0,54.849998474121094,22017,0.0,0,0,0
220170248001,12,p,1,0,68.0,28.2930834889942,2,58.606666564941406,1,1,0,58.606666564941406,22017,0.0,0,0,0
220730006002,10,p,1,0,70.0,20.2363629101597,0,170.8000030517578,1,2,0,170.8000030517578,22073,0.0,0,0,0
220730055002,21,p,1,0,119.0,22.7086255658752,2,106.75729146744142,1,1,2,106.75729146744142,22073,0.0,0,0,0
220730102013,22,p,1,0,213.0,20.4968778957668,0,110.46397319974076,1,1,1,110.46397319974076,22073,0.0,0,0,0
220790101003,23,p,1,0,310.0,31.9571311482734,4,223.8166656494141,1,2,0,223.8166656494141,22079,4.49269524,0,0,0
220790123023,18,p,1,0,117.0,32.3014536574242,3,220.86537746513355,1,2,1,220.86537746513355,22079,4.49269524,0,0,0
220550010011,34,p,1,0,256.0,35.850183083267,3,178.89999389648438,2,2,2,178.89999389648438,22055,1.5760870500000002,0,0,1
220790123013,13,p,1,0,66.0,32.2895401757926,3,218.6803573006811,1,2,1,218.6803573006811,22079,4.49269524,0,0,0
220790123012,39,p,1,0,291.0,32.2728839869628,3,213.66954739597023,1,2,1,213.66954739597023,22079,4.49269524,0,0,0
220990201003,13,p,1,0,162.0,35.5276511769499,1,120.89999389648438,2,1,3,120.89999389648438,22099,2.17976609,0,1,1
221179506002,20,p,1,0,131.0,29.4788384791642,4,104.08000183105467,1,1,4,104.08000183105467,22117,0.0022141099999999,0,0,0
221179507001,8,p,1,0,111.0,29.7618748012725,4,94.63093520153735,1,1,3,94.63093520153735,22117,0.0022141099999999,0,0,0
220570217001,28,p,1,0,138.0,33.4086904809042,3,131.69941243962833,2,1,3,131.69941243962833,22057,0.52554993,1,1,1
220570207022,21,p,1,0,116.0,38.1312547144585,3,81.95000457763672,2,1,2,81.95000457763672,22057,0.52554993,1,1,1
220570216021,24,p,1,0,187.0,33.3179062667974,3,122.24000549316406,2,1,4,122.24000549316406,22057,0.52554993,1,1,1
220570206002,4,p,1,0,40.0,38.1787063688528,3,77.5999984741211,2,1,2,77.5999984741211,22057,0.52554993,1,1,1
220570211003,16,p,1,0,86.0,33.726934394889,4,113.05999755859376,2,1,3,113.05999755859376,22057,0.52554993,1,1,1
220570208001,5,p,1,0,68.0,40.979590105123,3,140.90000915527344,2,1,3,140.90000915527344,22057,0.52554993,1,1,1
220479531022,33,p,1,0,165.0,35.0158413751136,4,58.0,2,1,0,58.0,22047,0.33403865,0,1,1
220919512005,24,p,1,0,91.0,36.6130757456541,4,103.91666412353516,2,1,2,103.91666412353516,22091,0.04607514,0,0,1
220919511003,20,p,1,0,38.0,31.5447430715714,5,65.19999694824219,1,1,0,65.19999694824219,22091,0.04607514,0,0,1
220919512002,35,p,1,0,101.0,34.3386849225615,4,100.58000183105467,2,1,2,100.58000183105467,22091,0.04607514,0,0,1
220919511001,4,p,1,0,65.0,34.7691771228542,4,46.890907287597656,2,1,0,46.890907287597656,22091,0.04607514,0,0,0
220919512001,5,p,1,0,66.0,34.3945424293844,4,78.43333435058594,2,1,1,78.43333435058594,22091,0.04607514,0,0,1
220919512003,17,p,1,0,48.0,33.7816963198921,4,87.5999984741211,2,1,1,87.5999984741211,22091,0.04607514,0,0,1
220919512004,17,p,1,0,86.0,34.5666621738752,4,102.61111450195312,2,1,1,102.61111450195312,22091,0.04607514,0,0,1
220919511004,8,p,1,0,51.0,34.1530266005557,4,54.525001525878906,2,1,0,54.525001525878906,22091,0.04607514,0,0,1
221030411021,33,p,1,0,147.0,30.4551176347552,4,169.04596905197735,1,2,3,169.04596905197735,22103,0.05873937,1,1,0
221030408035,16,p,1,0,230.0,31.5392939963544,4,234.3000030517578,1,2,2,234.3000030517578,22103,0.05873937,1,1,0
221030407061,9,p,1,0,89.0,32.3767881311261,4,207.8000030517578,1,2,4,207.8000030517578,22103,0.05873937,0,1,0
221030407065,9,p,1,0,143.0,30.766199960798,4,199.0,1,2,4,199.0,22103,0.05873937,0,1,0
221030404002,96,p,1,0,727.0,33.0531438530318,4,120.5999984741211,2,1,2,120.5999984741211,22103,0.05873937,1,1,0
221030405012,8,p,1,0,97.0,29.0288480338116,5,120.48070525425304,1,1,2,120.48070525425304,22103,0.05873937,0,1,0
221030411023,12,p,1,0,91.0,30.5501973274726,4,194.84321459226217,1,2,3,194.84321459226217,22103,0.05873937,1,1,0
221030401023,40,p,1,0,160.0,29.2973890331465,4,89.9000015258789,1,1,2,89.9000015258789,22103,0.05873937,0,1,0
221030403051,34,p,1,0,223.0,34.318557062262,4,134.10000610351562,2,1,1,134.10000610351562,22103,0.05873937,0,1,0
221030408034,8,p,1,0,37.0,32.0170578825115,4,247.20001220703125,1,2,2,247.20001220703125,22103,0.05873937,1,1,0
221030406012,9,p,1,0,247.0,31.8075628389413,5,118.3000030517578,1,1,3,118.3000030517578,22103,0.05873937,1,1,0
221030403044,16,p,1,0,258.0,29.2946072836296,5,109.03903381206788,1,1,3,109.03903381206788,22103,0.05873937,1,1,0
220170242022,67,p,1,0,279.0,32.0207104962433,2,49.599998474121094,1,1,0,49.599998474121094,22017,0.0,0,0,0
220170243041,64,p,1,0,271.0,30.2038746933542,2,55.90000534057617,1,1,0,55.90000534057617,22017,0.0,0,0,0
220170242032,38,p,1,0,85.0,31.6383443171725,2,54.125,1,1,0,54.125,22017,0.0,0,0,0
220170241081,23,p,1,0,88.0,33.9120478620015,1,55.586364993365926,2,1,0,55.586364993365926,22017,0.0,0,0,0
220190017001,78,p,1,0,370.0,47.2852890952769,2,300.45001220703125,2,2,1,300.45001220703125,22019,32.47305225,0,1,0
220330040151,19,p,1,0,214.0,33.8363954387372,4,57.0,2,1,0,57.0,22033,0.02202799,0,0,1
220510278044,27,p,1,0,152.0,30.2425757572314,5,93.949082644114,1,1,3,93.949082644114,22051,0.05823747,1,1,1
220510277013,13,p,1,0,77.0,30.1146858863199,5,99.9499969482422,1,1,6,99.9499969482422,22051,0.05823747,1,1,1
220510258002,4,p,1,0,39.0,30.1648582586176,5,109.62202489100396,1,1,4,109.62202489100396,22051,0.05823747,1,1,1
220170250004,4,p,1,0,35.0,24.1370970990208,2,45.5,1,1,0,45.5,22017,0.0,0,0,0
220170239011,27,p,1,0,364.0,34.1295992352009,1,47.7100567581333,2,1,0,47.7100567581333,22017,0.0,0,0,0
220170242033,10,p,1,0,134.0,32.8887956868469,2,52.94444274902344,1,1,0,52.94444274902344,22017,0.0,0,0,0
221190315004,18,p,1,0,66.0,35.2186691111337,1,74.96666717529297,2,1,1,74.96666717529297,22119,0.0,0,0,0
220170241022,19,p,1,0,99.0,33.1038489410907,1,56.986011057957235,2,1,0,56.986011057957235,22017,0.0,0,0,0
220170254062,16,p,1,0,78.0,30.5528992615027,2,33.400001525878906,1,1,0,33.400001525878906,22017,0.0,0,0,0
220170227002,8,p,1,0,68.0,33.5506599013221,1,43.126705038185904,2,1,0,43.126705038185904,22017,0.0,0,0,0
220070502003,16,p,1,0,121.0,40.8143232076905,4,60.45000076293945,2,1,0,60.45000076293945,22007,0.2395300699999999,1,1,1
220170241021,33,p,1,0,169.0,33.4756873758,1,60.29999923706055,2,1,0,60.29999923706055,22017,0.0,0,0,0
220170241043,4,p,1,0,62.0,33.5897853706936,1,47.28470985146806,2,1,0,47.28470985146806,22017,0.0,0,0,0
220170241063,18,p,1,0,117.0,33.6009636762816,1,52.98200054270072,2,1,0,52.98200054270072,22017,0.0,0,0,0
220170241064,8,p,1,0,78.0,33.5710588096744,1,54.16253905268322,2,1,0,54.16253905268322,22017,0.0,0,0,0
220070506003,32,p,1,0,155.0,38.6166735478397,3,65.80000305175781,2,1,0,65.80000305175781,22007,0.2395300699999999,1,1,1
220070501002,23,p,1,0,92.0,37.8463599678401,3,53.69999694824219,2,1,0,53.69999694824219,22007,0.2395300699999999,1,1,1
220070503001,16,p,1,0,113.0,42.3241444034203,3,80.2249984741211,2,1,1,80.2249984741211,22007,0.2395300699999999,1,1,1
220070506002,8,p,1,0,56.0,37.175043154115,3,75.68000793457031,2,1,2,75.68000793457031,22007,0.2395300699999999,1,1,1
220070505002,6,p,1,0,89.0,39.3660591184354,3,60.46000289916992,2,1,0,60.46000289916992,22007,0.2395300699999999,1,1,1
221090012021,15,b1,0,1,254.0,34.2873689216262,2,105.60942840576172,2,1,3,105.60942840576172,22109,0.7674244,1,1,1
221090012023,14,b1,0,1,121.0,33.8387688007255,3,141.5,2,1,3,141.5,22109,0.7674244,1,1,1
221030413003,22,b1,0,1,153.0,29.4802922866134,5,103.3000030517578,1,1,3,103.3000030517578,22103,0.05873937,1,1,0
221030407011,45,b1,0,1,331.0,29.6474289168828,4,100.25,1,1,3,100.25,22103,0.05873937,0,1,0
221030411011,72,b1,0,1,282.0,30.2558281312235,4,138.0,1,1,5,138.0,22103,0.05873937,1,1,0
220950701001,13,b1,0,1,79.0,31.7255041299701,4,153.0,1,2,1,153.0,22095,0.2488945099999999,1,1,1
220950705002,6,b1,0,1,62.0,32.323492371079,4,144.0932959142486,1,1,3,144.0932959142486,22095,0.2488945099999999,1,1,1
220950705001,18,b1,0,1,83.0,32.766933104491,4,143.3000030517578,1,1,3,143.3000030517578,22095,0.2488945099999999,1,1,1
221090002012,12,b1,0,1,57.0,44.6756651930432,3,137.3000030517578,2,1,2,137.3000030517578,22109,0.7674244,1,1,1
221090002013,23,b1,0,1,106.0,34.2127648982689,4,151.1504395414706,2,2,1,151.1504395414706,22109,0.7674244,1,1,1
221090002021,93,b1,0,1,313.0,34.3088472574601,4,157.39003375011268,2,2,1,157.39003375011268,22109,0.7674244,1,1,1
221090002022,42,b1,0,1,142.0,34.2674708284783,4,156.22012408740224,2,2,1,156.22012408740224,22109,0.7674244,1,1,1
221090002023,32,b1,0,1,186.0,34.385210282025,4,155.70001220703125,2,2,1,155.70001220703125,22109,0.7674244,1,1,1
221210204012,28,b1,0,1,191.0,35.0699183087342,4,63.45000076293945,2,1,0,63.45000076293945,22121,0.36837128,0,0,1
221090001023,12,b1,0,1,72.0,43.0910665472462,3,143.721320652832,2,1,2,143.721320652832,22109,0.7674244,1,1,1
220710017253,5,b1,0,1,56.0,32.4416094992292,5,90.73230676147692,1,1,4,90.73230676147692,22071,0.06577263,1,1,0
220930401001,29,b1,0,1,165.0,43.1105726843697,4,149.44616823806086,2,1,2,149.44616823806086,22093,0.29947926,1,1,1
221090001011,4,b1,0,1,97.0,40.2003950907991,3,100.3000030517578,2,1,2,100.3000030517578,22109,0.7674244,1,1,1
221090006006,8,b1,0,1,79.0,33.8374316183851,3,176.632937691983,2,2,2,176.632937691983,22109,0.7674244,1,1,1
221090015001,54,b1,0,1,123.0,41.220992429493,4,100.97999572753906,2,1,1,100.97999572753906,22109,0.7674244,1,1,1
221090013004,25,b1,0,1,173.0,33.6758626543294,3,173.45689059995985,2,2,1,173.45689059995985,22109,0.7674244,1,1,1
221090010001,37,b1,0,1,236.0,33.9669729753861,3,144.25,2,1,3,144.25,22109,0.7674244,1,1,1
221090013003,16,b1,0,1,117.0,35.0783202524315,2,154.8000030517578,2,2,2,154.8000030517578,22109,0.7674244,1,1,1
221090012012,20,b1,0,1,114.0,33.6267326476975,2,141.16241494853443,2,1,4,141.16241494853443,22109,0.7674244,1,1,1
221090013001,21,b1,0,1,125.0,31.0036958436635,3,164.546142578125,1,2,1,164.546142578125,22109,0.7674244,1,1,1
221090012011,20,b1,0,1,151.0,33.8915095642644,3,159.4250030517578,2,2,2,159.4250030517578,22109,0.7674244,1,1,1
221090006002,4,b1,0,1,47.0,34.3526811787462,3,181.2219054757525,2,2,2,181.2219054757525,22109,0.7674244,1,1,1
221090003001,49,b1,0,1,233.0,34.1884127297108,4,156.60967238439076,2,2,1,156.60967238439076,22109,0.7674244,1,1,1
221090014001,20,b1,0,1,100.0,40.2564029359621,4,144.53562927246094,2,1,1,144.53562927246094,22109,0.7674244,1,1,1
221090017001,50,b1,0,1,168.0,43.622144670933,3,130.9166717529297,2,1,2,130.9166717529297,22109,0.7674244,1,1,1
221090017003,76,b1,0,1,269.0,34.1308760035951,4,160.25,2,2,1,160.25,22109,0.7674244,1,1,1
221090009002,13,b1,0,1,69.0,34.2802312058407,3,173.4626947590309,2,2,2,173.4626947590309,22109,0.7674244,1,1,1
221090005003,11,b1,0,1,53.0,34.3011252521548,3,173.47859215816467,2,2,2,173.47859215816467,22109,0.7674244,1,1,1
221090004022,10,b1,0,1,94.0,34.2969004904399,3,158.362556329127,2,2,1,158.362556329127,22109,0.7674244,1,1,1
221090009001,45,b1,0,1,160.0,34.3223655946624,3,176.19599982259405,2,2,2,176.19599982259405,22109,0.7674244,1,1,1
221090009003,11,b1,0,1,51.0,34.2836453743769,3,179.00742605015907,2,2,2,179.00742605015907,22109,0.7674244,1,1,1
221090008002,25,b1,0,1,91.0,34.1933889127767,3,185.74558422252457,2,2,2,185.74558422252457,22109,0.7674244,1,1,1
221090008005,39,b1,0,1,157.0,33.9252997602199,3,181.2466124022663,2,2,2,181.2466124022663,22109,0.7674244,1,1,1
220990205022,36,b1,0,1,288.0,37.5135518725741,3,141.89999389648438,2,1,4,141.89999389648438,22099,2.17976609,0,1,1
220930404003,12,b1,0,1,55.0,43.7268889515115,4,130.14999389648438,2,1,2,130.14999389648438,22093,0.29947926,1,1,1
220930402001,19,b1,0,1,94.0,43.302082890047,4,125.2549534164771,2,1,2,125.2549534164771,22093,0.29947926,1,1,1
220930403002,6,b1,0,1,57.0,44.9094234244376,4,116.5999984741211,2,1,2,116.5999984741211,22093,0.29947926,1,1,1
220930405002,8,b1,0,1,73.0,41.5440690511018,3,122.55555725097656,2,1,1,122.55555725097656,22093,0.29947926,1,1,1
221090001012,32,b1,0,1,193.0,39.9304159221673,3,90.6930244039536,2,1,2,90.6930244039536,22109,0.7674244,1,1,1
221259518002,14,b1,0,1,119.0,33.4794413916864,2,72.55999755859375,2,1,1,72.55999755859375,22125,0.32906933,0,0,1
221259517011,8,b1,0,1,74.0,31.8756882003686,3,101.56666564941406,1,1,1,101.56666564941406,22125,0.32906933,0,0,1
221259517021,12,b1,0,1,66.0,32.4668213645178,3,98.21818542480467,1,1,1,98.21818542480467,22125,0.32906933,0,0,1
221259518003,37,b1,0,1,211.0,32.5916768443418,4,66.97500610351562,1,1,0,66.97500610351562,22125,0.32906933,0,0,1
220930406001,4,b1,0,1,81.0,45.053542478093,4,112.4000015258789,2,1,2,112.4000015258789,22093,0.29947926,1,1,1
220930407002,7,b1,0,1,66.0,43.1588384176886,3,117.98157784274062,2,1,3,117.98157784274062,22093,0.29947926,1,1,1
221090001021,17,b1,0,1,79.0,42.359972111268,3,133.15974954389506,2,1,2,133.15974954389506,22109,0.7674244,1,1,1
221090001022,34,b1,0,1,132.0,42.0713512840208,3,140.89999389648438,2,1,2,140.89999389648438,22109,0.7674244,1,1,1
221090002011,46,b1,0,1,151.0,34.2541559212674,4,149.71557252065145,2,1,2,149.71557252065145,22109,0.7674244,1,1,1
221090003002,49,b1,0,1,202.0,34.1870401819407,4,160.14744205322165,2,2,1,160.14744205322165,22109,0.7674244,1,1,1
221090003003,8,b1,0,1,73.0,34.2132109929008,3,167.68744102918785,2,2,1,167.68744102918785,22109,0.7674244,1,1,1
221090003004,4,b1,0,1,43.0,34.2359056212786,3,168.8927201733197,2,2,1,168.8927201733197,22109,0.7674244,1,1,1
221090004021,34,b1,0,1,158.0,34.245493686466,4,156.72785761379558,2,2,1,156.72785761379558,22109,0.7674244,1,1,1
221090004023,36,b1,0,1,128.0,34.2894663295892,3,159.07460762610154,2,2,1,159.07460762610154,22109,0.7674244,1,1,1
221090011002,15,b1,0,1,118.0,36.7610492446463,2,113.05578836061696,2,1,4,113.05578836061696,22109,0.7674244,1,1,1
221090005004,9,b1,0,1,66.0,34.2806513405692,3,172.45499495196424,2,2,2,172.45499495196424,22109,0.7674244,1,1,1
221090004012,28,b1,0,1,90.0,34.2847607524791,3,163.12973880494684,2,2,1,163.12973880494684,22109,0.7674244,1,1,1
221090004011,33,b1,0,1,83.0,34.2484515759912,3,161.75810522859757,2,2,1,161.75810522859757,22109,0.7674244,1,1,1
221090004014,26,b1,0,1,156.0,34.2458813615136,3,163.73240151822714,2,2,1,163.73240151822714,22109,0.7674244,1,1,1
221090005001,22,b1,0,1,90.0,34.3587153742497,3,166.5,2,2,2,166.5,22109,0.7674244,1,1,1
221090005002,20,b1,0,1,120.0,34.3250820374474,3,172.86980090850946,2,2,2,172.86980090850946,22109,0.7674244,1,1,1
220710017411,5,b1,0,1,48.0,34.3015355586794,4,92.17896801356969,2,1,5,92.17896801356969,22071,0.06577263,1,1,0
220710017491,5,b1,0,1,56.0,35.0492457097358,4,93.08276811537438,2,1,5,93.08276811537438,22071,0.06577263,1,1,0
221090014003,17,b1,0,1,95.0,34.0760060763971,2,192.94000244140625,2,2,2,192.94000244140625,22109,0.7674244,1,1,1
221090015002,99,b1,0,1,216.0,44.089713155388,3,183.3999938964844,2,2,0,183.3999938964844,22109,0.7674244,1,1,1
221090016001,20,b1,0,1,94.0,44.2407329991164,3,108.29999542236328,2,1,1,108.29999542236328,22109,0.7674244,1,1,1
221090017002,196,b1,0,1,605.0,44.6571734397332,3,162.5,2,2,1,162.5,22109,0.7674244,1,1,1
221090008004,34,b1,0,1,161.0,34.123369865095,3,186.48673308041828,2,2,2,186.48673308041828,22109,0.7674244,1,1,1
221090005005,18,b1,0,1,92.0,34.2594806703695,3,167.54411069506156,2,2,1,167.54411069506156,22109,0.7674244,1,1,1
221090006001,8,b1,0,1,56.0,33.9061391445891,3,189.8000030517578,2,2,2,189.8000030517578,22109,0.7674244,1,1,1
221090006003,10,b1,0,1,88.0,34.2028908623588,3,184.20577976575365,2,2,2,184.20577976575365,22109,0.7674244,1,1,1
221090006005,19,b1,0,1,116.0,33.8916079899384,3,174.83325814252032,2,2,2,174.83325814252032,22109,0.7674244,1,1,1
221090007001,12,b1,0,1,94.0,34.3334210691057,3,184.1317802552261,2,2,2,184.1317802552261,22109,0.7674244,1,1,1
221090007002,19,b1,0,1,74.0,34.2258262686112,3,185.4608460216299,2,2,2,185.4608460216299,22109,0.7674244,1,1,1
221090007003,5,b1,0,1,60.0,34.119587536977,3,186.1050715998205,2,2,2,186.1050715998205,22109,0.7674244,1,1,1
221090008001,24,b1,0,1,94.0,34.2881950869862,3,188.3999938964844,2,2,2,188.3999938964844,22109,0.7674244,1,1,1
221090009005,30,b1,0,1,132.0,34.2060937509675,3,179.13193176742044,2,2,2,179.13193176742044,22109,0.7674244,1,1,1
220710006073,8,b1,0,1,73.0,30.3890691077513,5,87.95630700966171,1,1,3,87.95630700966171,22071,0.06577263,1,1,1
221090010002,29,b1,0,1,87.0,33.431066658769,2,125.54854594669249,2,1,3,125.54854594669249,22109,0.7674244,1,1,1
221090010003,62,b1,0,1,295.0,33.8650704553623,3,151.16732481772897,2,2,2,151.16732481772897,22109,0.7674244,1,1,1
221090011001,20,b1,0,1,79.0,36.4836166645296,2,122.0999984741211,2,1,4,122.0999984741211,22109,0.7674244,1,1,1
220710006121,15,b1,0,1,100.0,30.6499524635636,5,98.1999969482422,1,1,3,98.1999969482422,22071,0.06577263,1,1,0
220710026001,4,b1,0,1,20.0,30.1183400407435,5,124.31905197102402,1,1,4,124.31905197102402,22071,0.06577263,1,1,1
220930402002,8,b1,0,1,34.0,43.8097014457873,4,124.62018076401704,2,1,2,124.62018076401704,22093,0.29947926,1,1,1
220930407003,17,b1,0,1,123.0,42.3888922928645,3,127.4000015258789,2,1,3,127.4000015258789,22093,0.29947926,1,1,1
220930404002,8,b1,0,1,66.0,40.9357046138894,4,140.52500915527344,2,1,2,140.52500915527344,22093,0.29947926,1,1,1
221210202002,16,b1,0,1,251.0,34.0442472805929,4,68.5999984741211,2,1,0,68.5999984741211,22121,0.36837128,0,0,1
220710006182,13,b1,0,1,100.0,30.5992590926059,5,91.20335061532197,1,1,3,91.20335061532197,22071,0.06577263,1,1,1
221210204011,12,b1,0,1,242.0,34.3396729349809,4,70.10983280644751,2,1,1,70.10983280644751,22121,0.36837128,0,0,1
220119602002,36,b1,0,1,141.0,42.2894684971225,3,181.23333740234375,2,2,2,181.23333740234375,22011,30.17836803,0,0,0
220119603004,4,b1,0,1,52.0,38.3785479570951,3,168.04714671029794,2,2,2,168.04714671029794,22011,30.17836803,0,0,0
220119601001,26,b1,0,1,142.0,42.5890393169711,4,275.4750061035156,2,2,1,275.4750061035156,22011,30.17836803,0,0,0
220119607003,55,b1,0,1,286.0,52.1562976266972,2,251.260009765625,2,2,2,251.260009765625,22011,30.17836803,0,0,0
220119602003,17,b1,0,1,85.0,39.937713889936,2,151.64999389648438,2,2,3,151.64999389648438,22011,30.17836803,0,0,0
220119602001,38,b1,0,1,186.0,53.7573189519287,3,162.8583221435547,2,2,1,162.8583221435547,22011,30.17836803,0,0,0
220710014024,4,b1,0,1,33.0,30.2002214171857,5,107.15821068362288,1,1,4,107.15821068362288,22071,0.06577263,1,1,1
221179506003,16,b1,0,1,100.0,29.8162970081845,4,103.54000091552734,1,1,4,103.54000091552734,22117,0.0022141099999999,0,0,0
220550019041,8,b1,0,1,144.0,38.0775469459652,3,150.37899677618685,2,2,2,150.37899677618685,22055,1.5760870500000002,0,0,1
220550019011,20,b1,0,1,166.0,39.1249791699504,3,142.10000610351562,2,1,2,142.10000610351562,22055,1.5760870500000002,0,0,0
221179505001,28,b1,0,1,115.0,30.164241263638,4,118.5749969482422,1,1,2,118.5749969482422,22117,0.0022141099999999,0,0,0
221179502004,46,b1,0,1,162.0,32.8073959073946,4,103.53333282470705,1,1,1,103.53333282470705,22117,0.0022141099999999,0,0,0
221179502001,33,b1,0,1,109.0,36.0857555348547,3,79.125,2,1,1,79.125,22117,0.0022141099999999,0,0,0
221179502002,33,b1,0,1,106.0,35.4515403965784,3,82.16666412353516,2,1,1,82.16666412353516,22117,0.0022141099999999,0,0,0
221179503002,17,b1,0,1,121.0,36.2448499158793,3,105.29999542236328,2,1,1,105.29999542236328,22117,0.0022141099999999,0,0,0
221179505002,26,b1,0,1,153.0,38.2232574197976,3,123.72538189002258,2,1,1,123.72538189002258,22117,0.0022141099999999,0,0,0
221179503001,14,b1,0,1,51.0,35.0336107629708,3,90.66666412353516,2,1,1,90.66666412353516,22117,0.0022141099999999,0,0,0
221179506001,7,b1,0,1,82.0,30.3580215857056,4,89.46666717529297,1,1,3,89.46666717529297,22117,0.0022141099999999,0,0,0
221179504002,16,b1,0,1,69.0,34.9177779709862,2,72.75999450683594,2,1,1,72.75999450683594,22117,0.0022141099999999,0,0,0
221179504001,13,b1,0,1,61.0,35.1422633512602,2,83.25,2,1,1,83.25,22117,0.0022141099999999,0,0,0
221159508001,20,b1,0,1,61.0,41.9911854923417,4,339.05999755859375,2,2,1,339.05999755859375,22115,19.00196373,0,0,0
221010411002,22,b1,0,1,95.0,32.6195758178516,5,103.28484344482422,1,1,3,103.28484344482422,22101,0.68496657,1,1,1
221010409002,4,b1,0,1,94.0,38.7444824100675,3,91.95066833496094,2,1,2,91.95066833496094,22101,0.68496657,1,1,1
220570217002,16,b1,0,1,102.0,33.3472958332063,3,133.8233922772679,2,1,3,133.8233922772679,22057,0.52554993,1,1,1
221059541011,47,b1,0,1,298.0,36.8236899710063,3,129.8400786330603,2,1,2,129.8400786330603,22105,0.00826522,0,1,1
221059542002,24,b1,0,1,112.0,36.914110064536,3,105.12042791113184,2,1,1,105.12042791113184,22105,0.00826522,0,1,1
221059543001,8,b1,0,1,80.0,37.5154218711141,3,95.33720243145596,2,1,2,95.33720243145596,22105,0.00826522,0,1,1
221059543002,19,b1,0,1,120.0,37.5842951922107,3,106.43227785664544,2,1,2,106.43227785664544,22105,0.00826522,0,1,1
221059543004,8,b1,0,1,44.0,37.582646571588,3,93.8000030517578,2,1,2,93.8000030517578,22105,0.00826522,0,1,1
221059544003,21,b1,0,1,119.0,37.2544333577255,3,96.94633902298465,2,1,1,96.94633902298465,22105,0.00826522,0,1,1
221059545021,20,b1,0,1,130.0,37.5775085338143,3,97.4538311403118,2,1,1,97.4538311403118,22105,0.00826522,0,1,1
221159506002,22,b1,0,1,98.0,36.5332122738387,2,169.81153391909427,2,2,1,169.81153391909427,22115,19.00196373,0,0,0
220190020001,15,b1,0,1,120.0,52.8780246911834,2,326.6000061035156,2,2,0,326.6000061035156,22019,32.47305225,0,1,0
220190016004,10,b1,0,1,103.0,52.3193634451979,2,314.8661206425823,2,2,1,314.8661206425823,22019,32.47305225,0,1,0
220690006004,14,b1,0,1,128.0,29.7103391889357,4,138.3000030517578,1,1,3,138.3000030517578,22069,0.0,0,0,0
220510256001,22,b1,0,1,99.0,30.1291385829941,5,91.65143573528267,1,1,5,91.65143573528267,22051,0.05823747,1,1,1
220510263001,17,b1,0,1,92.0,29.9814200747891,5,90.58797301471068,1,1,6,90.58797301471068,22051,0.05823747,1,1,1
220510279023,25,b1,0,1,160.0,39.1878559233351,4,86.0,2,1,4,86.0,22051,0.05823747,1,1,1
221210202001,4,b1,0,1,109.0,33.4070522397486,4,85.0999984741211,2,1,1,85.0999984741211,22121,0.36837128,0,0,1
221210203002,12,b1,0,1,113.0,33.5609232208717,4,77.19999694824219,2,1,1,77.19999694824219,22121,0.36837128,0,0,1
220510251032,16,b1,0,1,109.0,30.2579085852593,5,93.23210789478,1,1,3,93.23210789478,22051,0.05823747,1,1,1
220510251042,12,b1,0,1,67.0,30.2697014817193,5,95.04506052995404,1,1,3,95.04506052995404,22051,0.05823747,1,1,1
220510252012,9,b1,0,1,122.0,30.2138015140442,5,88.29193230290117,1,1,5,88.29193230290117,22051,0.05823747,1,1,1
220510255002,8,b1,0,1,63.0,30.1355815842744,5,90.4894927475196,1,1,5,90.4894927475196,22051,0.05823747,1,1,1
220510282002,8,b1,0,1,53.0,29.4154770067855,5,102.5999984741211,1,1,4,102.5999984741211,22051,0.05823747,1,1,1
220510205122,8,b1,0,1,122.0,29.0827984106589,5,125.4702725997778,1,1,3,125.4702725997778,22051,0.05823747,1,1,1
220850007003,12,b1,0,1,84.0,43.4809660048621,3,168.1199951171875,2,2,2,168.1199951171875,22085,0.0,0,0,0
220850001002,12,b1,0,1,100.0,41.4489914843731,3,184.3933258056641,2,2,1,184.3933258056641,22085,0.0,0,0,0
220850007001,12,b1,0,1,185.0,42.2493965159433,3,158.59999084472656,2,2,2,158.59999084472656,22085,0.0,0,0,0
220510239032,8,b1,0,1,138.0,29.2409214288909,5,108.3000030517578,1,1,1,108.3000030517578,22051,0.05823747,1,1,1
220510275012,16,b1,0,1,174.0,29.08134792643,5,115.3000030517578,1,1,4,115.3000030517578,22051,0.05823747,1,1,1
220090305001,20,b1,0,1,196.0,32.4751005074156,3,139.5,1,1,2,139.5,22009,1.52021072,0,0,0
220090303002,16,b1,0,1,146.0,31.0873018778859,3,131.5,1,1,2,131.5,22009,1.52021072,0,0,0
220510271001,10,b1,0,1,82.0,29.6350128259874,5,96.12828550039536,1,1,5,96.12828550039536,22051,0.05823747,1,1,1
220510230031,4,b1,0,1,68.0,29.4133563340251,5,102.11767495662862,1,1,1,102.11767495662862,22051,0.05823747,1,1,1
220550014051,28,b1,0,1,180.0,36.0291540636243,3,159.73978524181047,2,2,2,159.73978524181047,22055,1.5760870500000002,0,0,1
220550014052,8,b1,0,1,67.0,36.0197318356965,3,160.98229748616788,2,2,3,160.98229748616788,22055,1.5760870500000002,0,0,1
220550014053,21,b1,0,1,225.0,36.0726097224169,3,156.79133318432372,2,2,2,156.79133318432372,22055,1.5760870500000002,0,0,1
220550014054,27,b1,0,1,103.0,36.1836018519131,3,154.94962981045623,2,2,3,154.94962981045623,22055,1.5760870500000002,0,0,1
220550014061,30,b1,0,1,331.0,35.9860030125018,3,161.5,2,2,2,161.5,22055,1.5760870500000002,0,0,1
220550014062,37,b1,0,1,434.0,36.6530947927938,3,156.0770668001573,2,2,2,156.0770668001573,22055,1.5760870500000002,0,0,1
220550014044,46,b1,0,1,327.0,36.3130540528646,3,154.75423397588267,2,2,3,154.75423397588267,22055,1.5760870500000002,0,0,1
220279505003,8,b1,0,1,55.0,25.4532743020724,3,114.47272491455078,1,1,2,114.47272491455078,22027,0.0,0,0,0
220839703002,24,b1,0,1,112.0,20.3387091916461,0,193.6066741943359,1,2,0,193.6066741943359,22083,0.01253687,0,0,0
221139508001,8,b1,0,1,47.0,39.5570132040169,3,143.61578288304298,2,1,3,143.61578288304298,22113,12.34417553,0,1,0
220659602001,21,b1,0,1,143.0,21.4483326477693,1,122.07291412353516,1,1,1,122.07291412353516,22065,0.00606983,0,0,0
220659601001,4,b1,0,1,141.0,21.9175493142472,1,89.86571502685547,1,1,1,89.86571502685547,22065,0.00606983,0,0,0
220510278041,18,b1,0,1,119.0,30.1735036122371,5,91.16785184061912,1,1,3,91.16785184061912,22051,0.05823747,1,1,1
220530004005,20,b1,0,1,180.0,43.4138937996005,3,222.9888916015625,2,2,3,222.9888916015625,22053,34.29631719,0,1,0
220530002002,30,b1,0,1,55.0,50.8126997970484,3,251.1374969482422,2,2,0,251.1374969482422,22053,34.29631719,1,1,0
220530004001,31,b1,0,1,160.0,47.2268155793696,3,247.57142639160156,2,2,2,247.57142639160156,22053,34.29631719,1,1,0
220530004004,8,b1,0,1,63.0,44.2345314218685,3,275.4840193928816,2,2,2,275.4840193928816,22053,34.29631719,0,1,0
220530001001,24,b1,0,1,177.0,42.160155583313,2,236.60714721679688,2,2,2,236.60714721679688,22053,34.29631719,0,1,0
220530001002,12,b1,0,1,62.0,46.2521643131165,2,299.2333068847656,2,2,2,299.2333068847656,22053,34.29631719,0,1,0
220530004003,4,b1,0,1,68.0,44.0028102561836,3,270.0544341112724,2,2,2,270.0544341112724,22053,34.29631719,0,1,0
220530001003,50,b1,0,1,253.0,42.7727373504686,2,228.489990234375,2,2,3,228.489990234375,22053,34.29631719,0,1,0
220530003003,12,b1,0,1,86.0,49.4901191800436,2,238.7022524986039,2,2,2,238.7022524986039,22053,34.29631719,0,1,0
220530003001,16,b1,0,1,129.0,49.2746970120414,2,258.00665283203125,2,2,2,258.00665283203125,22053,34.29631719,0,1,0
220530002001,28,b1,0,1,140.0,49.4184332982443,2,376.3055419921875,2,2,0,376.3055419921875,22053,34.29631719,0,1,0
220530003004,16,b1,0,1,100.0,50.7331065348309,2,253.8999938964844,2,2,2,253.8999938964844,22053,34.29631719,0,1,0
220530002003,16,b1,0,1,223.0,48.4612758779873,2,300.55712890625,2,2,0,300.55712890625,22053,34.29631719,0,1,0
221159503003,10,b1,0,1,153.0,46.6314002619208,3,171.83531188964844,2,2,3,171.83531188964844,22115,19.00196373,0,0,0
221159504003,4,b1,0,1,39.0,41.7440986647486,2,143.83218284923487,2,1,4,143.83218284923487,22115,19.00196373,0,0,0
221159509003,12,b1,0,1,91.0,49.6063680219255,2,163.15713500976562,2,2,1,163.15713500976562,22115,19.00196373,0,0,0
221159501006,13,b1,0,1,104.0,40.2771072002137,2,205.68182373046875,2,2,1,205.68182373046875,22115,19.00196373,0,0,0
221159501004,8,b1,0,1,73.0,39.7438746886303,2,158.5749969482422,2,2,3,158.5749969482422,22115,19.00196373,0,0,0
221159501005,10,b1,0,1,104.0,38.0976053061336,2,172.63999938964844,2,2,2,172.63999938964844,22115,19.00196373,0,0,0
220530005001,23,b1,0,1,156.0,43.0158407609505,2,222.5,2,2,3,222.5,22053,34.29631719,0,1,0
220530005002,13,b1,0,1,164.0,42.1968681194877,2,220.5407847904835,2,2,3,220.5407847904835,22053,34.29631719,0,1,0
220530005004,16,b1,0,1,71.0,41.6077004606196,3,220.2148729115792,2,2,3,220.2148729115792,22053,34.29631719,0,1,0
220530006002,4,b1,0,1,42.0,43.1053842629853,2,222.58379083014864,2,2,3,222.58379083014864,22053,34.29631719,0,1,0
221159505004,33,b1,0,1,104.0,49.7915768637325,2,149.25,2,1,4,149.25,22115,19.00196373,0,0,0
221159501003,8,b1,0,1,65.0,38.7066094856808,2,147.0,2,1,4,147.0,22115,19.00196373,0,0,0
221159505005,23,b1,0,1,145.0,39.034559658428,2,156.0,2,2,3,156.0,22115,19.00196373,0,0,0
221159501002,16,b1,0,1,50.0,39.1147749964512,2,141.8333282470703,2,1,3,141.8333282470703,22115,19.00196373,0,0,0
221159508005,13,b1,0,1,67.0,45.3036476410477,3,158.65455627441406,2,2,3,158.65455627441406,22115,19.00196373,0,0,0
220510212002,43,b1,0,1,96.0,29.1644379975336,5,119.7934828676909,1,1,2,119.7934828676909,22051,0.05823747,1,1,1
221179504003,41,b1,0,1,147.0,36.4621551397095,2,103.47142791748048,2,1,1,103.47142791748048,22117,0.0022141099999999,0,0,0
221179505003,62,b1,0,1,244.0,41.0421288035692,3,113.09285736083984,2,1,2,113.09285736083984,22117,0.0022141099999999,0,0,0
220070505001,8,b1,0,1,63.0,40.5719665291002,3,109.75999450683594,2,1,1,109.75999450683594,22007,0.2395300699999999,1,1,1
220070506001,12,b1,0,1,96.0,38.9577338020374,3,97.0897103767368,2,1,1,97.0897103767368,22007,0.2395300699999999,1,1,1
220550006032,16,b1,0,1,122.0,37.6314707944001,3,163.51055270988215,2,2,2,163.51055270988215,22055,1.5760870500000002,0,0,1
220510236002,29,b1,0,1,66.0,29.2010636080926,5,111.1975213702824,1,1,2,111.1975213702824,22051,0.05823747,1,1,1
220510205022,54,b1,0,1,152.0,29.1353876289099,5,123.53549231916588,1,1,2,123.53549231916588,22051,0.05823747,1,1,1
220510277033,9,b1,0,1,62.0,30.3866396220416,5,88.9526450943743,1,1,5,88.9526450943743,22051,0.05823747,1,1,1
220510261002,23,b1,0,1,92.0,30.0800156387115,5,90.24288486429224,1,1,4,90.24288486429224,22051,0.05823747,1,1,1
220510272002,32,b1,0,1,59.0,29.61784168822,5,98.82008850882444,1,1,5,98.82008850882444,22051,0.05823747,1,1,1
220710140004,4,b1,0,1,15.0,29.994276980913,5,158.52012762903843,1,2,4,158.52012762903843,22071,0.06577263,1,1,1
220710017492,4,b1,0,1,40.0,34.6997153510278,4,93.08243272565672,2,1,5,93.08243272565672,22071,0.06577263,1,1,0
220070504002,8,b1,0,1,73.0,41.9894026817797,3,51.400001525878906,2,1,0,51.400001525878906,22007,0.2395300699999999,1,1,1
220510205082,24,b1,0,1,111.0,28.9426469423204,5,140.47632430127868,1,1,3,140.47632430127868,22051,0.05823747,1,1,1
220510205153,8,b1,0,1,54.0,28.9531738293301,5,140.14891195458662,1,1,3,140.14891195458662,22051,0.05823747,1,1,1
220510205152,16,b1,0,1,75.0,28.9145573193396,5,142.33901154084916,1,1,3,142.33901154084916,22051,0.05823747,1,1,1
220510205173,38,b1,0,1,91.0,29.0561421536476,5,132.39269661147117,1,1,3,132.39269661147117,22051,0.05823747,1,1,1
220330043021,24,b1,0,1,141.0,29.672597008481,4,222.6000061035156,1,2,1,222.6000061035156,22033,0.02202799,0,0,1
220510205171,9,b1,0,1,70.0,29.0935321839,5,124.06205544530316,1,1,2,124.06205544530316,22051,0.05823747,1,1,1
220510205111,8,b1,0,1,90.0,29.0469210431381,5,132.33033936927126,1,1,3,132.33033936927126,22051,0.05823747,1,1,1
220510205112,12,b1,0,1,80.0,29.0696599331867,5,124.50969914823256,1,1,2,124.50969914823256,22051,0.05823747,1,1,1
220510205113,12,b1,0,1,60.0,29.09955029888,5,122.8053620047282,1,1,2,122.8053620047282,22051,0.05823747,1,1,1
220510205121,9,b1,0,1,67.0,29.0355533714245,5,136.98695396072137,1,1,3,136.98695396072137,22051,0.05823747,1,1,1
220510205131,15,b1,0,1,91.0,29.1906318850226,5,111.69026034842948,1,1,2,111.69026034842948,22051,0.05823747,1,1,1
220510240013,20,b1,0,1,93.0,29.2432028586817,5,110.08569110045092,1,1,3,110.08569110045092,22051,0.05823747,1,1,1
220510240021,28,b1,0,1,79.0,29.2135238944,5,111.6500356752332,1,1,4,111.6500356752332,22051,0.05823747,1,1,1
220510241001,26,b1,0,1,137.0,29.3153469116468,5,106.47435402424982,1,1,4,106.47435402424982,22051,0.05823747,1,1,1
220510269001,14,b1,0,1,41.0,29.7960956376982,5,102.9656354807858,1,1,5,102.9656354807858,22051,0.05823747,1,1,1
220510270002,34,b1,0,1,142.0,29.6949613472441,5,92.8346815376451,1,1,5,92.8346815376451,22051,0.05823747,1,1,1
220510270003,17,b1,0,1,51.0,29.7571823832237,5,97.63360481420774,1,1,5,97.63360481420774,22051,0.05823747,1,1,1
220510271002,8,b1,0,1,74.0,29.6132349522679,5,97.1452134737942,1,1,5,97.1452134737942,22051,0.05823747,1,1,1
220510272003,27,b1,0,1,49.0,29.5956304778693,5,108.22082003436536,1,1,5,108.22082003436536,22051,0.05823747,1,1,1
220510272005,42,b1,0,1,82.0,29.6676745170558,5,107.80308083236778,1,1,5,107.80308083236778,22051,0.05823747,1,1,1
220619601002,16,b1,0,1,63.0,28.1461533292851,3,107.30769348144533,1,1,3,107.30769348144533,22061,0.0,0,0,0
220510282001,23,b1,0,1,57.0,29.6047925206832,5,117.0999984741211,1,1,5,117.0999984741211,22051,0.05823747,1,1,1
220619604002,20,b1,0,1,230.0,28.6381380212219,3,107.4000015258789,1,1,2,107.4000015258789,22061,0.0,0,0,0
220619601003,8,b1,0,1,44.0,28.0835814646241,2,106.8000030517578,1,1,3,106.8000030517578,22061,0.0,0,0,0
220619607001,36,b1,0,1,162.0,28.3678481521721,2,107.24444580078124,1,1,2,107.24444580078124,22061,0.0,0,0,0
220619606002,12,b1,0,1,35.0,27.4811777764826,2,123.08958609737824,1,1,2,123.08958609737824,22061,0.0,0,0,0
220619601001,23,b1,0,1,186.0,28.5361806687834,3,109.1374969482422,1,1,2,109.1374969482422,22061,0.0,0,0,0
220619605003,17,b1,0,1,140.0,29.4801070461039,3,109.1992153308379,1,1,2,109.1992153308379,22061,0.0,0,0,0
220619607003,44,b1,0,1,224.0,26.7976479945766,2,106.87777709960938,1,1,2,106.87777709960938,22061,0.0,0,0,0
220619605002,37,b1,0,1,201.0,29.7531514632018,3,109.13570086538591,1,1,2,109.13570086538591,22061,0.0,0,0,0
220570216013,26,b1,0,1,127.0,33.8544220386893,3,159.25,2,2,2,159.25,22057,0.52554993,1,1,1
220619602002,13,b1,0,1,94.0,28.1473566985651,3,105.8375015258789,1,1,2,105.8375015258789,22061,0.0,0,0,0
220619602003,12,b1,0,1,49.0,24.1437304891915,3,106.11111450195312,1,1,2,106.11111450195312,22061,0.0,0,0,0
220619603003,4,b1,0,1,51.0,27.8826018929032,3,104.93210842844712,1,1,1,104.93210842844712,22061,0.0,0,0,0
220619605001,19,b1,0,1,148.0,29.7728476034009,3,109.3000030517578,1,1,2,109.3000030517578,22061,0.0,0,0,0
220619606004,8,b1,0,1,60.0,26.5452100440558,3,115.26307841970896,1,1,2,115.26307841970896,22061,0.0,0,0,0
220570202022,42,b1,0,1,219.0,39.1995030824033,3,88.30000305175781,2,1,2,88.30000305175781,22057,0.52554993,1,1,1
220170215001,17,b1,0,1,90.0,33.2957951718977,1,43.100574019845126,2,1,0,43.100574019845126,22017,0.0,0,0,0
220170226003,4,b1,0,1,73.0,33.3280251366673,1,42.89926258650475,2,1,0,42.89926258650475,22017,0.0,0,0,0
220890632001,42,b1,0,1,204.0,35.5901550282635,4,120.32414245605467,2,1,4,120.32414245605467,22089,0.19315147,1,1,1
220890623023,17,b1,0,1,146.0,27.9508102280538,5,134.38627845331274,1,1,4,134.38627845331274,22089,0.19315147,1,1,1
220890629001,8,b1,0,1,110.0,28.2149426580921,5,124.91463557524088,1,1,4,124.91463557524088,22089,0.19315147,1,1,1
220890631001,28,b1,0,1,304.0,30.612169147462,5,116.6500015258789,1,1,5,116.6500015258789,22089,0.19315147,1,1,1
220890601001,30,b1,0,1,196.0,28.471586255986,5,143.24444580078125,1,1,2,143.24444580078125,22089,0.19315147,1,1,1
220890632004,34,b1,0,1,117.0,32.6807750148489,4,159.89999389648438,1,2,2,159.89999389648438,22089,0.19315147,1,1,1
220619609002,16,b1,0,1,103.0,26.5926592127842,3,118.18810268976478,1,1,2,118.18810268976478,22061,0.0,0,0,0
220619610001,5,b1,0,1,61.0,26.3245018786064,3,113.4000015258789,1,1,2,113.4000015258789,22061,0.0,0,0,0
220619610003,10,b1,0,1,101.0,27.2517922218716,3,113.74056086601692,1,1,2,113.74056086601692,22061,0.0,0,0,0
220170241062,4,b1,0,1,42.0,32.8652480843307,2,50.92509156419361,1,1,0,50.92509156419361,22017,0.0,0,0,0
220170242011,12,b1,0,1,128.0,32.1320456122399,2,47.901684220643595,1,1,0,47.901684220643595,22017,0.0,0,0,0
220570207031,42,b1,0,1,283.0,37.886218582657,3,93.9000015258789,2,1,2,93.9000015258789,22057,0.52554993,1,1,1
220570207043,18,b1,0,1,73.0,38.859558827844,3,101.25,2,1,1,101.25,22057,0.52554993,1,1,1
220570210001,26,b1,0,1,93.0,33.0489898455305,3,147.3874969482422,2,1,3,147.3874969482422,22057,0.52554993,1,1,1
220570216011,59,b1,0,1,226.0,33.4234745419908,3,144.29618471843318,2,1,3,144.29618471843318,22057,0.52554993,1,1,1
220570212002,28,b1,0,1,185.0,40.065243056365,3,110.97900390625,2,1,3,110.97900390625,22057,0.52554993,1,1,1
220570211001,131,b1,0,1,325.0,38.5819342327528,3,122.03408813476562,2,1,3,122.03408813476562,22057,0.52554993,1,1,1
220570219012,163,b1,0,1,474.0,34.4645152972347,4,150.89999389648438,2,2,1,150.89999389648438,22057,0.52554993,1,1,1
220570213002,32,b1,0,1,80.0,37.5186566874923,4,106.85032182012016,2,1,5,106.85032182012016,22057,0.52554993,1,1,1
220570219022,30,b1,0,1,120.0,34.4705685206279,2,140.23333740234375,2,1,2,140.23333740234375,22057,0.52554993,1,1,1
220690007003,8,b1,0,1,62.0,31.4612992140645,4,142.56486048139956,1,1,3,142.56486048139956,22069,0.0,0,0,0
220570216014,38,b1,0,1,197.0,33.3486373532091,3,136.39999389648438,2,1,3,136.39999389648438,22057,0.52554993,1,1,1
220170239051,46,b1,0,1,363.0,33.9805833122266,1,45.099998474121094,2,1,0,45.099998474121094,22017,0.0,0,0,0
220170241071,18,b1,0,1,139.0,32.9996113030151,2,48.92448184005175,1,1,0,48.92448184005175,22017,0.0,0,0,0
220190020004,61,b1,0,1,285.0,47.9703604206348,2,264.463134765625,2,2,0,264.463134765625,22019,32.47305225,1,1,0
220550014102,80,b1,0,1,598.0,41.4835422563579,3,169.73333740234375,2,2,3,169.73333740234375,22055,1.5760870500000002,0,0,1
220550019012,32,b1,0,1,160.0,40.400469371008,4,134.24424097236783,2,1,3,134.24424097236783,22055,1.5760870500000002,0,0,0
220550019013,12,b1,0,1,90.0,40.3629261211236,4,135.43058262133675,2,1,3,135.43058262133675,22055,1.5760870500000002,0,0,0
220550019014,10,b1,0,1,105.0,40.3339112513436,3,142.0500030517578,2,1,3,142.0500030517578,22055,1.5760870500000002,0,0,0
220550019021,38,b1,0,1,208.0,39.5251621881777,3,136.0,2,1,3,136.0,22055,1.5760870500000002,0,0,1
220550019022,32,b1,0,1,190.0,38.4392551872832,3,173.39999389648438,2,2,2,173.39999389648438,22055,1.5760870500000002,0,0,1
220550019023,16,b1,0,1,116.0,37.9753877719514,3,169.0894079081803,2,2,2,169.0894079081803,22055,1.5760870500000002,0,0,1
220550019031,29,b1,0,1,84.0,40.0756625758638,3,133.39999389648438,2,1,3,133.39999389648438,22055,1.5760870500000002,0,0,1
220710103004,4,b1,0,1,11.0,29.8986481266865,5,171.4586888106226,1,2,3,171.4586888106226,22071,0.06577263,1,1,1
220510270004,8,b1,0,1,48.0,29.7190734459523,5,98.51512415320464,1,1,5,98.51512415320464,22051,0.05823747,1,1,1
220930406002,12,b1,0,1,66.0,43.9385822333499,4,123.8249969482422,2,1,2,123.8249969482422,22093,0.29947926,1,1,1
220930403001,41,b1,0,1,253.0,42.8207607452742,4,133.89999389648438,2,1,2,133.89999389648438,22093,0.29947926,1,1,1
220550019033,12,b1,0,1,135.0,39.3589800567263,3,134.0,2,1,3,134.0,22055,1.5760870500000002,0,0,1
220550019042,26,b1,0,1,159.0,38.3434352810239,3,145.25618830672718,2,1,3,145.25618830672718,22055,1.5760870500000002,0,0,1
220550019051,47,b1,0,1,193.0,39.8571900562111,3,142.5,2,1,3,142.5,22055,1.5760870500000002,0,0,1
220550019052,8,b1,0,1,114.0,38.6532714536918,3,139.05972141665652,2,1,3,139.05972141665652,22055,1.5760870500000002,0,0,1
220550019053,16,b1,0,1,117.0,40.5338671583408,3,131.10000610351562,2,1,3,131.10000610351562,22055,1.5760870500000002,0,0,0
220550020011,13,b1,0,1,116.0,40.5061782710953,4,131.10000610351562,2,1,3,131.10000610351562,22055,1.5760870500000002,0,0,0
221030402011,75,b1,0,1,424.0,35.3580293069958,4,125.9000015258789,2,1,1,125.9000015258789,22103,0.05873937,0,1,0
221030413002,18,b1,0,1,83.0,29.3854925545451,5,104.53479251215036,1,1,3,104.53479251215036,22103,0.05873937,1,1,0
221030402021,53,b1,0,1,226.0,38.6813416283326,3,114.15999603271484,2,1,3,114.15999603271484,22103,0.05873937,0,1,0
221030412044,31,b1,0,1,178.0,29.8343483682584,4,117.4499969482422,1,1,5,117.4499969482422,22103,0.05873937,1,1,0
221030401026,21,b1,0,1,148.0,29.4666014841599,4,90.3000030517578,1,1,2,90.3000030517578,22103,0.05873937,0,1,0
221030403032,30,b1,0,1,195.0,29.2915351577038,5,110.96321945663968,1,1,3,110.96321945663968,22103,0.05873937,1,1,0
221030406011,35,b1,0,1,184.0,29.0783979189304,5,118.45253538438614,1,1,3,118.45253538438614,22103,0.05873937,0,1,0
221030412022,4,b1,0,1,66.0,29.8830229215906,5,116.46666717529295,1,1,3,116.46666717529295,22103,0.05873937,1,1,0
221030411031,20,b1,0,1,125.0,30.6237359059122,4,206.2629223782902,1,2,2,206.2629223782902,22103,0.05873937,1,1,0
221030408032,15,b1,0,1,108.0,31.0240253675842,4,250.5,1,2,2,250.5,22103,0.05873937,1,1,0
221030412092,27,b1,0,1,137.0,29.4711838474051,5,101.7675027211785,1,1,2,101.7675027211785,22103,0.05873937,1,1,0
221030412072,24,b1,0,1,221.0,29.3202172191365,5,103.02879081799416,1,1,2,103.02879081799416,22103,0.05873937,1,1,0
221030407051,32,b1,0,1,167.0,30.7822779986566,4,211.4431457880476,1,2,4,211.4431457880476,22103,0.05873937,0,1,0
221030412042,75,b1,0,1,302.0,30.0957099641296,4,126.25,1,1,5,126.25,22103,0.05873937,1,1,0
221030406051,16,b1,0,1,127.0,29.1750359724692,4,115.16877248631825,1,1,2,115.16877248631825,22103,0.05873937,0,1,0
221030404001,33,b1,0,1,199.0,33.9684340874506,4,117.5,2,1,2,117.5,22103,0.05873937,0,1,0
221030403053,81,b1,0,1,440.0,31.5648811273833,5,125.45676458535682,1,1,3,125.45676458535682,22103,0.05873937,1,1,0
221030403033,16,b1,0,1,136.0,29.3440243717394,5,105.99092458855232,1,1,3,105.99092458855232,22103,0.05873937,1,1,0
220170249001,8,b1,0,1,53.0,24.9967781587539,2,41.42727279663086,1,1,0,41.42727279663086,22017,0.0,0,0,0
220510278122,4,b1,0,1,42.0,30.0144191806862,5,89.21103627745848,1,1,3,89.21103627745848,22051,0.05823747,1,1,1
220510279012,42,b1,0,1,233.0,37.8671252728103,4,90.6750030517578,2,1,3,90.6750030517578,22051,0.05823747,1,1,1
221139510013,29,b1,0,1,223.0,41.0629809001867,3,183.2527418752064,2,2,2,183.2527418752064,22113,12.34417553,0,1,0
221139511001,18,b1,0,1,80.0,38.4676315994853,2,113.95581817626952,2,1,4,113.95581817626952,22113,12.34417553,1,1,0
220530007002,8,b1,0,1,72.0,41.5441827162868,3,221.06797146673463,2,2,3,221.06797146673463,22053,34.29631719,0,1,0
220530003002,16,b1,0,1,74.0,49.4388573150938,2,248.23513098846695,2,2,2,248.23513098846695,22053,34.29631719,0,1,0
220550014071,32,b1,0,1,250.0,36.2401441887189,3,158.89334344441153,2,2,2,158.89334344441153,22055,1.5760870500000002,0,0,1
220550014072,60,b1,0,1,538.0,36.9229578897233,3,153.87763154702128,2,2,2,153.87763154702128,22055,1.5760870500000002,0,0,1
220550014111,44,b1,0,1,346.0,36.2026672082777,3,158.3000030517578,2,2,3,158.3000030517578,22055,1.5760870500000002,0,0,1
220550014092,14,b1,0,1,143.0,37.0763659110884,3,147.07702611211178,2,1,4,147.07702611211178,22055,1.5760870500000002,0,0,1
220550014093,44,b1,0,1,272.0,36.7966495191931,3,146.52976463163282,2,1,4,146.52976463163282,22055,1.5760870500000002,0,0,1
220550014094,30,b1,0,1,192.0,36.5199818317913,3,149.06264877458418,2,1,4,149.06264877458418,22055,1.5760870500000002,0,0,1
220550017005,10,b1,0,1,105.0,37.8074970395996,3,138.3144725975872,2,1,3,138.3144725975872,22055,1.5760870500000002,0,0,1
220550017001,28,b1,0,1,159.0,37.4256595234372,3,142.33251196674118,2,1,3,142.33251196674118,22055,1.5760870500000002,0,0,1
220550018021,4,b1,0,1,113.0,36.8553912782267,3,161.5274444572038,2,2,2,161.5274444572038,22055,1.5760870500000002,0,0,1
220550018023,13,b1,0,1,91.0,37.231301290338,3,159.6433378165486,2,2,2,159.6433378165486,22055,1.5760870500000002,0,0,1
220550017004,4,b1,0,1,78.0,37.5641592528339,3,142.8000030517578,2,1,3,142.8000030517578,22055,1.5760870500000002,0,0,1
220550018012,4,b1,0,1,72.0,37.7825696006942,3,146.91413466508362,2,1,3,146.91413466508362,22055,1.5760870500000002,0,0,1
220510251041,8,b1,0,1,90.0,30.2385733382232,5,94.40499801274592,1,1,3,94.40499801274592,22051,0.05823747,1,1,1
220510268002,19,b1,0,1,51.0,29.8201357195675,5,89.72370698763997,1,1,6,89.72370698763997,22051,0.05823747,1,1,1
220510278091,19,b1,0,1,105.0,30.63899896661,5,86.75255935998995,1,1,5,86.75255935998995,22051,0.05823747,1,1,1
220510201012,7,b1,0,1,113.0,29.7623510333635,5,98.86065124093246,1,1,2,98.86065124093246,22051,0.05823747,1,1,1
220510277031,10,b1,0,1,63.0,29.7690805617885,5,88.26916003309881,1,1,5,88.26916003309881,22051,0.05823747,1,1,1
220510277032,9,b1,0,1,57.0,30.2223121857882,5,88.2390739300308,1,1,5,88.2390739300308,22051,0.05823747,1,1,1
220510280003,16,b1,0,1,99.0,30.9166106495337,5,92.10714474750256,1,1,4,92.10714474750256,22051,0.05823747,1,1,1
220510280002,66,b1,0,1,304.0,32.228419070529,5,83.51590460785704,1,1,4,83.51590460785704,22051,0.05823747,1,1,1
220510278031,8,b1,0,1,118.0,30.1470413033966,5,89.73426705461357,1,1,3,89.73426705461357,22051,0.05823747,1,1,1
220510201023,12,b1,0,1,56.0,29.7164273622019,5,99.21204453138331,1,1,2,99.21204453138331,22051,0.05823747,1,1,1
220510202021,8,b1,0,1,76.0,29.6030189940248,5,98.88658728428273,1,1,3,98.88658728428273,22051,0.05823747,1,1,1
220170205002,18,b1,0,1,123.0,30.946403342062,2,38.51575779246478,1,1,0,38.51575779246478,22017,0.0,0,0,0
220170228001,4,b1,0,1,67.0,34.0042390376238,1,45.99614354366386,2,1,0,45.99614354366386,22017,0.0,0,0,0
220570206001,20,b1,0,1,109.0,37.9989780705615,3,82.04104890175691,2,1,2,82.04104890175691,22057,0.52554993,1,1,1
220630404012,39,b1,0,1,343.0,36.3513953289271,4,119.0201272524488,2,1,1,119.0201272524488,22063,0.03585767,0,1,1
220630403032,55,b1,0,1,284.0,32.7779143639339,5,194.37241506904115,1,2,1,194.37241506904115,22063,0.03585767,0,1,1
220630403031,32,b1,0,1,237.0,32.9163259995129,5,184.3000030517578,1,2,1,184.3000030517578,22063,0.03585767,0,1,1
220630408052,55,b1,0,1,369.0,35.511854425085,4,129.89999389648438,2,1,1,129.89999389648438,22063,0.03585767,0,1,1
220630403014,56,b1,0,1,253.0,32.6993275359528,5,191.1000061035156,1,2,1,191.1000061035156,22063,0.03585767,0,1,1
220630403033,96,b1,0,1,560.0,32.2528168928422,5,199.0,1,2,1,199.0,22063,0.03585767,0,1,1
220630403042,22,b1,0,1,211.0,33.9413103485453,4,157.39999389648438,2,2,0,157.39999389648438,22063,0.03585767,0,1,1
220630408042,128,b1,0,1,660.0,36.1656577855588,4,103.5999984741211,2,1,1,103.5999984741211,22063,0.03585767,0,1,1
220630408043,114,b1,0,1,585.0,35.622271858411,4,74.80000305175781,2,1,1,74.80000305175781,22063,0.03585767,0,1,1
220630407003,48,b1,0,1,286.0,34.1969716237468,4,136.0438678620318,2,1,1,136.0438678620318,22063,0.03585767,0,1,1
221030406041,16,b1,0,1,110.0,29.2598096410031,5,104.6113802550588,1,1,2,104.6113802550588,22103,0.05873937,0,1,0
220570201003,14,b1,0,1,64.0,38.1935454743853,3,83.27806682744368,2,1,2,83.27806682744368,22057,0.52554993,1,1,1
220890623011,37,b1,0,1,204.0,28.4226448667643,5,133.3000030517578,1,1,4,133.3000030517578,22089,0.19315147,1,1,1
220890623021,12,b1,0,1,129.0,27.8914047530696,5,142.4707751687989,1,1,4,142.4707751687989,22089,0.19315147,1,1,1
220170253002,4,b1,0,1,91.0,32.0875578990318,2,39.80057234053505,1,1,0,39.80057234053505,22017,0.0,0,0,0
220890623022,4,b1,0,1,75.0,27.9282805592692,5,142.26259428222272,1,1,4,142.26259428222272,22089,0.19315147,1,1,1
220890624002,29,b1,0,1,88.0,28.5491291562245,4,151.60812868254018,1,2,3,151.60812868254018,22089,0.19315147,1,1,1
220890625001,7,b1,0,1,46.0,29.4856639022568,4,149.0,1,1,3,149.0,22089,0.19315147,1,1,1
220890625002,23,b1,0,1,156.0,29.6379615508051,4,156.54484163911644,1,2,2,156.54484163911644,22089,0.19315147,1,1,1
220890625004,4,b1,0,1,53.0,28.9821039768128,4,161.16494431677918,1,2,2,161.16494431677918,22089,0.19315147,1,1,1
220890627003,12,b1,0,1,143.0,28.3476763303604,4,161.5500030517578,1,2,3,161.5500030517578,22089,0.19315147,1,1,1
220170239042,12,b1,0,1,79.0,34.141766190014,1,44.54105571494309,2,1,0,44.54105571494309,22017,0.0,0,0,0
220319502003,4,b1,0,1,77.0,34.9994944515428,1,91.39121785729527,2,1,2,91.39121785729527,22031,0.0,0,0,0
220790124002,23,b1,0,1,90.0,32.2787178213987,3,210.6000061035156,1,2,1,210.6000061035156,22079,4.49269524,0,0,0
221159507032,11,b1,0,1,116.0,39.9695009037556,2,166.60000610351562,2,2,2,166.60000610351562,22115,19.00196373,0,0,0
221159507021,21,b1,0,1,47.0,36.2448274983319,2,154.54680314591354,2,2,3,154.54680314591354,22115,19.00196373,0,0,0
220330017002,8,b1,0,1,63.0,32.9441866924847,4,117.56992168275396,1,1,1,117.56992168275396,22033,0.02202799,0,0,1
220330039061,13,b1,0,1,71.0,33.1783553019939,4,112.91825222548408,2,1,1,112.91825222548408,22033,0.02202799,0,0,1
220170246011,14,b1,0,1,99.0,30.9264171175174,2,35.25,1,1,0,35.25,22017,0.0,0,0,0
220170244003,4,b1,0,1,58.0,30.8358256281,2,41.71018796476609,1,1,0,41.71018796476609,22017,0.0,0,0,0
220990203021,22,b1,0,1,187.0,37.6403305227169,2,124.23333740234376,2,1,2,124.23333740234376,22099,2.17976609,0,1,1
220990206001,11,b1,0,1,73.0,37.8963720076512,3,129.6999969482422,2,1,4,129.6999969482422,22099,2.17976609,0,1,1
220190026002,13,b1,0,1,107.0,52.6969886003344,2,203.11287917395185,2,2,3,203.11287917395185,22019,32.47305225,0,1,0
220190024004,4,b1,0,1,67.0,51.5899464171027,3,192.60875467710324,2,2,2,192.60875467710324,22019,32.47305225,0,1,0
220190007004,4,b1,0,1,77.0,54.2566180960939,4,226.9052588045076,2,2,2,226.9052588045076,22019,32.47305225,0,1,0
220190009001,12,b1,0,1,74.0,48.7758117189892,2,268.43922159730965,2,2,1,268.43922159730965,22019,32.47305225,0,1,0
220190020002,48,b1,0,1,236.0,45.3829520928881,2,372.3714294433594,2,2,0,372.3714294433594,22019,32.47305225,0,1,0
220190036002,4,b1,0,1,213.0,51.5812042761659,2,358.03997802734375,2,2,1,358.03997802734375,22019,32.47305225,0,1,0
220190036001,5,b1,0,1,109.0,51.7357449603443,3,269.3999938964844,2,2,1,269.3999938964844,22019,32.47305225,0,1,0
220190001001,4,b1,0,1,99.0,52.4720419492275,2,252.97546068516843,2,2,1,252.97546068516843,22019,32.47305225,0,1,0
220190009003,12,b1,0,1,92.0,49.1846322608526,2,252.6630044024704,2,2,1,252.6630044024704,22019,32.47305225,0,1,0
220450303011,18,b1,0,1,157.0,39.2283223638366,4,114.3000030517578,2,1,3,114.3000030517578,22045,3.09661809,0,1,1
220050310001,25,b1,0,1,146.0,37.6117055897039,3,91.6500015258789,2,1,1,91.6500015258789,22005,0.01186332,1,1,1
220050310003,12,b1,0,1,71.0,36.9259764728283,3,74.05615134292283,2,1,1,74.05615134292283,22005,0.01186332,0,1,1
220170226001,12,b1,0,1,49.0,33.0926890875907,1,41.45874741679758,2,1,0,41.45874741679758,22017,0.0,0,0,0
220170227001,12,b1,0,1,69.0,33.6802280095686,1,43.38063225961397,2,1,0,43.38063225961397,22017,0.0,0,0,0
220170228002,12,b1,0,1,74.0,33.5581415583707,1,45.22894965986231,2,1,0,45.22894965986231,22017,0.0,0,0,0
220170228004,9,b1,0,1,78.0,34.0334593546726,1,46.30519284165554,2,1,0,46.30519284165554,22017,0.0,0,0,0
220170229002,17,b1,0,1,113.0,34.2832893411661,1,48.10976102426832,2,1,0,48.10976102426832,22017,0.0,0,0,0
220170230001,10,b1,0,1,93.0,34.3448740039,1,46.400001525878906,2,1,0,46.400001525878906,22017,0.0,0,0,0
220170230002,4,b1,0,1,151.0,34.1952360672544,1,46.012156200138186,2,1,0,46.012156200138186,22017,0.0,0,0,0
220170230003,8,b1,0,1,119.0,34.0414274815428,1,43.77811388518763,2,1,0,43.77811388518763,22017,0.0,0,0,0
220570204002,4,b1,0,1,35.0,38.554094680054,3,85.50927941945699,2,1,2,85.50927941945699,22057,0.52554993,1,1,1
220570220002,8,b1,0,1,67.0,38.3000370855269,3,86.7300911738001,2,1,2,86.7300911738001,22057,0.52554993,1,1,1
220570202021,17,b1,0,1,120.0,39.6287509854651,3,113.89718661226526,2,1,2,113.89718661226526,22057,0.52554993,1,1,1
220170231002,8,b1,0,1,73.0,34.061241837254,1,43.432423510873456,2,1,0,43.432423510873456,22017,0.0,0,0,0
220190010001,28,b1,0,1,107.0,55.2294969751128,3,238.06745696872193,2,2,2,238.06745696872193,22019,32.47305225,0,1,0
220190010002,12,b1,0,1,79.0,54.8607751767589,4,221.8664060651116,2,2,2,221.8664060651116,22019,32.47305225,0,1,0
220190012011,8,b1,0,1,56.0,47.6166186061711,2,266.014062276034,2,2,1,266.014062276034,22019,32.47305225,0,1,0
220190011001,12,b1,0,1,75.0,54.9215567848516,3,243.73447392944965,2,2,2,243.73447392944965,22019,32.47305225,0,1,0
220190011002,14,b1,0,1,86.0,55.2806011698414,3,245.5850015392569,2,2,2,245.5850015392569,22019,32.47305225,0,1,0
220190012012,17,b1,0,1,62.0,55.014262724784,3,248.5,2,2,1,248.5,22019,32.47305225,0,1,0
220190012013,12,b1,0,1,59.0,55.6476104199838,3,258.8725696301061,2,2,1,258.8725696301061,22019,32.47305225,0,1,0
220570219023,11,b1,0,1,128.0,35.2145363101372,3,133.9604220799964,2,1,2,133.9604220799964,22057,0.52554993,1,1,1
220570216012,20,b1,0,1,140.0,33.544467354754,3,160.6999969482422,2,2,2,160.6999969482422,22057,0.52554993,1,1,1
220570207041,27,b1,0,1,186.0,40.2485997650272,3,124.10000610351562,2,1,1,124.10000610351562,22057,0.52554993,1,1,1
220570207021,26,b1,0,1,141.0,39.1113416808622,3,84.29999542236328,2,1,2,84.29999542236328,22057,0.52554993,1,1,1
220570214003,32,b1,0,1,129.0,33.1063443404296,4,119.25,2,1,4,119.25,22057,0.52554993,1,1,1
220570211002,48,b1,0,1,178.0,32.1934148658976,5,128.89999389648438,1,1,5,128.89999389648438,22057,0.52554993,1,1,1
220570208002,16,b1,0,1,121.0,40.8389162158325,3,128.875,2,1,3,128.875,22057,0.52554993,1,1,1
220570201002,16,b1,0,1,89.0,38.3673499593299,3,82.26914249840661,2,1,2,82.26914249840661,22057,0.52554993,1,1,1
220570210003,20,b1,0,1,100.0,32.55825334132,5,124.0199966430664,1,1,4,124.0199966430664,22057,0.52554993,1,1,1
220570212001,44,b1,0,1,169.0,38.8590185908436,4,114.63333129882812,2,1,5,114.63333129882812,22057,0.52554993,1,1,1
220570208003,10,b1,0,1,78.0,38.0828943830954,2,138.1444549560547,2,1,2,138.1444549560547,22057,0.52554993,1,1,1
220570210002,19,b1,0,1,99.0,35.1574141889017,4,138.43809509277344,2,1,4,138.43809509277344,22057,0.52554993,1,1,1
220570207042,20,b1,0,1,221.0,40.3844027089688,3,99.46666717529295,2,1,2,99.46666717529295,22057,0.52554993,1,1,1
220570211004,30,b1,0,1,114.0,36.8517067644908,4,98.9111099243164,2,1,4,98.9111099243164,22057,0.52554993,1,1,1
220570216022,33,b1,0,1,171.0,34.128734374626,3,100.34000396728516,2,1,5,100.34000396728516,22057,0.52554993,1,1,1
220570209001,21,b1,0,1,73.0,35.5975295171152,2,154.0500030517578,2,2,1,154.0500030517578,22057,0.52554993,1,1,1
220570214001,17,b1,0,1,147.0,32.3454948101759,5,112.0,1,1,6,112.0,22057,0.52554993,1,1,1
220570219021,24,b1,0,1,109.0,33.9531603169804,2,171.3000030517578,2,2,2,171.3000030517578,22057,0.52554993,1,1,1
220170243013,13,b1,0,1,103.0,30.4180014959066,2,39.900001525878906,1,1,0,39.900001525878906,22017,0.0,0,0,0
220170241045,13,b1,0,1,121.0,33.7018269784376,1,51.27217273093236,2,1,0,51.27217273093236,22017,0.0,0,0,0
220890631004,27,b1,0,1,112.0,28.6178045418502,5,127.3000030517578,1,1,5,127.3000030517578,22089,0.19315147,1,1,1
220510224001,20,b1,0,1,110.0,29.7395467648871,5,102.03458767622156,1,1,3,102.03458767622156,22051,0.05823747,1,1,1
220510224002,12,b1,0,1,74.0,29.7744637289116,5,102.19529667645467,1,1,4,102.19529667645467,22051,0.05823747,1,1,1
220570213001,27,b1,0,1,78.0,37.1576715940514,4,117.8000030517578,2,1,5,117.8000030517578,22057,0.52554993,1,1,1
220570214002,33,b1,0,1,129.0,32.3462265414085,5,125.3000030517578,1,1,3,125.3000030517578,22057,0.52554993,1,1,1
220510244001,8,b1,0,1,72.0,29.5457058868467,5,103.00053054457368,1,1,3,103.00053054457368,22051,0.05823747,1,1,1
220170238005,9,b1,0,1,119.0,34.1133638015394,1,43.26297643898928,2,1,0,43.26297643898928,22017,0.0,0,0,0
220170228003,8,b1,0,1,44.0,33.7427345798687,1,45.24801750552549,2,1,0,45.24801750552549,22017,0.0,0,0,0
220170249002,16,b1,0,1,110.0,25.9415194075972,2,67.76667022705078,1,1,0,67.76667022705078,22017,0.0,0,0,0
220170242031,16,b1,0,1,96.0,30.3929431603978,2,60.96000289916992,1,1,0,60.96000289916992,22017,0.0,0,0,0
220170245043,29,b1,0,1,181.0,28.1404967738444,2,95.5500030517578,1,1,1,95.5500030517578,22017,0.0,0,0,0
220510276011,16,b1,0,1,75.0,29.2898747587197,5,106.23844086417373,1,1,4,106.23844086417373,22051,0.05823747,1,1,1
220510271003,16,b1,0,1,46.0,29.5656201163459,5,98.04387335672732,1,1,5,98.04387335672732,22051,0.05823747,1,1,1
221059540011,42,b1,0,1,190.0,36.0874488539004,3,121.54091856585528,2,1,1,121.54091856585528,22105,0.00826522,0,1,1
220690008005,13,b1,0,1,96.0,32.9213456706394,4,136.9166717529297,1,1,3,136.9166717529297,22069,0.0,0,0,0
220690008001,8,b1,0,1,67.0,35.8463838100633,3,128.00714111328125,2,1,3,128.00714111328125,22069,0.0,0,0,0
220190013004,4,b1,0,1,48.0,56.2500923258283,3,245.70076888581684,2,2,3,245.70076888581684,22019,32.47305225,0,1,0
220190013002,20,b1,0,1,103.0,56.1009861295843,3,241.84185019062664,2,2,3,241.84185019062664,22019,32.47305225,0,1,0
220190013003,32,b1,0,1,94.0,56.5742719062994,3,244.5789824614398,2,2,3,244.5789824614398,22019,32.47305225,0,1,0
220190013001,26,b1,0,1,149.0,57.2545339415996,3,247.0122909220048,2,2,3,247.0122909220048,22019,32.47305225,0,1,0
220890627001,32,b1,0,1,127.0,28.2104212516352,4,168.10000610351562,1,2,3,168.10000610351562,22089,0.19315147,1,1,1
220890628001,16,b1,0,1,123.0,28.1707431823594,5,137.57319719945733,1,1,4,137.57319719945733,22089,0.19315147,1,1,1
220890628003,17,b1,0,1,173.0,29.7795875233045,5,151.67614847045877,1,2,3,151.67614847045877,22089,0.19315147,1,1,1
220290004005,8,b1,0,1,110.0,28.7729930380114,3,60.98033690498866,1,1,0,60.98033690498866,22029,0.00757152,0,0,0
220290004004,11,b1,0,1,105.0,28.6849601382771,3,62.248301130463894,1,1,0,62.248301130463894,22029,0.00757152,0,0,0
220570218002,18,b1,0,1,91.0,34.951565313528,2,160.70878484601707,2,2,2,160.70878484601707,22057,0.52554993,1,1,1
221030401031,24,b1,0,1,156.0,29.3106948091227,4,118.5999984741211,1,1,3,118.5999984741211,22103,0.05873937,0,1,0
221030402022,47,b1,0,1,283.0,28.9069516999674,4,131.5,1,1,3,131.5,22103,0.05873937,0,1,0
221030401032,45,b1,0,1,148.0,29.1828927222248,4,114.9000015258789,1,1,3,114.9000015258789,22103,0.05873937,0,1,0
221030401033,12,b1,0,1,96.0,29.1977752899917,4,117.20000457763672,1,1,3,117.20000457763672,22103,0.05873937,0,1,0
221030401041,32,b1,0,1,236.0,29.9209927133837,4,108.0,1,1,3,108.0,22103,0.05873937,0,1,0
220890631002,16,b1,0,1,175.0,28.0953404330341,5,124.43337923393514,1,1,5,124.43337923393514,22089,0.19315147,1,1,1
220890631003,33,b1,0,1,255.0,28.3045686220094,5,129.7163149763157,1,1,5,129.7163149763157,22089,0.19315147,1,1,1
220450304005,38,b1,0,1,179.0,38.546132136362,4,118.8000030517578,2,1,3,118.8000030517578,22045,3.09661809,1,1,1
220890632003,6,b1,0,1,131.0,31.3346507944716,4,162.10000610351562,1,2,3,162.10000610351562,22089,0.19315147,1,1,1
220170229003,15,b1,0,1,94.0,33.6645791168938,1,45.856817259643755,2,1,0,45.856817259643755,22017,0.0,0,0,0
220990204001,20,b1,0,1,121.0,37.254554793222,3,113.70000457763672,2,1,2,113.70000457763672,22099,2.17976609,0,1,1
220990201001,4,b1,0,1,94.0,36.5699744835519,2,111.93478393554688,2,1,1,111.93478393554688,22099,2.17976609,0,1,1
220990201004,12,b1,0,1,109.0,36.0832947594527,4,104.83333587646484,2,1,2,104.83333587646484,22099,2.17976609,0,1,1
220990203011,12,b1,0,1,234.0,37.8013641773775,2,114.0,2,1,4,114.0,22099,2.17976609,0,1,1
220990203012,18,b1,0,1,140.0,36.9152832657866,2,161.1999969482422,2,2,2,161.1999969482422,22099,2.17976609,0,1,1
220990203022,14,b1,0,1,186.0,38.2423497481379,3,110.1999969482422,2,1,3,110.1999969482422,22099,2.17976609,0,1,1
220990205011,9,b1,0,1,149.0,36.9999373663627,3,170.0,2,2,3,170.0,22099,2.17976609,0,1,1
220990203023,12,b1,0,1,145.0,38.3144213487041,1,127.9499969482422,2,1,3,127.9499969482422,22099,2.17976609,0,1,1
220990210002,12,b1,0,1,115.0,38.6827884538745,4,51.97142791748047,2,1,0,51.97142791748047,22099,2.17976609,1,1,1
220170254052,34,b1,0,1,189.0,29.3565467189169,2,59.443146182639936,1,1,0,59.443146182639936,22017,0.0,0,0,0
220990204004,8,b1,0,1,69.0,37.8275340541361,5,97.64775669361173,2,1,3,97.64775669361173,22099,2.17976609,0,1,1
220450304004,37,b1,0,1,290.0,37.8737420416521,5,121.5999984741211,2,1,3,121.5999984741211,22045,3.09661809,0,1,1
220450311002,27,b1,0,1,198.0,36.4346851514226,5,109.17846805423277,2,1,3,109.17846805423277,22045,3.09661809,0,1,1
220450312002,22,b1,0,1,110.0,36.8957171168837,5,120.0999984741211,2,1,3,120.0999984741211,22045,3.09661809,0,1,1
220510278121,21,b1,0,1,115.0,30.7090500617729,5,87.4000015258789,1,1,3,87.4000015258789,22051,0.05823747,1,1,1
220510278074,34,b1,0,1,174.0,29.8813810154937,5,85.4194790013376,1,1,4,85.4194790013376,22051,0.05823747,1,1,1
220330039071,20,b1,0,1,69.0,32.9085475574039,5,129.91242225052235,1,1,1,129.91242225052235,22033,0.02202799,0,0,1
220190001002,16,b1,0,1,59.0,52.9348857064076,2,247.2412314725617,2,2,1,247.2412314725617,22019,32.47305225,0,1,0
220190006005,4,b1,0,1,23.0,50.038520954964,2,266.8439948547782,2,2,1,266.8439948547782,22019,32.47305225,0,1,0
220190007002,8,b1,0,1,59.0,54.0375264433002,4,229.96093480610728,2,2,2,229.96093480610728,22019,32.47305225,0,1,0
220570215001,34,b1,0,1,115.0,32.6582644545465,5,117.56280759578486,1,1,5,117.56280759578486,22057,0.52554993,1,1,1
220170241091,8,b1,0,1,73.0,33.8429258074615,1,54.29387037156131,2,1,0,54.29387037156131,22017,0.0,0,0,0
220170242021,25,b1,0,1,180.0,32.1086376678524,2,46.79999923706055,1,1,0,46.79999923706055,22017,0.0,0,0,0
220170243011,13,b1,0,1,98.0,29.2194806807744,2,52.5,1,1,0,52.5,22017,0.0,0,0,0
220170244002,8,b1,0,1,120.0,30.4569220302925,2,40.44999694824219,1,1,0,40.44999694824219,22017,0.0,0,0,0
220170245041,40,b1,0,1,241.0,26.6842183220177,2,65.06363677978516,1,1,0,65.06363677978516,22017,0.0,0,0,0
220170205001,4,b1,0,1,40.0,30.673501356362,2,37.71174894112258,1,1,0,37.71174894112258,22017,0.0,0,0,0
220170210001,12,b1,0,1,118.0,32.2730866794717,2,39.92998042104629,1,1,0,39.92998042104629,22017,0.0,0,0,0
220170212001,8,b1,0,1,51.0,32.7030716269544,2,40.94553232382734,1,1,0,40.94553232382734,22017,0.0,0,0,0
220170213001,4,b1,0,1,70.0,32.699762780988,2,41.765111963315654,1,1,0,41.765111963315654,22017,0.0,0,0,0
221119603001,27,b1,0,1,144.0,27.7115975256119,2,104.1199951171875,1,1,3,104.1199951171875,22111,0.0,0,0,0
220570205004,30,b1,0,1,183.0,38.530750177878,3,81.3601124957907,2,1,2,81.3601124957907,22057,0.52554993,1,1,1
220570207033,17,b1,0,1,53.0,37.9069011496699,3,86.09416419394177,2,1,2,86.09416419394177,22057,0.52554993,1,1,1
220570207032,42,b1,0,1,232.0,37.9437159171342,3,92.4008410137669,2,1,2,92.4008410137669,22057,0.52554993,1,1,1
220570212003,36,b1,0,1,162.0,34.5594355305346,4,124.642145220595,2,1,4,124.642145220595,22057,0.52554993,1,1,1
220570218003,21,b1,0,1,60.0,34.954076334556,2,160.13633897241968,2,2,2,160.13633897241968,22057,0.52554993,1,1,1
220050304011,29,b1,0,1,263.0,39.3963549699863,4,86.0999984741211,2,1,1,86.0999984741211,22005,0.01186332,0,1,1
220510205162,9,b1,0,1,87.0,28.9737616866372,5,138.9779492699864,1,1,3,138.9779492699864,22051,0.05823747,1,1,1
220510205163,8,b1,0,1,62.0,28.9294710381583,5,140.83861941110732,1,1,3,140.83861941110732,22051,0.05823747,1,1,1
220190014004,12,b1,0,1,124.0,50.3483694689436,2,326.8333435058594,2,2,0,326.8333435058594,22019,32.47305225,0,1,0
220170243014,10,b1,0,1,106.0,30.4576093795234,2,41.79999923706055,1,1,0,41.79999923706055,22017,0.0,0,0,0
220170243031,15,b1,0,1,256.0,31.337064562567,2,43.599998474121094,1,1,0,43.599998474121094,22017,0.0,0,0,0
220170243032,8,b1,0,1,142.0,30.3954077490028,2,40.88705407554339,1,1,0,40.88705407554339,22017,0.0,0,0,0
220170243033,13,b1,0,1,72.0,31.2490689560588,2,43.45972646412596,1,1,0,43.45972646412596,22017,0.0,0,0,0
220170243034,4,b1,0,1,92.0,31.0103662616716,2,42.24091101476446,1,1,0,42.24091101476446,22017,0.0,0,0,0
221119606001,37,b1,0,1,143.0,25.2620289600465,2,100.5,1,1,2,100.5,22111,0.0,0,0,0
221119606002,62,b1,0,1,169.0,27.8726330558493,2,100.8874969482422,1,1,2,100.8874969482422,22111,0.0,0,0,0
221119603003,4,b1,0,1,48.0,24.9889298322403,2,125.66666412353516,1,1,2,125.66666412353516,22111,0.0,0,0,0
221119605001,26,b1,0,1,42.0,23.7589518906576,1,86.57499694824219,1,1,2,86.57499694824219,22111,0.0,0,0,0
221119602004,7,b1,0,1,52.0,25.4480887832057,2,104.5749969482422,1,1,3,104.5749969482422,22111,0.0,0,0,0
221119604001,17,b1,0,1,85.0,29.1508489364408,2,102.00085914655251,1,1,2,102.00085914655251,22111,0.0,0,0,0
221119602003,4,b1,0,1,54.0,23.7958495818826,2,99.4250030517578,1,1,2,99.4250030517578,22111,0.0,0,0,0
221119601001,5,b1,0,1,55.0,23.6275119350425,2,89.37222290039062,1,1,2,89.37222290039062,22111,0.0,0,0,0
221119603002,17,b1,0,1,44.0,24.3155804609473,2,102.53333282470705,1,1,3,102.53333282470705,22111,0.0,0,0,0
221119601003,30,b1,0,1,72.0,27.9775149223697,2,101.91364288330078,1,1,3,101.91364288330078,22111,0.0,0,0,0
221119605002,44,b1,0,1,227.0,25.6043856281564,2,97.44615936279295,1,1,2,97.44615936279295,22111,0.0,0,0,0
220790132002,45,b1,0,1,185.0,29.9866917579858,3,211.0363616943359,1,2,1,211.0363616943359,22079,4.49269524,0,0,0
221119604002,17,b1,0,1,109.0,29.8556579298096,2,101.7371560788356,1,1,2,101.7371560788356,22111,0.0,0,0,0
221119602001,22,b1,0,1,94.0,24.1732285161251,2,129.91818237304688,1,1,2,129.91818237304688,22111,0.0,0,0,0
221119601004,28,b1,0,1,148.0,26.8784440331872,2,103.6300048828125,1,1,3,103.6300048828125,22111,0.0,0,0,0
220790106002,9,b1,0,1,105.0,37.0306489507409,3,211.8000030517578,2,2,1,211.8000030517578,22079,4.49269524,0,0,0
220790133004,18,b1,0,1,108.0,33.4332193021857,3,222.15789794921875,2,2,1,222.15789794921875,22079,4.49269524,0,0,0
220790137003,24,b1,0,1,118.0,30.4377329853218,3,229.8999938964844,1,2,0,229.8999938964844,22079,4.49269524,0,0,0
220790133001,35,b1,0,1,161.0,33.0427882644183,2,212.3500061035156,2,2,1,212.3500061035156,22079,4.49269524,0,0,0
220790101002,50,b1,0,1,220.0,30.8386918980793,3,245.3000030517578,1,2,0,245.3000030517578,22079,4.49269524,0,0,0
220790132004,24,b1,0,1,204.0,30.1616650366906,3,233.4150494901325,1,2,1,233.4150494901325,22079,4.49269524,0,0,0
220790137001,8,b1,0,1,45.0,30.1844474648661,3,240.0833282470703,1,2,0,240.0833282470703,22079,4.49269524,0,0,0
220790103002,5,b1,0,1,168.0,30.6682327331232,3,225.0,1,2,1,225.0,22079,4.49269524,0,0,0
220170216002,16,b1,0,1,61.0,33.0252902209184,1,40.67964864996649,2,1,0,40.67964864996649,22017,0.0,0,0,0
220170241072,8,b1,0,1,124.0,33.2971552013828,1,52.34460475912267,2,1,0,52.34460475912267,22017,0.0,0,0,0
220550007002,14,b1,0,1,120.0,37.1108440340983,3,162.43124648420817,2,2,2,162.43124648420817,22055,1.5760870500000002,0,0,1
220330040092,64,b1,0,1,634.0,34.3274156650172,4,81.80000305175781,2,1,1,81.80000305175781,22033,0.02202799,0,0,1
220510267001,13,b1,0,1,47.0,29.8600600554577,5,89.0926141865458,1,1,6,89.0926141865458,22051,0.05823747,1,1,1
220510268001,18,b1,0,1,58.0,29.8112696352624,5,89.16079779569944,1,1,6,89.16079779569944,22051,0.05823747,1,1,1
220510278093,15,b1,0,1,78.0,31.0127788542015,5,84.38403924982305,1,1,5,84.38403924982305,22051,0.05823747,1,1,1
220550022002,27,b1,0,1,257.0,35.9057003622843,3,164.3000030517578,2,2,2,164.3000030517578,22055,1.5760870500000002,0,0,1
220550005002,8,b1,0,1,37.0,36.0396926714117,3,164.58988654802167,2,2,2,164.58988654802167,22055,1.5760870500000002,0,0,1
220550005004,8,b1,0,1,58.0,36.490333568477,3,161.3334073305901,2,2,2,161.3334073305901,22055,1.5760870500000002,0,0,1
220170215002,4,b1,0,1,59.0,33.0888090963594,1,42.702912551192426,2,1,0,42.702912551192426,22017,0.0,0,0,0
220570218001,22,b1,0,1,89.0,33.4579536499997,3,145.8000030517578,2,1,3,145.8000030517578,22057,0.52554993,1,1,1
220170216003,8,b1,0,1,52.0,32.8064992093555,2,40.43876362917654,1,1,0,40.43876362917654,22017,0.0,0,0,0
220170217002,20,b1,0,1,148.0,32.4972003053529,2,39.76364162994974,1,1,0,39.76364162994974,22017,0.0,0,0,0
220510278064,25,b1,0,1,101.0,29.8202168144645,5,86.01807210474911,1,1,5,86.01807210474911,22051,0.05823747,1,1,1
220510278075,38,b1,0,1,130.0,29.9001193998009,5,85.9251729721274,1,1,5,85.9251729721274,22051,0.05823747,1,1,1
220550006041,22,b1,0,1,116.0,37.4318731800796,3,161.65052920391707,2,2,2,161.65052920391707,22055,1.5760870500000002,0,0,1
220550006023,18,b1,0,1,162.0,36.6246775277546,3,165.54612218285683,2,2,2,165.54612218285683,22055,1.5760870500000002,0,0,1
220550007001,29,b1,0,1,138.0,36.4014248663406,3,163.90078030935214,2,2,2,163.90078030935214,22055,1.5760870500000002,0,0,1
220570219011,49,b1,0,1,192.0,33.9270817673307,3,173.85805854719413,2,2,2,173.85805854719413,22057,0.52554993,1,1,1
220170241073,8,b1,0,1,75.0,33.506269179033,1,52.67949173892209,2,1,0,52.67949173892209,22017,0.0,0,0,0
220170241083,4,b1,0,1,82.0,33.7971564962265,1,53.47473702824963,2,1,0,53.47473702824963,22017,0.0,0,0,0
220170241085,36,b1,0,1,192.0,33.7866888212355,1,56.05379198415497,2,1,0,56.05379198415497,22017,0.0,0,0,0
220170254051,41,b1,0,1,262.0,30.3757750750592,2,35.0772816847572,1,1,0,35.0772816847572,22017,0.0,0,0,0
220190016002,8,b1,0,1,56.0,49.5111252394649,2,293.54309231224494,2,2,1,293.54309231224494,22019,32.47305225,0,1,0
220330038023,8,b1,0,1,79.0,32.4045482830915,6,134.78909007186198,1,1,1,134.78909007186198,22033,0.02202799,0,0,1
220330039072,4,b1,0,1,59.0,32.9230737438513,5,118.25435813835124,1,1,1,118.25435813835124,22033,0.02202799,0,0,1
220330039073,4,b1,0,1,59.0,33.1680641065209,4,117.92263566652402,2,1,1,117.92263566652402,22033,0.02202799,0,0,1
220330039081,8,b1,0,1,58.0,33.0090662878329,4,135.58874539153695,2,1,1,135.58874539153695,22033,0.02202799,0,0,1
220330039082,10,b1,0,1,82.0,33.3756640502822,4,118.09093910770063,2,1,1,118.09093910770063,22033,0.02202799,0,0,1
220330039083,19,b1,0,1,102.0,33.5753378153667,4,113.8874066943002,2,1,1,113.8874066943002,22033,0.02202799,0,0,1
220330040051,14,b1,0,1,135.0,32.8686639685551,6,88.51780523211211,1,1,1,88.51780523211211,22033,0.02202799,0,0,1
220319507003,12,b1,0,1,66.0,36.8859753908555,1,104.4800033569336,2,1,1,104.4800033569336,22031,0.0,0,0,0
220319501001,46,b1,0,1,228.0,35.8311044962194,1,89.89166259765625,2,1,1,89.89166259765625,22031,0.0,0,0,0
220330040052,4,b1,0,1,30.0,33.2804438004911,4,63.55691503150518,2,1,0,63.55691503150518,22033,0.02202799,0,0,1
220330040061,9,b1,0,1,253.0,32.6460960643427,6,92.0966498931004,1,1,1,92.0966498931004,22033,0.02202799,0,0,1
220319505001,8,b1,0,1,55.0,39.696689133325,2,139.08570861816406,2,1,2,139.08570861816406,22031,0.0,0,0,0
220319503001,11,b1,0,1,94.0,34.887135048388,1,110.94285583496094,2,1,1,110.94285583496094,22031,0.0,0,0,0
220330051001,12,b1,0,1,71.0,33.2890054049763,3,103.04896009325928,2,1,1,103.04896009325928,22033,0.02202799,0,0,1
220330046031,4,b1,0,1,27.0,32.6697383173238,5,103.61666870117188,1,1,1,103.61666870117188,22033,0.02202799,0,0,1
220330017001,12,b1,0,1,117.0,33.0919709433858,4,96.22837645487614,2,1,1,96.22837645487614,22033,0.02202799,0,0,1
220330019001,16,b1,0,1,86.0,32.5035055029546,6,127.18420402770452,1,1,1,127.18420402770452,22033,0.02202799,0,0,1
221179501011,16,b1,0,1,90.0,29.7792651548206,4,111.875,1,1,3,111.875,22117,0.0022141099999999,0,0,0
221179510003,12,b1,0,1,82.0,30.0012898810476,4,127.0,1,1,4,127.0,22117,0.0022141099999999,0,0,0
220330019002,8,b1,0,1,64.0,32.6583852110551,5,125.3621864846719,1,1,1,125.3621864846719,22033,0.02202799,0,0,1
220330019003,4,b1,0,1,60.0,32.8720973597352,5,116.91227707725432,1,1,1,116.91227707725432,22033,0.02202799,0,0,1
220330020001,10,b1,0,1,137.0,32.0920577284131,6,142.83503349472343,1,1,1,142.83503349472343,22033,0.02202799,0,0,1
220330020002,24,b1,0,1,133.0,32.3057968814909,6,136.75964604473407,1,1,1,136.75964604473407,22033,0.02202799,0,0,1
220330037023,20,b1,0,1,76.0,31.9267399163083,5,148.91311407122768,1,1,2,148.91311407122768,22033,0.02202799,0,0,1
220330037031,14,b1,0,1,74.0,32.2802341166539,5,145.4331293787855,1,1,1,145.4331293787855,22033,0.02202799,0,0,1
220330037032,4,b1,0,1,83.0,32.225237451734,5,146.03874296230745,1,1,2,146.03874296230745,22033,0.02202799,0,0,1
220330037034,10,b1,0,1,86.0,32.0682811568486,5,148.07712521134718,1,1,2,148.07712521134718,22033,0.02202799,0,0,1
220330025004,8,b1,0,1,109.0,33.5292242543982,4,60.626308262967555,2,1,0,60.626308262967555,22033,0.02202799,0,0,1
220330026011,28,b1,0,1,108.0,33.3202986767749,4,62.74111207119013,2,1,0,62.74111207119013,22033,0.02202799,0,0,1
220330038013,76,b1,0,1,639.0,32.9011110279927,5,100.0,1,1,1,100.0,22033,0.02202799,0,0,1
220330026012,9,b1,0,1,124.0,33.3283556651697,4,71.12537271549098,2,1,1,71.12537271549098,22033,0.02202799,0,0,1
220330026022,23,b1,0,1,124.0,33.2434870320704,4,75.19899821358169,2,1,1,75.19899821358169,22033,0.02202799,0,0,1
220330027001,8,b1,0,1,49.0,33.1492776610729,4,94.05925428551323,2,1,1,94.05925428551323,22033,0.02202799,0,0,1
220330052002,12,b1,0,1,133.0,33.5453485528003,3,66.04858704948782,2,1,0,66.04858704948782,22033,0.02202799,0,0,1
221030410043,19,b1,0,1,138.0,30.7220911053399,4,207.6248480932955,1,2,3,207.6248480932955,22103,0.05873937,1,1,0
220330044013,32,b1,0,1,155.0,30.7115879712388,4,186.8000030517578,1,2,1,186.8000030517578,22033,0.02202799,0,0,1
220330045051,52,b1,0,1,237.0,34.7298669564906,4,98.73708486483724,2,1,1,98.73708486483724,22033,0.02202799,0,0,1
220330044011,12,b1,0,1,142.0,30.5524543769135,4,183.58217335065768,1,2,1,183.58217335065768,22033,0.02202799,0,0,1
220330018001,8,b1,0,1,36.0,32.4317724268771,5,128.54620701735217,1,1,1,128.54620701735217,22033,0.02202799,0,0,1
220330042033,8,b1,0,1,41.0,32.3322691706157,4,159.56373618743868,1,2,0,159.56373618743868,22033,0.02202799,0,0,1
220330047001,4,b1,0,1,96.0,31.2195093900139,5,203.0800018310547,1,2,1,203.0800018310547,22033,0.02202799,0,0,1
220330044035,4,b1,0,1,42.0,32.2947007720699,4,148.46162529260505,1,1,1,148.46162529260505,22033,0.02202799,0,0,1
220330030002,5,b1,0,1,35.0,33.2804287443352,4,94.6999969482422,2,1,1,94.6999969482422,22033,0.02202799,0,0,1
220330030001,8,b1,0,1,26.0,32.6639148555085,4,135.93743614192647,1,1,1,135.93743614192647,22033,0.02202799,0,0,1
220330032022,8,b1,0,1,83.0,31.0542145143367,4,176.0202854746227,1,2,0,176.0202854746227,22033,0.02202799,0,0,1
220330044032,4,b1,0,1,71.0,32.8135431802028,5,159.3000030517578,1,2,0,159.3000030517578,22033,0.02202799,0,0,1
220330044033,14,b1,0,1,94.0,31.904084324471,4,160.16349973257593,1,2,0,160.16349973257593,22033,0.02202799,0,0,1
220330047002,10,b1,0,1,71.0,28.8608243551536,4,226.26666259765625,1,2,0,226.26666259765625,22033,0.02202799,0,0,1
220330043012,8,b1,0,1,160.0,30.1884269764317,5,199.3999938964844,1,2,1,199.3999938964844,22033,0.02202799,0,0,1
220330044012,28,b1,0,1,99.0,30.7068776307229,5,197.6000061035156,1,2,0,197.6000061035156,22033,0.02202799,0,0,1
220330039041,5,b1,0,1,67.0,32.8280809598166,5,135.71365222594753,1,1,1,135.71365222594753,22033,0.02202799,0,0,1
220330040054,20,b1,0,1,152.0,33.1255200482188,5,80.30000305175781,2,1,1,80.30000305175781,22033,0.02202799,0,0,1
220330035064,12,b1,0,1,107.0,31.6946967401666,5,153.37613121039897,1,2,0,153.37613121039897,22033,0.02202799,0,0,1
220710006042,4,b1,0,1,53.0,30.3143565796536,5,86.95978018672155,1,1,3,86.95978018672155,22071,0.06577263,1,1,1
220330040161,27,b1,0,1,226.0,34.6640383741269,4,72.6645490529761,2,1,1,72.6645490529761,22033,0.02202799,0,0,1
220330042032,13,b1,0,1,55.0,31.9664207999099,4,185.6000061035156,1,2,0,185.6000061035156,22033,0.02202799,0,0,1
220330043011,27,b1,0,1,140.0,29.9182445843471,4,216.8000030517578,1,2,0,216.8000030517578,22033,0.02202799,0,0,1
220330044022,31,b1,0,1,235.0,31.468810256221,4,158.89999389648438,1,2,0,158.89999389648438,22033,0.02202799,0,0,1
220730009001,5,b1,0,1,55.0,22.8492331204497,1,122.32038997654756,1,1,1,122.32038997654756,22073,0.0,0,0,0
220170247001,12,b1,0,1,49.0,30.993929776163,2,37.900001525878906,1,1,0,37.900001525878906,22017,0.0,0,0,0
220170247002,4,b1,0,1,64.0,30.6445324250574,2,36.84088610191386,1,1,0,36.84088610191386,22017,0.0,0,0,0
220170250003,16,b1,0,1,121.0,23.6367809382924,2,43.099998474121094,1,1,0,43.099998474121094,22017,0.0,0,0,0
220170239032,32,b1,0,1,205.0,33.8336641169265,1,48.94275836535587,2,1,0,48.94275836535587,22017,0.0,0,0,0
220170239033,8,b1,0,1,144.0,33.6175468916472,1,60.599998474121094,2,1,0,60.599998474121094,22017,0.0,0,0,0
220170240003,35,b1,0,1,254.0,33.0310679297231,1,74.30000305175781,2,1,1,74.30000305175781,22017,0.0,0,0,0
220170243042,20,b1,0,1,148.0,30.2480748279872,2,56.79999923706055,1,1,0,56.79999923706055,22017,0.0,0,0,0
220170244001,13,b1,0,1,111.0,30.2999741397073,2,37.82255914756373,1,1,0,37.82255914756373,22017,0.0,0,0,0
220170246022,8,b1,0,1,41.0,30.470157283199,2,43.0,1,1,0,43.0,22017,0.0,0,0,0
220170246025,10,b1,0,1,62.0,30.5736989726371,2,39.79999923706055,1,1,0,39.79999923706055,22017,0.0,0,0,0
221179503003,24,b1,0,1,74.0,37.4071268445763,3,106.9000015258789,2,1,1,106.9000015258789,22117,0.0022141099999999,0,0,0
221059540012,4,b1,0,1,51.0,35.5671508704467,3,126.80183654193256,2,1,1,126.80183654193256,22105,0.00826522,0,1,1
221059540022,26,b1,0,1,106.0,36.321835753286,3,99.5,2,1,1,99.5,22105,0.00826522,0,1,1
221179501012,4,b1,0,1,89.0,29.5298955394749,4,117.8000030517578,1,1,2,117.8000030517578,22117,0.0022141099999999,0,0,0
221179509001,16,b1,0,1,104.0,29.8792314718631,4,113.3300652118802,1,1,4,113.3300652118802,22117,0.0022141099999999,0,0,0
221179501021,29,b1,0,1,141.0,33.8420860418056,3,76.37857818603516,2,1,1,76.37857818603516,22117,0.0022141099999999,0,0,0
221139501001,71,b1,0,1,277.0,39.1509505278698,3,130.5500030517578,2,1,3,130.5500030517578,22113,12.34417553,0,1,0
221139505002,16,b1,0,1,116.0,36.7582963345498,4,110.0500030517578,2,1,4,110.0500030517578,22113,12.34417553,0,1,0
221139509021,46,b1,0,1,217.0,41.0561895788716,3,160.3000030517578,2,2,3,160.3000030517578,22113,12.34417553,0,1,1
220399501002,12,b1,0,1,75.0,35.0647563066007,2,307.7699890136719,2,2,2,307.7699890136719,22039,4.6647587800000005,0,0,0
220190022012,41,b1,0,1,240.0,46.7470135773595,2,267.8999938964844,2,2,0,267.8999938964844,22019,32.47305225,0,1,0
220190022032,50,b1,0,1,238.0,48.2628877345777,2,288.7257669794793,2,2,1,288.7257669794793,22019,32.47305225,0,1,0
220190022042,28,b1,0,1,180.0,46.9053319479305,3,292.9065651496242,2,2,0,292.9065651496242,22019,32.47305225,0,1,0
220190022043,21,b1,0,1,135.0,47.4341204388293,3,350.3999938964844,2,2,0,350.3999938964844,22019,32.47305225,0,1,0
220510217004,23,b1,0,1,111.0,29.3814806030843,5,96.8000030517578,1,1,3,96.8000030517578,22051,0.05823747,1,1,1
220510230011,21,b1,0,1,135.0,29.5234035279067,5,102.20974104024523,1,1,2,102.20974104024523,22051,0.05823747,1,1,1
220330039042,12,b1,0,1,92.0,32.3689867923559,5,144.07425957486512,1,1,2,144.07425957486512,22033,0.02202799,0,0,1
220330001001,8,b1,0,1,39.0,32.4849627868639,4,156.4416547576295,1,2,0,156.4416547576295,22033,0.02202799,0,0,1
221139504003,8,b1,0,1,76.0,36.1488606292061,3,113.20333397734883,2,1,4,113.20333397734883,22113,12.34417553,0,1,0
220330003001,12,b1,0,1,52.0,32.6508466809526,4,139.41368410216072,1,1,1,139.41368410216072,22033,0.02202799,0,0,1
220690004002,4,b1,0,1,51.0,34.3215770197746,3,144.10000610351562,2,1,4,144.10000610351562,22069,0.0,0,0,0
220190018011,55,b1,0,1,139.0,54.727386399093,3,179.16000366210938,2,2,0,179.16000366210938,22019,32.47305225,1,1,0
221010408001,48,b1,0,1,223.0,37.1903060846942,4,68.84782409667969,2,1,0,68.84782409667969,22101,0.68496657,1,1,1
221010405001,20,b1,0,1,120.0,37.6584418755019,5,57.525573974471904,2,1,0,57.525573974471904,22101,0.68496657,1,1,1
221010402002,36,b1,0,1,174.0,37.1340431966497,4,59.571059716359485,2,1,0,59.571059716359485,22101,0.68496657,1,1,1
221010409001,16,b1,0,1,105.0,36.3540937031294,5,73.8778568613431,2,1,1,73.8778568613431,22101,0.68496657,1,1,1
221010407003,12,b1,0,1,98.0,38.8163896585292,5,63.51609012636737,2,1,0,63.51609012636737,22101,0.68496657,1,1,1
221010405002,38,b1,0,1,252.0,38.2357647364549,5,57.400001525878906,2,1,0,57.400001525878906,22101,0.68496657,1,1,1
220430201002,4,b1,0,1,50.0,28.8727910183769,3,183.7611083984375,1,2,0,183.7611083984375,22043,0.0,0,0,0
220430204014,12,b1,0,1,54.0,32.4675338707661,3,166.0600128173828,1,2,1,166.0600128173828,22043,0.0,0,0,0
220430202001,14,b1,0,1,131.0,36.5915764859228,3,122.9888916015625,2,1,2,122.9888916015625,22043,0.0,0,0,0
220430204012,13,b1,0,1,143.0,28.1840336238,3,227.1999969482422,1,2,0,227.1999969482422,22043,0.0,0,0,0
220430202002,12,b1,0,1,42.0,34.0789706299588,1,135.74444580078125,2,1,2,135.74444580078125,22043,0.0,0,0,0
220430204013,14,b1,0,1,101.0,32.220275982463,3,177.33749389648438,1,2,0,177.33749389648438,22043,0.0,0,0,0
220430204021,45,b1,0,1,294.0,31.4262156618189,3,204.6999969482422,1,2,1,204.6999969482422,22043,0.0,0,0,0
220430201001,4,b1,0,1,73.0,28.9518394586438,3,142.0785675048828,1,1,2,142.0785675048828,22043,0.0,0,0,0
220430204011,8,b1,0,1,47.0,27.2261050428041,3,219.3999938964844,1,2,0,219.3999938964844,22043,0.0,0,0,0
220430203001,8,b1,0,1,57.0,36.7506708031778,2,175.0625,2,2,1,175.0625,22043,0.0,0,0,0
220430204015,27,b1,0,1,144.0,30.7288555352094,3,206.8666534423828,1,2,0,206.8666534423828,22043,0.0,0,0,0
220239702013,8,b1,0,1,140.0,51.0368307955479,3,170.89999389648438,2,2,4,170.89999389648438,22023,89.29875362,1,1,0
220570211005,25,b1,0,1,89.0,33.0599060072619,4,113.60000610351562,2,1,4,113.60000610351562,22057,0.52554993,1,1,1
220570215002,30,b1,0,1,63.0,32.982070401465,5,118.5999984741211,1,1,5,118.5999984741211,22057,0.52554993,1,1,1
220570215003,25,b1,0,1,94.0,32.3504695940799,5,116.74321456142326,1,1,5,116.74321456142326,22057,0.52554993,1,1,1
220570215004,16,b1,0,1,87.0,32.4328940397964,5,113.00643297210722,1,1,5,113.00643297210722,22057,0.52554993,1,1,1
220690002002,4,b1,0,1,93.0,31.9134408728635,4,180.51251220703125,1,2,3,180.51251220703125,22069,0.0,0,0,0
220690005002,4,b1,0,1,84.0,32.7633255830777,4,146.39280954234107,1,1,3,146.39280954234107,22069,0.0,0,0,0
221059535002,8,b1,0,1,67.0,34.7424984359942,3,128.6333465576172,2,1,1,128.6333465576172,22105,0.00826522,0,1,0
221059539002,22,b1,0,1,89.0,35.6848573901613,3,186.0,2,2,0,186.0,22105,0.00826522,0,1,1
221059539004,25,b1,0,1,169.0,35.8644581524286,3,164.60000610351562,2,2,0,164.60000610351562,22105,0.00826522,0,1,1
220690006003,12,b1,0,1,64.0,31.2143900110048,4,136.98282677093633,1,1,3,136.98282677093633,22069,0.0,0,0,0
221090009004,13,b1,0,1,69.0,34.2652821684249,3,178.1844730968932,2,2,2,178.1844730968932,22109,0.7674244,1,1,1
221010401002,12,b1,0,1,72.0,37.4092673652784,4,80.69999694824219,2,1,1,80.69999694824219,22101,0.68496657,1,1,1
220190026001,16,b1,0,1,119.0,52.7056503000529,2,226.7216503502075,2,2,3,226.7216503502075,22019,32.47305225,0,1,0
220190026004,9,b1,0,1,69.0,52.6898405792431,2,218.1426460923869,2,2,3,218.1426460923869,22019,32.47305225,0,1,0
220190027004,57,b1,0,1,269.0,52.5782397196604,3,190.16000366210935,2,2,3,190.16000366210935,22019,32.47305225,0,1,0
220190028003,6,b1,0,1,70.0,51.7024705315725,2,188.9426338032699,2,2,3,188.9426338032699,22019,32.47305225,0,1,0
220190028001,8,b1,0,1,110.0,51.9511857393497,3,188.17641839872272,2,2,3,188.17641839872272,22019,32.47305225,0,1,0
220710017301,20,b1,0,1,54.0,38.6519197235223,4,132.25,2,1,4,132.25,22071,0.06577263,1,1,0
220399503003,8,b1,0,1,82.0,35.0915736114522,3,228.61001586914065,2,2,2,228.61001586914065,22039,4.6647587800000005,0,0,0
220399502002,16,b1,0,1,73.0,34.5221128915169,4,379.6466674804687,2,2,2,379.6466674804687,22039,4.6647587800000005,0,0,0
220399501004,16,b1,0,1,151.0,34.8756765624208,3,253.65554809570312,2,2,2,253.65554809570312,22039,4.6647587800000005,0,0,0
220399508002,5,b1,0,1,89.0,34.8817338432353,3,194.4142913818359,2,2,2,194.4142913818359,22039,4.6647587800000005,0,0,1
220399501003,20,b1,0,1,188.0,34.7277910613631,2,333.5999755859375,2,2,2,333.5999755859375,22039,4.6647587800000005,0,0,0
220399504001,8,b1,0,1,142.0,34.5770451157875,3,259.3000183105469,2,2,2,259.3000183105469,22039,4.6647587800000005,0,0,0
220399508003,9,b1,0,1,90.0,38.4705038226852,3,207.44285583496097,2,2,2,207.44285583496097,22039,4.6647587800000005,0,0,0
220399507001,8,b1,0,1,83.0,36.0718519676635,3,172.8000030517578,2,2,1,172.8000030517578,22039,4.6647587800000005,0,0,1
220399504003,12,b1,0,1,96.0,37.476170439328,3,237.98974714766015,2,2,2,237.98974714766015,22039,4.6647587800000005,0,0,0
220450303012,6,b1,0,1,103.0,37.6950363663854,5,111.06754930248654,2,1,3,111.06754930248654,22045,3.09661809,0,1,1
220419501001,25,b1,0,1,107.0,20.7104504406168,0,148.1266632080078,1,1,1,148.1266632080078,22041,0.00585853,0,0,0
220550020012,36,b1,0,1,158.0,39.1972387228926,3,141.39999389648438,2,1,3,141.39999389648438,22055,1.5760870500000002,0,0,1
220550020013,20,b1,0,1,104.0,38.0167611131249,4,174.99616204740042,2,2,2,174.99616204740042,22055,1.5760870500000002,0,0,1
220550020021,25,b1,0,1,180.0,37.0764562280364,3,194.3999938964844,2,2,2,194.3999938964844,22055,1.5760870500000002,0,0,1
220550020022,18,b1,0,1,88.0,38.1692952721252,3,159.42377302334654,2,2,2,159.42377302334654,22055,1.5760870500000002,0,0,1
220550020023,8,b1,0,1,104.0,37.6408360676154,3,156.8000030517578,2,2,2,156.8000030517578,22055,1.5760870500000002,0,0,1
220550021011,31,b1,0,1,145.0,37.8364017406003,4,183.3000030517578,2,2,2,183.3000030517578,22055,1.5760870500000002,0,0,1
220710017254,8,b1,0,1,71.0,32.3967541521437,5,91.02217186191425,1,1,3,91.02217186191425,22071,0.06577263,1,1,0
220550021012,25,b1,0,1,203.0,36.5189991802365,3,175.40778165698305,2,2,2,175.40778165698305,22055,1.5760870500000002,0,0,1
220550021013,8,b1,0,1,78.0,36.5623242826234,3,182.097585274542,2,2,2,182.097585274542,22055,1.5760870500000002,0,0,1
220550021022,16,b1,0,1,195.0,36.7773052212361,2,160.60000610351562,2,2,2,160.60000610351562,22055,1.5760870500000002,0,0,1
220550021032,8,b1,0,1,69.0,35.3961052893119,3,173.33918858092665,2,2,2,173.33918858092665,22055,1.5760870500000002,0,0,1
220550021033,19,b1,0,1,134.0,35.3544962552674,3,176.5,2,2,2,176.5,22055,1.5760870500000002,0,0,1
220550016001,13,b1,0,1,78.0,36.7711880261618,3,155.7242131759676,2,2,2,155.7242131759676,22055,1.5760870500000002,0,0,1
220870307001,8,b1,0,1,47.0,30.6701299717272,5,93.62617546320487,1,1,3,93.62617546320487,22087,1.14608952,1,1,0
220950709002,8,b1,0,1,64.0,31.7412529425598,4,144.3000030517578,1,1,3,144.3000030517578,22095,0.2488945099999999,1,1,1
220950702003,10,b1,0,1,87.0,32.8788591393623,4,149.58553700576138,1,1,2,149.58553700576138,22095,0.2488945099999999,1,1,1
220870301031,9,b1,0,1,33.0,32.9577911341113,5,113.4000015258789,1,1,3,113.4000015258789,22087,1.14608952,1,1,0
220870302083,8,b1,0,1,81.0,32.2332928515884,5,108.1175599186162,1,1,3,108.1175599186162,22087,1.14608952,1,1,0
220870301042,24,b1,0,1,79.0,38.3263470264634,4,132.18552878108642,2,1,5,132.18552878108642,22087,1.14608952,1,1,0
220870302094,8,b1,0,1,52.0,31.5346073304616,5,106.67311814595485,1,1,3,106.67311814595485,22087,1.14608952,1,1,0
220870301041,16,b1,0,1,96.0,38.5959919746648,4,135.0,2,1,5,135.0,22087,1.14608952,1,1,0
220419506001,16,b1,0,1,83.0,26.4532320527168,2,169.89999389648438,1,2,0,169.89999389648438,22041,0.00585853,0,0,0
220419502002,8,b1,0,1,62.0,24.4719305442412,2,187.5666656494141,1,2,0,187.5666656494141,22041,0.00585853,0,0,0
220419501002,26,b1,0,1,160.0,20.6042062464231,0,174.63333129882812,1,2,0,174.63333129882812,22041,0.00585853,0,0,0
220419505002,12,b1,0,1,79.0,26.9775090752288,2,163.5,1,2,0,163.5,22041,0.00585853,0,0,0
220419502003,22,b1,0,1,115.0,24.7766776521987,2,172.9666748046875,1,2,0,172.9666748046875,22041,0.00585853,0,0,0
220419501003,16,b1,0,1,121.0,20.9147980926143,0,135.89999389648438,1,1,1,135.89999389648438,22041,0.00585853,0,0,0
220950707003,10,b1,0,1,47.0,31.0811231712239,4,143.4784220790153,1,1,2,143.4784220790153,22095,0.2488945099999999,1,1,1
220419503001,8,b1,0,1,122.0,23.1543731249961,1,178.63714868690113,1,2,0,178.63714868690113,22041,0.00585853,0,0,0
220419504003,14,b1,0,1,103.0,24.9685742675564,2,164.34999084472656,1,2,0,164.34999084472656,22041,0.00585853,0,0,0
221059534003,44,b1,0,1,197.0,36.8210542898658,3,139.8000030517578,2,1,2,139.8000030517578,22105,0.00826522,0,1,0
220419503004,4,b1,0,1,49.0,24.0040660076986,1,179.91748167824923,1,2,0,179.91748167824923,22041,0.00585853,0,0,0
220419503005,8,b1,0,1,69.0,23.7572142846087,1,176.99456940544923,1,2,0,176.99456940544923,22041,0.00585853,0,0,0
220419505001,20,b1,0,1,103.0,24.5215180018469,1,173.1374969482422,1,2,0,173.1374969482422,22041,0.00585853,0,0,0
220419506002,21,b1,0,1,80.0,27.4441235201959,2,195.54286193847656,1,2,0,195.54286193847656,22041,0.00585853,0,0,0
221059539001,9,b1,0,1,127.0,35.5626509024012,3,137.10000610351562,2,1,1,137.10000610351562,22105,0.00826522,0,1,1
221010408002,16,b1,0,1,149.0,39.5928060503343,5,53.25714111328125,2,1,0,53.25714111328125,22101,0.68496657,1,1,1
220550014011,85,b1,0,1,463.0,38.0410323218666,3,132.26815128070507,2,1,3,132.26815128070507,22055,1.5760870500000002,0,0,1
220550014012,36,b1,0,1,208.0,38.5055663962111,3,130.68541097144998,2,1,3,130.68541097144998,22055,1.5760870500000002,0,0,1
220550014013,36,b1,0,1,254.0,39.1085325238978,3,133.8058679310558,2,1,3,133.8058679310558,22055,1.5760870500000002,0,0,0
220550014022,36,b1,0,1,299.0,37.2088598337277,3,144.10249085013623,2,1,4,144.10249085013623,22055,1.5760870500000002,0,0,1
220550014023,25,b1,0,1,219.0,40.5282542323184,3,142.10000610351562,2,1,4,142.10000610351562,22055,1.5760870500000002,0,0,1
220550014031,26,b1,0,1,216.0,37.7182831732738,3,135.05877689388447,2,1,3,135.05877689388447,22055,1.5760870500000002,0,0,1
220550014021,53,b1,0,1,249.0,38.2495652004602,3,130.1559233933103,2,1,4,130.1559233933103,22055,1.5760870500000002,0,0,1
220750502003,19,b1,0,1,134.0,30.4462790303824,5,100.67566365824676,1,1,3,100.67566365824676,22075,1.49824733,1,1,1
220750502004,26,b1,0,1,148.0,30.428991832924,5,100.6611597288687,1,1,3,100.6611597288687,22075,1.49824733,1,1,1
220750502005,12,b1,0,1,112.0,30.4641338156342,5,99.96198382764712,1,1,3,99.96198382764712,22075,1.49824733,1,1,1
220750503001,13,b1,0,1,155.0,30.4510253220063,5,100.1999969482422,1,1,3,100.1999969482422,22075,1.49824733,1,1,1
220750503003,8,b1,0,1,78.0,30.4282752679341,5,94.15058865672522,1,1,3,94.15058865672522,22075,1.49824733,1,1,1
220750504002,35,b1,0,1,248.0,32.8943731523951,5,95.3499984741211,1,1,6,95.3499984741211,22075,1.49824733,1,1,1
220150111103,53,b1,0,1,190.0,30.6604539300851,2,38.0,1,1,0,38.0,22015,0.0,0,0,0
220750508002,8,b1,0,1,90.0,37.2690595138772,4,98.96466669517922,2,1,2,98.96466669517922,22075,1.49824733,1,1,0
220730109002,6,b1,0,1,68.0,22.8223981541438,1,139.5583266634925,1,1,1,139.5583266634925,22073,0.0,0,0,0
220990202002,16,b1,0,1,66.0,34.1190233694353,2,124.1500015258789,2,1,3,124.1500015258789,22099,2.17976609,0,1,1
220990202001,16,b1,0,1,125.0,34.2540837609811,2,165.73333740234375,2,2,3,165.73333740234375,22099,2.17976609,0,1,1
220990204003,33,b1,0,1,161.0,38.3123798381407,4,120.3000030517578,2,1,4,120.3000030517578,22099,2.17976609,0,1,1
220990208001,12,b1,0,1,76.0,36.7348431789264,4,103.63333129882812,2,1,2,103.63333129882812,22099,2.17976609,0,1,1
220550014032,44,b1,0,1,354.0,37.2511140859742,3,144.12506232161974,2,1,3,144.12506232161974,22055,1.5760870500000002,0,0,1
220550014041,22,b1,0,1,209.0,36.4289791974062,3,157.5,2,2,2,157.5,22055,1.5760870500000002,0,0,1
220730052031,17,b1,0,1,92.0,22.8807986553696,1,103.72464963155645,1,1,2,103.72464963155645,22073,0.0,0,0,0
220730105022,27,b1,0,1,112.0,24.2072594107471,2,138.3000030517578,1,1,1,138.3000030517578,22073,0.0,0,0,0
220730102021,72,b1,0,1,385.0,21.453063979572,1,95.4499969482422,1,1,1,95.4499969482422,22073,0.0,0,0,0
220730102023,22,b1,0,1,161.0,20.8820792201821,0,122.0,1,1,1,122.0,22073,0.0,0,0,0
220730104003,33,b1,0,1,121.0,25.9105852293547,2,110.75,1,1,2,110.75,22073,0.0,0,0,0
220479527002,23,b1,0,1,130.0,35.0863979502265,4,63.491780109225495,2,1,0,63.491780109225495,22047,0.33403865,0,1,1
220730052012,48,b1,0,1,329.0,25.5112611684083,2,96.25,1,1,2,96.25,22073,0.0,0,0,0
220730103022,8,b1,0,1,64.0,23.2988867182918,1,100.5500030517578,1,1,2,100.5500030517578,22073,0.0,0,0,0
220730051002,12,b1,0,1,116.0,23.316499923348,1,91.66666412353516,1,1,2,91.66666412353516,22073,0.0,0,0,0
220730054002,29,b1,0,1,134.0,22.8131260291577,2,104.84904122873168,1,1,2,104.84904122873168,22073,0.0,0,0,0
220730105021,53,b1,0,1,260.0,24.722094126051,2,119.0999984741211,1,1,2,119.0999984741211,22073,0.0,0,0,0
220730104006,44,b1,0,1,208.0,25.2046160704824,2,99.5999984741211,1,1,2,99.5999984741211,22073,0.0,0,0,0
220730104005,56,b1,0,1,178.0,28.845330449471,2,112.5999984741211,1,1,2,112.5999984741211,22073,0.0,0,0,0
220730006001,9,b1,0,1,59.0,22.9667403298489,1,151.24314442065608,1,2,0,151.24314442065608,22073,0.0,0,0,0
220730105045,8,b1,0,1,58.0,22.6909699427662,2,108.5,1,1,2,108.5,22073,0.0,0,0,0
220730059002,25,b1,0,1,78.0,22.2900086340891,2,111.0,1,1,1,111.0,22073,0.0,0,0,0
220730103011,31,b1,0,1,203.0,23.195798360587,1,111.4000015258789,1,1,1,111.4000015258789,22073,0.0,0,0,0
220730104002,25,b1,0,1,137.0,26.1216271875401,2,104.5,1,1,2,104.5,22073,0.0,0,0,0
220730104004,35,b1,0,1,195.0,27.7717078826513,2,107.4749984741211,1,1,2,107.4749984741211,22073,0.0,0,0,0
220730105042,26,b1,0,1,142.0,24.7601661066937,2,113.3000030517578,1,1,2,113.3000030517578,22073,0.0,0,0,0
220730106042,6,b1,0,1,41.0,21.3450331551362,1,167.58889770507812,1,2,0,167.58889770507812,22073,0.0,0,0,0
220730001002,4,b1,0,1,64.0,22.8718822975349,2,112.59183739002248,1,1,2,112.59183739002248,22073,0.0,0,0,0
220730001003,4,b1,0,1,40.0,22.8396375152293,2,113.3753690358277,1,1,2,113.3753690358277,22073,0.0,0,0,0
220730001004,13,b1,0,1,66.0,22.9050601050714,2,115.729071607576,1,1,2,115.729071607576,22073,0.0,0,0,0
220950704001,32,b1,0,1,214.0,33.0053094448495,3,140.2086829946503,2,1,2,140.2086829946503,22095,0.2488945099999999,1,1,1
220950703001,13,b1,0,1,64.0,32.1852487488425,4,145.5044424817555,1,1,3,145.5044424817555,22095,0.2488945099999999,1,1,1
220950703002,20,b1,0,1,63.0,32.4633594496835,4,151.62154702963343,1,2,1,151.62154702963343,22095,0.2488945099999999,1,1,1
220950703003,20,b1,0,1,87.0,32.193971479458,4,151.5279036681175,1,2,1,151.5279036681175,22095,0.2488945099999999,1,1,1
220950707002,12,b1,0,1,103.0,31.6924772131949,4,141.7020000081169,1,1,2,141.7020000081169,22095,0.2488945099999999,1,1,1
220950707004,8,b1,0,1,40.0,31.4443106435892,4,143.44929105668027,1,1,2,143.44929105668027,22095,0.2488945099999999,1,1,1
220730106041,4,b1,0,1,40.0,22.1327932300715,1,143.60000610351562,1,1,1,143.60000610351562,22073,0.0,0,0,0
220950709001,8,b1,0,1,30.0,31.3053536005629,4,146.8860709456028,1,1,3,146.8860709456028,22095,0.2488945099999999,1,1,1
220730109001,8,b1,0,1,101.0,22.8338479154686,1,138.60000610351562,1,1,1,138.60000610351562,22073,0.0,0,0,0
220730011002,8,b1,0,1,65.0,22.6836788575819,1,131.18089329284328,1,1,1,131.18089329284328,22073,0.0,0,0,0
220570217003,8,b1,0,1,86.0,33.3387740703098,3,133.24368045484783,2,1,3,133.24368045484783,22057,0.52554993,1,1,1
220730001005,4,b1,0,1,90.0,22.9346404510108,2,114.62208269326574,1,1,2,114.62208269326574,22073,0.0,0,0,0
220730002003,8,b1,0,1,79.0,23.1349432578739,1,111.3020632933904,1,1,2,111.3020632933904,22073,0.0,0,0,0
220730103021,22,b1,0,1,142.0,23.639185665523,1,89.9000015258789,1,1,3,89.9000015258789,22073,0.0,0,0,0
220730052041,13,b1,0,1,151.0,22.8511145166255,1,102.83867849349464,1,1,2,102.83867849349464,22073,0.0,0,0,0
220730002004,22,b1,0,1,172.0,23.0372261812999,1,104.56340365219374,1,1,2,104.56340365219374,22073,0.0,0,0,0
220730101013,37,b1,0,1,158.0,21.401584020163,1,117.2249984741211,1,1,1,117.2249984741211,22073,0.0,0,0,0
220730105041,27,b1,0,1,120.0,24.9851775054071,2,110.0,1,1,2,110.0,22073,0.0,0,0,0
220730106034,8,b1,0,1,51.0,20.1098802090819,0,139.85000610351562,1,1,1,139.85000610351562,22073,0.0,0,0,0
220510279022,107,b1,0,1,392.0,39.3204107056526,3,110.81663484671016,2,1,1,110.81663484671016,22051,0.05823747,1,1,1
220510220012,13,b1,0,1,76.0,29.5729279392104,5,103.6108777418706,1,1,3,103.6108777418706,22051,0.05823747,1,1,1
220510250023,12,b1,0,1,60.0,30.2775591378095,5,88.65877372937503,1,1,3,88.65877372937503,22051,0.05823747,1,1,1
220690003003,35,b1,0,1,201.0,31.8775577818053,4,161.46665954589844,1,2,3,161.46665954589844,22069,0.0,0,0,0
220170240004,23,b1,0,1,202.0,33.3752049367171,1,62.88426697894491,2,1,0,62.88426697894491,22017,0.0,0,0,0
220730002002,8,b1,0,1,81.0,23.0805234894965,1,110.72536275828088,1,1,2,110.72536275828088,22073,0.0,0,0,0
220730053011,58,b1,0,1,310.0,25.3411232326212,1,101.5999984741211,1,1,2,101.5999984741211,22073,0.0,0,0,0
220950704002,9,b1,0,1,66.0,32.4479994159861,4,144.41785096183003,1,1,3,144.41785096183003,22095,0.2488945099999999,1,1,1
220950710001,13,b1,0,1,77.0,31.1380297330368,4,157.26312935194736,1,2,1,157.26312935194736,22095,0.2488945099999999,1,1,1
220730002005,8,b1,0,1,55.0,23.1169108256817,1,111.91107555082122,1,1,2,111.91107555082122,22073,0.0,0,0,0
220570218004,29,b1,0,1,121.0,33.4472293996514,3,157.68642173208914,2,2,2,157.68642173208914,22057,0.52554993,1,1,1
220730052032,13,b1,0,1,80.0,22.9496091291887,1,101.66442592576048,1,1,2,101.66442592576048,22073,0.0,0,0,0
220779521002,17,b1,0,1,124.0,34.4791721569816,3,73.5666732788086,2,1,1,73.5666732788086,22077,0.4857803799999999,0,0,1
220779524001,12,b1,0,1,144.0,35.0214063094814,1,62.54999923706055,2,1,0,62.54999923706055,22077,0.4857803799999999,0,0,1
220779524003,17,b1,0,1,107.0,35.328499659366,1,89.52000427246094,2,1,1,89.52000427246094,22077,0.4857803799999999,0,0,1
220730001001,8,b1,0,1,74.0,22.9251731066465,2,108.74341463644896,1,1,2,108.74341463644896,22073,0.0,0,0,0
220510278043,23,b1,0,1,100.0,30.1893329886863,5,93.20959292586146,1,1,3,93.20959292586146,22051,0.05823747,1,1,1
220510278051,29,b1,0,1,140.0,30.1261697411552,5,90.89511383841084,1,1,3,90.89511383841084,22051,0.05823747,1,1,1
220510278062,33,b1,0,1,127.0,29.8337931193379,5,88.84145167356179,1,1,5,88.84145167356179,22051,0.05823747,1,1,1
220510278063,40,b1,0,1,197.0,29.8337975595675,5,88.85241708460006,1,1,5,88.85241708460006,22051,0.05823747,1,1,1
220510278071,53,b1,0,1,181.0,29.9633981650607,5,88.3549605740331,1,1,4,88.3549605740331,22051,0.05823747,1,1,1
220479531013,21,b1,0,1,91.0,34.8450853502043,4,60.29999923706055,2,1,0,60.29999923706055,22047,0.33403865,0,1,1
221190316002,47,b1,0,1,218.0,33.7660316366157,1,150.5500030517578,2,2,1,150.5500030517578,22119,0.0,0,0,0
221190319003,8,b1,0,1,47.0,35.3355237902041,1,131.71790602346027,2,1,2,131.71790602346027,22119,0.0,0,0,0
220510278073,34,b1,0,1,145.0,29.9208650004379,5,86.2973276466364,1,1,4,86.2973276466364,22051,0.05823747,1,1,1
220510278072,33,b1,0,1,142.0,30.3170853295813,5,87.63334310249921,1,1,5,87.63334310249921,22051,0.05823747,1,1,1
220510278092,57,b1,0,1,247.0,30.9778753189539,5,87.88460065977509,1,1,5,87.88460065977509,22051,0.05823747,1,1,1
220510278094,48,b1,0,1,186.0,32.7561642462197,5,85.0,1,1,4,85.0,22051,0.05823747,1,1,1
220510278103,16,b1,0,1,70.0,29.9526543432112,5,88.06562037590592,1,1,4,88.06562037590592,22051,0.05823747,1,1,1
220510278111,12,b1,0,1,49.0,29.9930528657495,5,88.67632672561706,1,1,4,88.67632672561706,22051,0.05823747,1,1,1
220990205021,12,b1,0,1,60.0,37.8512211401455,2,128.78367633022273,2,1,4,128.78367633022273,22099,2.17976609,0,1,1
220990205013,23,b1,0,1,106.0,37.2569472193895,3,149.6800079345703,2,1,4,149.6800079345703,22099,2.17976609,0,1,1
221030406042,55,b1,0,1,294.0,29.1926817959605,5,113.48641044251416,1,1,2,113.48641044251416,22103,0.05873937,0,1,0
220479527001,28,b1,0,1,154.0,34.4317966302726,4,68.0999984741211,2,1,0,68.0999984741211,22047,0.33403865,0,1,1
220479527003,8,b1,0,1,94.0,34.9774320465518,4,58.34798858371682,2,1,0,58.34798858371682,22047,0.33403865,0,1,1
220790132003,38,b1,0,1,224.0,30.4205021022614,4,224.22000122070312,1,2,1,224.22000122070312,22079,4.49269524,0,0,0
220510278052,14,b1,0,1,119.0,30.1196224742309,5,90.86626854859888,1,1,3,90.86626854859888,22051,0.05823747,1,1,1
220510278061,16,b1,0,1,74.0,29.8315769539231,5,88.93009920423307,1,1,6,88.93009920423307,22051,0.05823747,1,1,1
220510205084,27,b1,0,1,159.0,28.9969747343852,5,135.32234039383698,1,1,3,135.32234039383698,22051,0.05823747,1,1,1
221159504002,15,b1,0,1,61.0,41.6682273086348,2,150.17428469441816,2,2,3,150.17428469441816,22115,19.00196373,0,0,0
221159503001,9,b1,0,1,113.0,46.1568634032703,3,137.9250030517578,2,1,4,137.9250030517578,22115,19.00196373,0,0,0
221159502003,19,b1,0,1,98.0,48.5770938887981,3,191.8999938964844,2,2,2,191.8999938964844,22115,19.00196373,0,0,0
221159508002,4,b1,0,1,57.0,40.8050776137518,3,216.4199981689453,2,2,3,216.4199981689453,22115,19.00196373,0,0,0
221159502001,6,b1,0,1,76.0,34.0969170330617,2,144.52000427246094,2,1,3,144.52000427246094,22115,19.00196373,0,0,0
221159509004,21,b1,0,1,116.0,49.1323921301483,2,157.8249969482422,2,2,3,157.8249969482422,22115,19.00196373,0,0,0
221159506003,13,b1,0,1,84.0,40.6963666921014,2,164.4499969482422,2,2,3,164.4499969482422,22115,19.00196373,0,0,0
221159501001,20,b1,0,1,59.0,40.1121416250561,2,151.55862426757812,2,2,2,151.55862426757812,22115,19.00196373,0,0,0
221190312003,9,b1,0,1,125.0,29.7401345642439,2,59.4666633605957,1,1,0,59.4666633605957,22119,0.0,0,0,0
220550021034,4,b1,0,1,85.0,35.5850905150505,3,173.86196701813003,2,2,2,173.86196701813003,22055,1.5760870500000002,0,0,1
221190314003,23,b1,0,1,121.0,30.3259151064754,2,50.133331298828125,1,1,0,50.133331298828125,22119,0.0,0,0,0
220450301001,27,b1,0,1,157.0,31.9449120919024,5,72.05172729492188,1,1,2,72.05172729492188,22045,3.09661809,1,1,1
220450304001,4,b1,0,1,48.0,37.9627681075558,4,112.22856903076172,2,1,3,112.22856903076172,22045,3.09661809,1,1,1
220790115001,18,b1,0,1,142.0,31.4606462428086,3,235.13423510723223,1,2,1,235.13423510723223,22079,4.49269524,0,0,0
220790134002,43,b1,0,1,198.0,32.8567656968545,4,262.6666564941406,1,2,1,262.6666564941406,22079,4.49269524,0,0,0
220790105003,26,b1,0,1,195.0,31.5952812529325,3,229.1000061035156,1,2,1,229.1000061035156,22079,4.49269524,0,0,0
220790107002,8,b1,0,1,99.0,32.7439668607997,4,228.5,1,2,2,228.5,22079,4.49269524,0,0,0
220790136003,4,b1,0,1,61.0,42.5539533117008,3,404.6727294921875,2,2,2,404.6727294921875,22079,4.49269524,0,0,0
220790104002,12,b1,0,1,101.0,31.8533594205353,3,210.6000061035156,1,2,1,210.6000061035156,22079,4.49269524,0,0,0
220790113002,15,b1,0,1,132.0,31.1752579109746,3,237.3000030517578,1,2,1,237.3000030517578,22079,4.49269524,0,0,0
220790138003,36,b1,0,1,181.0,32.2888013172732,3,216.5,1,2,1,216.5,22079,4.49269524,0,0,0
220790135001,39,b1,0,1,150.0,33.2415146655412,3,299.81427001953125,2,2,2,299.81427001953125,22079,4.49269524,0,0,0
221059537003,46,b1,0,1,275.0,37.2977616346546,3,147.42498779296875,2,1,1,147.42498779296875,22105,0.00826522,0,1,0
221059546001,46,b1,0,1,352.0,32.5631050798884,4,119.31999206542967,1,1,2,119.31999206542967,22105,0.00826522,1,1,0
221059535001,29,b1,0,1,116.0,36.5651096992628,2,104.54999542236328,2,1,1,104.54999542236328,22105,0.00826522,0,1,0
221059539003,26,b1,0,1,165.0,35.2068605263528,3,237.5,2,2,1,237.5,22105,0.00826522,0,1,1
221059540021,31,b1,0,1,218.0,36.6568106564202,3,102.76666259765624,2,1,1,102.76666259765624,22105,0.00826522,0,1,0
221059546004,31,b1,0,1,162.0,31.9693675038023,4,103.5,1,1,1,103.5,22105,0.00826522,0,1,0
221059537004,67,b1,0,1,445.0,35.5463812343629,3,112.0749969482422,2,1,1,112.0749969482422,22105,0.00826522,0,1,0
221059545024,19,b1,0,1,113.0,39.3035638365671,3,100.45342475481796,2,1,2,100.45342475481796,22105,0.00826522,0,1,1
221059541022,44,b1,0,1,232.0,37.7734925302363,3,110.5999984741211,2,1,2,110.5999984741211,22105,0.00826522,0,1,1
221059535003,13,b1,0,1,68.0,35.3708569237315,3,141.3199920654297,2,1,2,141.3199920654297,22105,0.00826522,0,1,0
221059532002,12,b1,0,1,88.0,34.4879575722831,2,96.4000015258789,2,1,1,96.4000015258789,22105,0.00826522,0,1,0
221059537002,32,b1,0,1,109.0,38.9188347264577,3,157.95999145507812,2,2,1,157.95999145507812,22105,0.00826522,0,1,0
221059546005,16,b1,0,1,128.0,29.5446827677143,5,130.75,1,1,2,130.75,22105,0.00826522,1,1,0
221059537001,32,b1,0,1,146.0,38.1779600389973,3,113.78333282470705,2,1,2,113.78333282470705,22105,0.00826522,0,1,0
221059546003,20,b1,0,1,149.0,39.7700289589753,3,106.1500015258789,2,1,1,106.1500015258789,22105,0.00826522,0,1,1
221059541012,8,b1,0,1,99.0,36.1707057635368,3,225.6000061035156,2,2,1,225.6000061035156,22105,0.00826522,0,1,1
221059534002,24,b1,0,1,86.0,36.0541538273943,3,143.0500030517578,2,1,2,143.0500030517578,22105,0.00826522,0,1,0
221059535005,16,b1,0,1,86.0,39.1745611727278,3,104.84000396728516,2,1,2,104.84000396728516,22105,0.00826522,0,1,0
221059532001,24,b1,0,1,102.0,35.621162111428,2,67.41666412353516,2,1,0,67.41666412353516,22105,0.00826522,0,1,0
221059533001,22,b1,0,1,71.0,34.5135364387222,4,73.9333267211914,2,1,1,73.9333267211914,22105,0.00826522,0,1,0
221059534001,25,b1,0,1,81.0,34.7574433518313,3,112.6999969482422,2,1,2,112.6999969482422,22105,0.00826522,0,1,0
221059541023,57,b1,0,1,263.0,39.1322395514366,3,103.0863817694348,2,1,2,103.0863817694348,22105,0.00826522,0,1,1
220510259003,12,b1,0,1,50.0,30.1217769051517,5,96.5039923725174,1,1,4,96.5039923725174,22051,0.05823747,1,1,1
220510280001,24,b1,0,1,106.0,36.3738071560807,4,93.9000015258789,2,1,4,93.9000015258789,22051,0.05823747,1,1,1
220690008003,12,b1,0,1,119.0,29.3049726490719,4,143.23333740234375,1,1,3,143.23333740234375,22069,0.0,0,0,0
220690001002,16,b1,0,1,59.0,30.5493557104952,4,203.4166717529297,1,2,3,203.4166717529297,22069,0.0,0,0,0
220039501002,10,b1,0,1,92.0,42.2312977970711,2,427.5,2,2,2,427.5,22003,22.13319891,0,0,0
220850003001,18,b1,0,1,73.0,40.1477335676918,3,191.0,2,2,2,191.0,22085,0.0,0,0,0
220039504004,12,b1,0,1,65.0,40.2923970679689,2,375.4200134277344,2,2,2,375.4200134277344,22003,22.13319891,0,0,0
220850007002,4,b1,0,1,63.0,48.2258997940148,3,199.5749969482422,2,2,2,199.5749969482422,22085,0.0,0,0,0
220850004003,15,b1,0,1,151.0,43.1292599159022,3,184.30714416503903,2,2,1,184.30714416503903,22085,0.0,0,0,0
221139509011,20,b1,0,1,124.0,39.5277730862087,3,153.7421229410183,2,2,2,153.7421229410183,22113,12.34417553,0,1,0
220690008004,20,b1,0,1,157.0,32.1248585747386,4,142.44000244140625,1,1,3,142.44000244140625,22069,0.0,0,0,0
220279501003,21,b1,0,1,138.0,24.5932015462944,3,105.0250015258789,1,1,2,105.0250015258789,22027,0.0,0,0,0
221190315005,16,b1,0,1,80.0,33.9328221797762,1,79.0,2,1,2,79.0,22119,0.0,0,0,0
220319503002,26,b1,0,1,149.0,39.8767185963325,2,130.7085723876953,2,1,2,130.7085723876953,22031,0.0,0,0,0
220679503001,18,b1,0,1,96.0,20.4555350526114,0,87.9000015258789,1,1,1,87.9000015258789,22067,0.00512676,0,0,0
220679506004,12,b1,0,1,76.0,20.4319751352745,0,101.5500030517578,1,1,1,101.5500030517578,22067,0.00512676,0,0,0
220679502002,13,b1,0,1,183.0,20.7105321969818,0,91.85000610351562,1,1,1,91.85000610351562,22067,0.00512676,0,0,0
221190318003,4,b1,0,1,76.0,34.8758369374338,1,137.28683018897985,2,1,2,137.28683018897985,22119,0.0,0,0,0
221190313005,12,b1,0,1,106.0,30.3804546559929,2,60.71914745221762,1,1,0,60.71914745221762,22119,0.0,0,0,0
220730105044,46,b1,0,1,276.0,25.2651241354643,2,101.5,1,1,2,101.5,22073,0.0,0,0,0
220730053012,67,b1,0,1,350.0,25.3654799218538,2,101.49978631537422,1,1,2,101.49978631537422,22073,0.0,0,0,0
220730058002,59,b1,0,1,485.0,22.5947872058752,2,103.6033440208064,1,1,2,103.6033440208064,22073,0.0,0,0,0
220730052042,53,b1,0,1,256.0,23.1218322851593,1,98.0500030517578,1,1,2,98.0500030517578,22073,0.0,0,0,0
221139502005,16,b1,0,1,140.0,38.6916283269621,4,117.45333862304688,2,1,5,117.45333862304688,22113,12.34417553,1,1,0
221139511002,24,b1,0,1,83.0,41.9148868606208,3,175.88888549804688,2,2,3,175.88888549804688,22113,12.34417553,1,1,0
221139509012,15,b1,0,1,122.0,40.2353729004831,3,180.3999938964844,2,2,2,180.3999938964844,22113,12.34417553,0,1,0
221139510024,30,b1,0,1,100.0,40.775902682414,3,190.2571563720703,2,2,2,190.2571563720703,22113,12.34417553,1,1,0
221139509023,44,b1,0,1,346.0,39.9468308313656,3,145.89999389648438,2,1,3,145.89999389648438,22113,12.34417553,0,1,0
221139509022,52,b1,0,1,161.0,40.9658447221275,3,181.76666259765625,2,2,2,181.76666259765625,22113,12.34417553,0,1,0
220150112005,24,b1,0,1,72.0,29.3315755600178,2,40.78571319580078,1,1,0,40.78571319580078,22015,0.0,0,0,0
220319502005,35,b1,0,1,96.0,35.0601578048118,1,73.97777557373047,2,1,1,73.97777557373047,22031,0.0,0,0,0
220319504003,16,b1,0,1,94.0,38.0240774327887,2,116.8000030517578,2,1,2,116.8000030517578,22031,0.0,0,0,0
220730102022,25,b1,0,1,105.0,20.5876458752669,0,130.96883442423402,1,1,1,130.96883442423402,22073,0.0,0,0,0
220150108062,10,b1,0,1,81.0,33.6860636467913,1,53.60020084941085,2,1,0,53.60020084941085,22015,0.0,0,0,0
220150111102,32,b1,0,1,162.0,30.6339596738202,2,42.73084064832363,1,1,0,42.73084064832363,22015,0.0,0,0,0
220150110011,54,b1,0,1,259.0,34.0342446273783,1,80.44285583496094,2,1,1,80.44285583496094,22015,0.0,0,0,0
220150104002,30,b1,0,1,401.0,31.2144134954799,2,38.34981772647372,1,1,0,38.34981772647372,22015,0.0,0,0,0
220150107011,18,b1,0,1,76.0,32.6941921231131,2,62.599998474121094,1,1,0,62.599998474121094,22015,0.0,0,0,0
220150107013,8,b1,0,1,47.0,32.5405261432233,2,52.60147339933672,1,1,0,52.60147339933672,22015,0.0,0,0,0
220150107014,8,b1,0,1,89.0,32.4228549268222,2,49.58464704793831,1,1,0,49.58464704793831,22015,0.0,0,0,0
220150107023,12,b1,0,1,130.0,33.0012362366411,1,60.78619121762681,2,1,0,60.78619121762681,22015,0.0,0,0,0
220150108011,12,b1,0,1,51.0,32.4649962233356,2,45.807566340096926,1,1,0,45.807566340096926,22015,0.0,0,0,0
220150104001,8,b1,0,1,34.0,31.3843442253317,2,38.022165716454865,1,1,0,38.022165716454865,22015,0.0,0,0,0
220150105001,25,b1,0,1,136.0,31.2674001848553,2,38.36340102453479,1,1,0,38.36340102453479,22015,0.0,0,0,0
220150105002,12,b1,0,1,68.0,31.5670366529335,2,38.42097783082167,1,1,0,38.42097783082167,22015,0.0,0,0,0
220150111071,11,b1,0,1,84.0,30.4647192250437,2,40.748426660170026,1,1,0,40.748426660170026,22015,0.0,0,0,0
220150107012,8,b1,0,1,48.0,32.5964440193172,2,55.84712930232949,1,1,0,55.84712930232949,22015,0.0,0,0,0
220150111051,9,b1,0,1,84.0,33.1812123087945,1,108.19453816136748,2,1,1,108.19453816136748,22015,0.0,0,0,0
220150110021,9,b1,0,1,63.0,36.6093485335491,1,91.5,2,1,2,91.5,22015,0.0,0,0,0
220150111053,21,b1,0,1,101.0,33.3820112586876,1,70.43822784335653,2,1,1,70.43822784335653,22015,0.0,0,0,0
220150111061,33,b1,0,1,171.0,33.8056374380585,1,87.86000061035156,2,1,1,87.86000061035156,22015,0.0,0,0,0
220730053024,17,b1,0,1,120.0,22.7275645247427,2,105.9000015258789,1,1,2,105.9000015258789,22073,0.0,0,0,0
220150108051,8,b1,0,1,128.0,33.990059449709,1,48.099998474121094,2,1,0,48.099998474121094,22015,0.0,0,0,0
220150108052,8,b1,0,1,67.0,34.2325904168583,1,49.15318942756043,2,1,0,49.15318942756043,22015,0.0,0,0,0
220150111063,12,b1,0,1,85.0,33.3621365607418,1,113.5999984741211,2,1,1,113.5999984741211,22015,0.0,0,0,0
220150111062,55,b1,0,1,188.0,32.9640821184245,2,99.6999969482422,1,1,1,99.6999969482422,22015,0.0,0,0,0
220150108043,57,b1,0,1,363.0,34.4315112429887,1,59.09908293352012,2,1,0,59.09908293352012,22015,0.0,0,0,0
220150108061,17,b1,0,1,85.0,34.4406204622292,1,54.420688932441976,2,1,0,54.420688932441976,22015,0.0,0,0,0
220150111031,30,b1,0,1,134.0,31.9069804258809,2,51.89999771118164,1,1,0,51.89999771118164,22015,0.0,0,0,0
220150112001,9,b1,0,1,78.0,29.3212963814414,2,53.95454406738281,1,1,0,53.95454406738281,22015,0.0,0,0,0
220150112006,30,b1,0,1,114.0,30.8787734694832,2,50.98999786376953,1,1,0,50.98999786376953,22015,0.0,0,0,0
220150108063,14,b1,0,1,138.0,34.0316855433897,1,53.58189744641821,2,1,0,53.58189744641821,22015,0.0,0,0,0
220150108064,8,b1,0,1,69.0,34.2373895310897,1,54.14923122985547,2,1,0,54.14923122985547,22015,0.0,0,0,0
220150108041,8,b1,0,1,137.0,34.4599353645046,1,51.45633332958975,2,1,0,51.45633332958975,22015,0.0,0,0,0
220330039043,13,b1,0,1,92.0,32.6994754141119,5,148.89999389648438,1,1,1,148.89999389648438,22033,0.02202799,0,0,1
220330039074,26,b1,0,1,146.0,32.6536524289719,5,134.83637143080273,1,1,1,134.83637143080273,22033,0.02202799,0,0,1
220630406002,8,b1,0,1,88.0,33.9027843444251,4,156.91328103450812,2,2,0,156.91328103450812,22063,0.03585767,0,1,1
220150105003,4,b1,0,1,41.0,31.6358434443349,2,43.10905549771355,1,1,0,43.10905549771355,22015,0.0,0,0,0
220150105004,20,b1,0,1,73.0,31.2153291409062,2,38.26564159635465,1,1,0,38.26564159635465,22015,0.0,0,0,0
220150106012,25,b1,0,1,124.0,32.3372010569622,2,48.63075474491762,1,1,0,48.63075474491762,22015,0.0,0,0,0
220730053023,33,b1,0,1,144.0,22.8034450918547,2,104.13789824649518,1,1,2,104.13789824649518,22073,0.0,0,0,0
220450304003,9,b1,0,1,56.0,37.5360977795681,4,123.4000015258789,2,1,3,123.4000015258789,22045,3.09661809,1,1,1
220250002002,4,b1,0,1,80.0,28.8414558649533,3,184.4863777393644,1,2,0,184.4863777393644,22025,0.01476176,0,0,0
220250003001,20,b1,0,1,117.0,30.9692519360301,3,166.6658477783203,1,2,0,166.6658477783203,22025,0.01476176,0,0,0
220330047003,21,b1,0,1,101.0,29.0899552027515,4,230.9499969482422,1,2,0,230.9499969482422,22033,0.02202799,0,0,1
220730055001,28,b1,0,1,158.0,22.7475244037757,2,105.12906100657624,1,1,2,105.12906100657624,22073,0.0,0,0,0
220730111003,12,b1,0,1,63.0,22.6717350651241,2,112.9000015258789,1,1,2,112.9000015258789,22073,0.0,0,0,0
220730058001,12,b1,0,1,97.0,22.5665946533655,2,105.8000030517578,1,1,2,105.8000030517578,22073,0.0,0,0,0
220039501001,33,b1,0,1,141.0,43.132672491201,3,361.795654296875,2,2,1,361.795654296875,22003,22.13319891,0,0,0
220039501003,38,b1,0,1,127.0,45.2992422431889,3,393.316650390625,2,2,2,393.316650390625,22003,22.13319891,0,0,0
220039505004,16,b1,0,1,95.0,44.3372289047198,3,340.4818115234375,2,2,2,340.4818115234375,22003,22.13319891,0,0,0
220039505003,41,b1,0,1,527.0,48.2101696982805,3,428.1384582519531,2,2,2,428.1384582519531,22003,22.13319891,0,0,0
221010403001,16,b1,0,1,61.0,36.9647547871973,4,64.5999984741211,2,1,0,64.5999984741211,22101,0.68496657,1,1,1
221010410003,44,b1,0,1,194.0,31.7446888790648,5,94.0999984741211,1,1,2,94.0999984741211,22101,0.68496657,1,1,1
220730101011,20,b1,0,1,126.0,20.6418279017906,0,137.43106751102778,1,1,1,137.43106751102778,22073,0.0,0,0,0
220730101012,25,b1,0,1,104.0,20.9595561814564,0,131.8925669307703,1,1,1,131.8925669307703,22073,0.0,0,0,0
220379515011,17,b1,0,1,89.0,31.4779600213188,5,134.10000610351562,1,1,1,134.10000610351562,22037,0.25808331,0,0,1
220039502003,10,b1,0,1,95.0,35.1836359955844,3,461.1499938964844,2,2,2,461.1499938964844,22003,22.13319891,0,0,0
220039503001,18,b1,0,1,88.0,36.3492751634019,3,449.1830938700702,2,2,2,449.1830938700702,22003,22.13319891,0,0,0
220039504002,15,b1,0,1,141.0,35.7428571955361,2,420.9000244140625,2,2,2,420.9000244140625,22003,22.13319891,0,0,0
221159505003,8,b1,0,1,42.0,40.2980409128684,2,151.99005252137286,2,2,3,151.99005252137286,22115,19.00196373,0,0,0
220730101022,20,b1,0,1,96.0,20.3999577530647,0,139.0,1,1,1,139.0,22073,0.0,0,0,0
220730101023,22,b1,0,1,130.0,20.4630563486852,0,145.78301926692177,1,1,1,145.78301926692177,22073,0.0,0,0,0
220730101024,20,b1,0,1,125.0,20.6765854381826,0,146.5500030517578,1,1,1,146.5500030517578,22073,0.0,0,0,0
220730102012,34,b1,0,1,156.0,20.5309839011214,0,119.03362635180174,1,1,1,119.03362635180174,22073,0.0,0,0,0
220039504003,4,b1,0,1,61.0,44.1247978911971,3,393.0736402053229,2,2,2,393.0736402053229,22003,22.13319891,0,0,0
220730102011,12,b1,0,1,124.0,20.434640942205,0,115.09482952001206,1,1,1,115.09482952001206,22073,0.0,0,0,0
220730103012,18,b1,0,1,121.0,23.2136370324188,1,114.5062764591739,1,1,1,114.5062764591739,22073,0.0,0,0,0
220979605001,41,b1,0,1,221.0,34.6673208656061,1,140.5111083984375,2,1,3,140.5111083984375,22097,1.46434272,0,0,1
220979604002,12,b1,0,1,137.0,34.7655051501173,2,118.77692413330078,2,1,3,118.77692413330078,22097,1.46434272,0,0,1
220979601003,8,b1,0,1,87.0,33.9003121206565,1,128.5279998779297,2,1,2,128.5279998779297,22097,1.46434272,0,0,1
220790125002,4,b1,0,1,49.0,32.2475470316956,3,211.7976314676752,1,2,1,211.7976314676752,22079,4.49269524,0,0,0
220790126001,20,b1,0,1,232.0,32.3173764033248,3,222.31293609539577,1,2,1,222.31293609539577,22079,4.49269524,0,0,0
220790125001,9,b1,0,1,132.0,32.2925930650482,3,214.9830976922221,1,2,1,214.9830976922221,22079,4.49269524,0,0,0
220330039062,13,b1,0,1,95.0,33.2640959162852,4,109.52756783230718,2,1,1,109.52756783230718,22033,0.02202799,0,0,1
220330035061,9,b1,0,1,72.0,31.0468399593564,4,157.70137433243818,1,2,0,157.70137433243818,22033,0.02202799,0,0,1
220150111065,16,b1,0,1,157.0,35.2915139119378,1,87.43688843993547,2,1,1,87.43688843993547,22015,0.0,0,0,0
220790130002,4,b1,0,1,72.0,32.3642193695225,3,223.1673478925683,1,2,1,223.1673478925683,22079,4.49269524,0,0,0
220779522002,23,b1,0,1,226.0,33.9598088910297,3,66.70000457763672,2,1,0,66.70000457763672,22077,0.4857803799999999,0,0,1
220779520002,4,b1,0,1,74.0,32.5751694113362,3,107.73076629638672,1,1,1,107.73076629638672,22077,0.4857803799999999,0,0,1
220090306002,17,b1,0,1,98.0,34.2741622918086,3,177.06055191961133,2,2,1,177.06055191961133,22009,1.52021072,0,0,0
220190024001,9,b1,0,1,100.0,51.2925937260114,3,211.5,2,2,2,211.5,22019,32.47305225,0,1,0
220190024002,9,b1,0,1,117.0,51.2694659296725,3,187.7749938964844,2,2,2,187.7749938964844,22019,32.47305225,0,1,0
220190024003,8,b1,0,1,82.0,51.5692445806952,3,191.18906620973135,2,2,2,191.18906620973135,22019,32.47305225,0,1,0
220190024006,4,b1,0,1,63.0,51.1662938240653,3,194.6257872978331,2,2,2,194.6257872978331,22019,32.47305225,0,1,0
220190025002,14,b1,0,1,182.0,53.5440407822235,2,207.6000061035156,2,2,2,207.6000061035156,22019,32.47305225,0,1,0
220399503002,4,b1,0,1,74.0,37.9867784996329,3,273.0142822265625,2,2,2,273.0142822265625,22039,4.6647587800000005,0,0,0
220399507004,8,b1,0,1,68.0,34.8652959136764,3,191.62828095075872,2,2,1,191.62828095075872,22039,4.6647587800000005,0,0,1
220839703003,20,b1,0,1,90.0,20.46496883311,0,182.40000915527344,1,2,0,182.40000915527344,22083,0.01253687,0,0,0
220839705004,15,b1,0,1,106.0,20.3253923262544,0,185.3831153364829,1,2,0,185.3831153364829,22083,0.01253687,0,0,0
220839701003,18,b1,0,1,141.0,20.7270104173425,0,155.69432163803333,1,2,0,155.69432163803333,22083,0.01253687,0,0,0
220839703001,9,b1,0,1,75.0,20.2859743249436,0,174.1999969482422,1,2,0,174.1999969482422,22083,0.01253687,0,0,0
220839706001,30,b1,0,1,98.0,20.4429361137853,0,191.3800048828125,1,2,0,191.3800048828125,22083,0.01253687,0,0,0
220839705001,15,b1,0,1,51.0,20.2954829163339,0,188.0,1,2,0,188.0,22083,0.01253687,0,0,0
220839701002,10,b1,0,1,63.0,20.6740208968356,0,160.0,1,2,0,160.0,22083,0.01253687,0,0,0
220839702001,8,b1,0,1,119.0,20.5546378948806,0,179.4888916015625,1,2,0,179.4888916015625,22083,0.01253687,0,0,0
220839705002,17,b1,0,1,74.0,20.1911487753376,0,175.60000610351562,1,2,0,175.60000610351562,22083,0.01253687,0,0,0
220839702002,13,b1,0,1,95.0,20.6187205248133,0,181.11668395996097,1,2,0,181.11668395996097,22083,0.01253687,0,0,0
220839704001,59,b1,0,1,177.0,20.1239378970271,0,178.4199981689453,1,2,0,178.4199981689453,22083,0.01253687,0,0,0
220839706002,23,b1,0,1,124.0,20.2944827906334,0,183.35714721679688,1,2,0,183.35714721679688,22083,0.01253687,0,0,0
220839706003,21,b1,0,1,135.0,21.6712579525489,1,209.3473663330078,1,2,0,209.3473663330078,22083,0.01253687,0,0,0
220839705003,29,b1,0,1,122.0,20.2329406062373,0,172.0254681518247,1,2,0,172.0254681518247,22083,0.01253687,0,0,0
220839704002,40,b1,0,1,118.0,20.0798661209265,0,170.5357208251953,1,2,0,170.5357208251953,22083,0.01253687,0,0,0
220659605001,4,b1,0,1,131.0,21.3637955143646,1,137.89999389648438,1,1,1,137.89999389648438,22065,0.00606983,0,0,0
220990206004,34,b1,0,1,160.0,39.4924261624687,3,126.0,2,1,4,126.0,22099,2.17976609,0,1,1
221139510011,11,b1,0,1,69.0,41.5466835664356,3,178.60000610351562,2,2,2,178.60000610351562,22113,12.34417553,1,1,0
221139510022,17,b1,0,1,79.0,41.7555521103737,3,196.36249402392264,2,2,2,196.36249402392264,22113,12.34417553,1,1,0
221139510023,26,b1,0,1,152.0,41.7816809026807,3,218.5,2,2,2,218.5,22113,12.34417553,1,1,0
221139510012,38,b1,0,1,180.0,41.1664925693422,3,175.10000610351562,2,2,2,175.10000610351562,22113,12.34417553,0,1,0
220710006151,9,b1,0,1,82.0,30.3715397781924,5,87.0999984741211,1,1,3,87.0999984741211,22071,0.06577263,1,1,1
220710006181,9,b1,0,1,76.0,30.3633780471712,5,88.45991072768031,1,1,3,88.45991072768031,22071,0.06577263,1,1,1
220170218002,16,b1,0,1,135.0,32.0914857097306,2,38.9166053204158,1,1,0,38.9166053204158,22017,0.0,0,0,0
220690005001,20,b1,0,1,194.0,31.7823988382082,4,140.4027489134933,1,1,3,140.4027489134933,22069,0.0,0,0,0
220950706001,19,b1,0,1,94.0,43.083524670127,3,158.60000610351562,2,2,1,158.60000610351562,22095,0.2488945099999999,1,1,1
220950707001,20,b1,0,1,90.0,32.0721141836832,4,153.0,1,2,1,153.0,22095,0.2488945099999999,1,1,1
220690006002,16,b1,0,1,156.0,31.7326775409098,4,136.52778549023105,1,1,3,136.52778549023105,22069,0.0,0,0,0
220690009001,8,b1,0,1,36.0,34.5864718918038,2,134.586669921875,2,1,3,134.586669921875,22069,0.0,0,0,0
220870306021,21,b1,0,1,96.0,30.6879416272426,5,87.94251866745796,1,1,4,87.94251866745796,22087,1.14608952,1,1,0
220870306022,10,b1,0,1,107.0,30.4369646163441,5,85.87394932160653,1,1,3,85.87394932160653,22087,1.14608952,1,1,0
220870306031,4,b1,0,1,51.0,30.8145314180655,5,90.51743242262806,1,1,3,90.51743242262806,22087,1.14608952,1,1,0
220870307002,4,b1,0,1,36.0,30.7231746233357,5,93.0194209282655,1,1,3,93.0194209282655,22087,1.14608952,1,1,0
220870308001,23,b1,0,1,79.0,30.9569361191239,5,91.43976473236138,1,1,3,91.43976473236138,22087,1.14608952,1,1,0
220870308003,8,b1,0,1,63.0,30.7370967640892,5,92.80304333951656,1,1,3,92.80304333951656,22087,1.14608952,1,1,0
220430203002,4,b1,0,1,102.0,36.5487071932496,2,128.46665954589844,2,1,2,128.46665954589844,22043,0.0,0,0,0
220790125003,13,b1,0,1,146.0,32.2714935723254,3,208.0,1,2,1,208.0,22079,4.49269524,0,0,0
220790137002,14,b1,0,1,171.0,30.9174603465124,3,236.8000030517578,1,2,0,236.8000030517578,22079,4.49269524,0,0,0
220710017511,24,b1,0,1,136.0,35.2029215721439,4,126.33333587646484,2,1,5,126.33333587646484,22071,0.06577263,1,1,0
220710017341,8,b1,0,1,117.0,34.4259889670283,4,253.484619140625,2,2,3,253.484619140625,22071,0.06577263,1,1,0
220730005002,8,b1,0,1,78.0,20.2041911807312,0,151.0554749774972,1,2,0,151.0554749774972,22073,0.0,0,0,0
220950702001,43,b1,0,1,200.0,32.7249478912908,4,152.0803941995599,1,2,0,152.0803941995599,22095,0.2488945099999999,1,1,1
220950702002,8,b1,0,1,73.0,32.2869241028226,4,152.67572474882803,1,2,1,152.67572474882803,22095,0.2488945099999999,1,1,1
220779521003,20,b1,0,1,175.0,34.7785895240772,1,66.84000396728516,2,1,0,66.84000396728516,22077,0.4857803799999999,0,0,1
220779519001,20,b1,0,1,118.0,33.2640228943503,3,65.2249984741211,2,1,0,65.2249984741211,22077,0.4857803799999999,0,0,1
220779523001,26,b1,0,1,145.0,33.4290304494,1,62.79999923706055,2,1,0,62.79999923706055,22077,0.4857803799999999,0,0,1
220779520001,8,b1,0,1,123.0,34.0219930410179,2,82.13947296142578,2,1,1,82.13947296142578,22077,0.4857803799999999,0,0,1
220779521001,4,b1,0,1,103.0,34.0715620338786,4,62.2599983215332,2,1,0,62.2599983215332,22077,0.4857803799999999,0,0,1
220779519003,13,b1,0,1,85.0,35.2332117880217,1,81.04000091552734,2,1,1,81.04000091552734,22077,0.4857803799999999,0,0,1
220779524002,22,b1,0,1,155.0,35.0567001012482,3,65.5,2,1,0,65.5,22077,0.4857803799999999,0,0,1
220779522001,12,b1,0,1,109.0,33.2839952370637,4,61.94999694824219,2,1,0,61.94999694824219,22077,0.4857803799999999,0,0,1
221030405022,12,b1,0,1,61.0,29.1936623425391,4,104.9000015258789,1,1,2,104.9000015258789,22103,0.05873937,0,1,0
221030405023,12,b1,0,1,66.0,29.1326953946255,4,113.4954233944359,1,1,2,113.4954233944359,22103,0.05873937,0,1,0
221030406021,8,b1,0,1,82.0,29.0782655755826,5,119.61506495901192,1,1,2,119.61506495901192,22103,0.05873937,0,1,0
221030407062,13,b1,0,1,115.0,30.8748070219419,4,212.2954794886645,1,2,3,212.2954794886645,22103,0.05873937,0,1,0
221030407081,93,b1,0,1,380.0,30.9422298395093,4,242.95135200745435,1,2,3,242.95135200745435,22103,0.05873937,1,1,0
220990202004,17,b1,0,1,173.0,35.1119527051983,1,118.38231758402574,2,1,3,118.38231758402574,22099,2.17976609,0,1,1
220990208002,16,b1,0,1,95.0,36.5315819244083,4,104.6500015258789,2,1,3,104.6500015258789,22099,2.17976609,0,1,1
220990204002,12,b1,0,1,103.0,38.4980500916659,4,106.8000030517578,2,1,4,106.8000030517578,22099,2.17976609,0,1,1
220990202003,9,b1,0,1,102.0,34.7275737162605,1,145.5500030517578,2,1,3,145.5500030517578,22099,2.17976609,0,1,1
220990206002,17,b1,0,1,131.0,38.4781433738891,5,114.5,2,1,4,114.5,22099,2.17976609,0,1,1
220990209002,18,b1,0,1,64.0,37.9416181786001,5,114.5999984741211,2,1,4,114.5999984741211,22099,2.17976609,0,1,1
220730017001,25,b1,0,1,167.0,23.0818590965938,1,126.61156701232944,1,1,1,126.61156701232944,22073,0.0,0,0,0
220730017002,8,b1,0,1,83.0,22.9992430196825,2,115.56893269381231,1,1,2,115.56893269381231,22073,0.0,0,0,0
220730017003,5,b1,0,1,84.0,23.0879267203327,1,130.8872190858312,1,1,1,130.8872190858312,22073,0.0,0,0,0
221030408021,30,b1,0,1,230.0,30.5791632955642,4,224.77336201802063,1,2,3,224.77336201802063,22103,0.05873937,1,1,0
221030408031,4,b1,0,1,134.0,30.7752261559037,4,240.8980252815384,1,2,2,240.8980252815384,22103,0.05873937,1,1,0
220279502002,5,b1,0,1,46.0,30.6798734888885,2,77.90666198730469,1,1,2,77.90666198730469,22027,0.0,0,0,0
220279505001,8,b1,0,1,91.0,32.5076648040105,2,133.20909118652344,1,1,2,133.20909118652344,22027,0.0,0,0,0
220279504004,20,b1,0,1,76.0,26.0835069461932,2,80.84309244513645,1,1,2,80.84309244513645,22027,0.0,0,0,0
221030408033,8,b1,0,1,217.0,30.9219668984814,4,243.38217725982997,1,2,2,243.38217725982997,22103,0.05873937,1,1,0
220679502004,17,b1,0,1,195.0,20.343694823897,0,95.8000030517578,1,1,1,95.8000030517578,22067,0.00512676,0,0,0
220679507002,16,b1,0,1,110.0,22.0877582348243,1,99.72000122070312,1,1,1,99.72000122070312,22067,0.00512676,0,0,0
220679503002,4,b1,0,1,97.0,22.3262545493737,1,81.00416564941406,1,1,2,81.00416564941406,22067,0.00512676,0,0,0
220679504001,4,b1,0,1,78.0,20.195722579154,0,93.71852492176036,1,1,1,93.71852492176036,22067,0.00512676,0,0,0
220679507001,8,b1,0,1,82.0,19.7783170856307,0,128.6199951171875,1,1,1,128.6199951171875,22067,0.00512676,0,0,0
220679501001,4,b1,0,1,52.0,19.8951758434442,0,121.39393615722656,1,1,1,121.39393615722656,22067,0.00512676,0,0,0
220730004021,10,b1,0,1,97.0,23.1504655165663,1,134.466209414161,1,1,1,134.466209414161,22073,0.0,0,0,0
220730005001,26,b1,0,1,129.0,20.2190655668918,0,135.78042581253612,1,1,1,135.78042581253612,22073,0.0,0,0,0
220730015001,4,b1,0,1,23.0,22.5383988458761,2,117.32387526626192,1,1,1,117.32387526626192,22073,0.0,0,0,0
220730105046,32,b1,0,1,215.0,25.0254183489519,2,111.8000030517578,1,1,2,111.8000030517578,22073,0.0,0,0,0
220510267002,6,b1,0,1,36.0,29.8533672751816,5,90.99457496635826,1,1,6,90.99457496635826,22051,0.05823747,1,1,1
220510263002,38,b1,0,1,111.0,29.9673225727752,5,91.19081809171598,1,1,6,91.19081809171598,22051,0.05823747,1,1,1
221030409003,9,b1,0,1,74.0,30.6412393039891,4,215.21204038143708,1,2,3,215.21204038143708,22103,0.05873937,1,1,0
221030403034,26,b1,0,1,200.0,29.3542903384148,5,107.01626118150088,1,1,3,107.01626118150088,22103,0.05873937,1,1,0
220730007001,4,b1,0,1,59.0,22.9850730279723,1,136.30887635834412,1,1,1,136.30887635834412,22073,0.0,0,0,0
220730007002,4,b1,0,1,39.0,22.9185661506883,1,132.99202922396745,1,1,1,132.99202922396745,22073,0.0,0,0,0
221030410022,16,b1,0,1,86.0,30.7050344077138,4,222.35467101135336,1,2,3,222.35467101135336,22103,0.05873937,1,1,0
221030410021,15,b1,0,1,108.0,30.6528212217939,4,212.87817610122957,1,2,3,212.87817610122957,22103,0.05873937,1,1,0
221030410031,26,b1,0,1,87.0,30.7046107446014,4,216.3000030517578,1,2,3,216.3000030517578,22103,0.05873937,1,1,0
221030401021,12,b1,0,1,100.0,33.0307230926686,3,123.26000213623048,2,1,4,123.26000213623048,22103,0.05873937,0,1,0
221030407012,15,b1,0,1,131.0,30.2781403083323,4,114.55999755859376,1,1,3,114.55999755859376,22103,0.05873937,0,1,0
221030410034,16,b1,0,1,61.0,30.717793443319,4,218.54360422742096,1,2,3,218.54360422742096,22103,0.05873937,1,1,0
221030410042,37,b1,0,1,156.0,30.7175890279945,4,220.30321094646337,1,2,3,220.30321094646337,22103,0.05873937,1,1,0
221030410041,28,b1,0,1,151.0,30.6686460209111,4,210.4246572286412,1,2,2,210.4246572286412,22103,0.05873937,1,1,0
221030411022,12,b1,0,1,56.0,30.5524218798813,4,188.54999785331069,1,2,3,188.54999785331069,22103,0.05873937,1,1,0
221030412101,9,b1,0,1,138.0,29.4711892452181,5,99.4000015258789,1,1,2,99.4000015258789,22103,0.05873937,1,1,0
221030407101,52,b1,0,1,351.0,30.8109040463768,4,236.1000061035156,1,2,2,236.1000061035156,22103,0.05873937,1,1,0
221119605003,69,b1,0,1,193.0,26.4558317044451,2,102.6374969482422,1,1,2,102.6374969482422,22111,0.0,0,0,0
220330039102,24,b1,0,1,97.0,32.486405640063,5,121.80561034793786,1,1,1,121.80561034793786,22033,0.02202799,0,0,1
220330038024,18,b1,0,1,85.0,32.2587385909954,6,122.25365859695016,1,1,1,122.25365859695016,22033,0.02202799,0,0,1
220330045084,36,b1,0,1,189.0,35.2177518942533,4,88.53061635444854,2,1,1,88.53061635444854,22033,0.02202799,0,0,1
220330038025,4,b1,0,1,105.0,32.0964622047495,6,126.88177699825114,1,1,1,126.88177699825114,22033,0.02202799,0,0,1
220330039094,4,b1,0,1,35.0,32.1237682436812,5,135.15454467288012,1,1,1,135.15454467288012,22033,0.02202799,0,0,1
220330039093,13,b1,0,1,118.0,32.3737844526721,5,134.40589122076742,1,1,1,134.40589122076742,22033,0.02202799,0,0,1
220330040101,7,b1,0,1,132.0,33.5689897512366,4,77.3571194493095,2,1,1,77.3571194493095,22033,0.02202799,0,0,1
220379515022,20,b1,0,1,54.0,28.4344167068026,4,232.23333740234375,1,2,0,232.23333740234375,22037,0.25808331,0,0,1
220379514002,20,b1,0,1,64.0,30.1832113430669,4,131.39999389648438,1,1,1,131.39999389648438,22037,0.25808331,0,0,1
220330045092,73,b1,0,1,292.0,34.1696119260262,4,91.26414739468152,2,1,1,91.26414739468152,22033,0.02202799,0,0,1
220790117003,4,b1,0,1,50.0,31.7755075032196,3,241.56349665309153,1,2,1,241.56349665309153,22079,4.49269524,0,0,0
220290004001,12,b1,0,1,192.0,28.6175734935575,3,64.04072766680368,1,1,0,64.04072766680368,22029,0.00757152,0,0,0
220290002005,4,b1,0,1,82.0,27.6942109046754,3,73.30329218463369,1,1,1,73.30329218463369,22029,0.00757152,0,0,0
220290005003,12,b1,0,1,101.0,29.6696155226282,3,104.55294036865234,1,1,1,104.55294036865234,22029,0.00757152,0,0,0
220290003001,14,b1,0,1,129.0,28.0555904928638,3,74.6500015258789,1,1,1,74.6500015258789,22029,0.00757152,0,0,0
220510220013,9,b1,0,1,74.0,29.5630947772826,5,103.9000015258789,1,1,3,103.9000015258789,22051,0.05823747,1,1,1
220330045091,38,b1,0,1,125.0,34.6437747913042,4,87.2878814999994,2,1,1,87.2878814999994,22033,0.02202799,0,0,1
220510215002,11,b1,0,1,68.0,29.3082319638825,5,102.48581805101531,1,1,3,102.48581805101531,22051,0.05823747,1,1,1
220510205161,12,b1,0,1,51.0,28.9298745664628,5,140.13492155969678,1,1,3,140.13492155969678,22051,0.05823747,1,1,1
220330045093,22,b1,0,1,143.0,35.5557051755047,4,76.92838464400151,2,1,1,76.92838464400151,22033,0.02202799,0,0,1
220790122002,8,b1,0,1,79.0,32.3345624990844,3,232.24331135354197,1,2,1,232.24331135354197,22079,4.49269524,0,0,0
220790122003,13,b1,0,1,53.0,32.329869227083,3,231.8999938964844,1,2,1,231.8999938964844,22079,4.49269524,0,0,0
220790123021,33,b1,0,1,225.0,32.3154681116715,3,224.6529093387123,1,2,1,224.6529093387123,22079,4.49269524,0,0,0
220790123011,42,b1,0,1,176.0,32.2439997608779,3,213.7856887220024,1,2,1,213.7856887220024,22079,4.49269524,0,0,0
220790120002,4,b1,0,1,29.0,32.3427017101716,3,223.59098741452615,1,2,1,223.59098741452615,22079,4.49269524,0,0,0
220790121001,8,b1,0,1,67.0,32.3363352717456,3,225.47326923938655,1,2,1,225.47326923938655,22079,4.49269524,0,0,0
220790121002,12,b1,0,1,68.0,32.3442194378011,3,234.9394925604529,1,2,1,234.9394925604529,22079,4.49269524,0,0,0
220790116001,8,b1,0,1,60.0,31.7177048548898,3,234.3000030517578,1,2,1,234.3000030517578,22079,4.49269524,0,0,0
220790116002,13,b1,0,1,67.0,31.9883151405749,3,236.97737486578623,1,2,1,236.97737486578623,22079,4.49269524,0,0,0
220330039064,28,b1,0,1,164.0,33.7837738947135,4,99.03835082459705,2,1,1,99.03835082459705,22033,0.02202799,0,0,1
220330038014,4,b1,0,1,72.0,32.5223184977266,6,124.87688623983516,1,1,1,124.87688623983516,22033,0.02202799,0,0,1
220330040142,5,b1,0,1,151.0,34.0803083188556,4,63.523356687403016,2,1,0,63.523356687403016,22033,0.02202799,0,0,1
220870304002,11,b1,0,1,92.0,30.5509733390886,5,86.1543653144144,1,1,3,86.1543653144144,22087,1.14608952,1,1,1
220890622001,25,b1,0,1,157.0,28.2301590193722,5,121.0999984741211,1,1,4,121.0999984741211,22089,0.19315147,1,1,1
220730111002,4,b1,0,1,74.0,22.7374434032348,2,113.05025241691668,1,1,2,113.05025241691668,22073,0.0,0,0,0
220890621002,32,b1,0,1,172.0,28.6742502905255,5,145.10000610351562,1,1,3,145.10000610351562,22089,0.19315147,1,1,1
220890623012,24,b1,0,1,121.0,28.2528276522393,5,125.87390666100336,1,1,4,125.87390666100336,22089,0.19315147,1,1,1
220890627002,4,b1,0,1,58.0,29.6072896042665,4,164.35000610351562,1,2,2,164.35000610351562,22089,0.19315147,1,1,1
220630402012,47,b1,0,1,186.0,36.0073948468781,4,57.05999755859375,2,1,0,57.05999755859375,22063,0.03585767,0,1,1
220630403013,44,b1,0,1,241.0,33.9630497026925,4,127.95000457763672,2,1,2,127.95000457763672,22063,0.03585767,0,1,1
220630402021,30,b1,0,1,120.0,36.842409553165,4,69.81999969482422,2,1,0,69.81999969482422,22063,0.03585767,0,1,1
220630403011,44,b1,0,1,263.0,32.2742343934712,5,206.82675796739417,1,2,1,206.82675796739417,22063,0.03585767,0,1,1
220630405001,23,b1,0,1,271.0,32.9720575572577,5,170.3000030517578,1,2,0,170.3000030517578,22063,0.03585767,0,1,1
220630408062,33,b1,0,1,239.0,35.1878987423731,4,108.70748555491916,2,1,1,108.70748555491916,22063,0.03585767,0,1,1
220630406003,24,b1,0,1,89.0,34.0910827093722,4,149.3000030517578,2,1,1,149.3000030517578,22063,0.03585767,0,1,1
220630406004,68,b1,0,1,253.0,34.3235214691712,4,150.74171515033976,2,2,0,150.74171515033976,22063,0.03585767,0,1,1
220630407002,12,b1,0,1,65.0,33.8829601151853,4,146.1617146178652,2,1,1,146.1617146178652,22063,0.03585767,0,1,1
220630402011,18,b1,0,1,174.0,35.6618070616029,4,116.6500015258789,2,1,2,116.6500015258789,22063,0.03585767,0,1,1
220630404022,55,b1,0,1,451.0,36.2121044030636,4,70.5,2,1,1,70.5,22063,0.03585767,0,1,1
220630404011,42,b1,0,1,305.0,35.2290389612901,4,138.8000030517578,2,1,1,138.8000030517578,22063,0.03585767,0,1,1
220630404023,30,b1,0,1,180.0,35.5208740443664,4,126.39571892421296,2,1,1,126.39571892421296,22063,0.03585767,0,1,1
220630408051,45,b1,0,1,202.0,35.9797185938851,4,104.5999984741211,2,1,1,104.5999984741211,22063,0.03585767,0,1,1
220630403041,41,b1,0,1,280.0,34.2392098291858,4,137.35000610351562,2,1,1,137.35000610351562,22063,0.03585767,0,1,1
220630402022,71,b1,0,1,366.0,35.307434400768,4,112.11249542236328,2,1,2,112.11249542236328,22063,0.03585767,0,1,1
220630409022,4,b1,0,1,105.0,39.4580496572777,3,135.14614868164062,2,1,2,135.14614868164062,22063,0.03585767,1,1,1
220630409024,32,b1,0,1,176.0,38.180745647287,3,153.98001098632812,2,2,1,153.98001098632812,22063,0.03585767,1,1,1
220890621001,23,b1,0,1,97.0,28.5440228679013,5,132.1049037164061,1,1,4,132.1049037164061,22089,0.19315147,1,1,1
220890623013,63,b1,0,1,217.0,28.0242949133728,5,132.40534272007392,1,1,4,132.40534272007392,22089,0.19315147,1,1,1
220630403012,29,b1,0,1,228.0,31.5016021428562,5,217.45001220703125,1,2,1,217.45001220703125,22063,0.03585767,0,1,1
220139701003,6,b1,0,1,45.0,29.0025019172143,3,100.8000030517578,1,1,1,100.8000030517578,22013,0.0,0,0,0
220139704001,12,b1,0,1,56.0,31.9897621557717,3,92.42499542236328,1,1,2,92.42499542236328,22013,0.0,0,0,0
221030412122,29,b1,0,1,132.0,29.5258413627527,5,101.55186422332676,1,1,2,101.55186422332676,22103,0.05873937,1,1,0
221159505006,18,b1,0,1,42.0,40.9318936944108,2,146.46330379099496,2,1,4,146.46330379099496,22115,19.00196373,0,0,0
220050301012,81,b1,0,1,375.0,37.8875518401583,4,86.5999984741211,2,1,1,86.5999984741211,22005,0.01186332,1,1,1
220050301032,46,b1,0,1,262.0,39.2992925487064,4,152.0,2,2,1,152.0,22005,0.01186332,1,1,1
220050302031,83,b1,0,1,563.0,35.5818888272607,4,61.79999923706055,2,1,0,61.79999923706055,22005,0.01186332,0,1,1
220050302032,50,b1,0,1,243.0,35.4659209741425,4,68.35495975028716,2,1,0,68.35495975028716,22005,0.01186332,0,1,1
220790110003,4,b1,0,1,49.0,32.3222960326429,3,234.32401352310256,1,2,1,234.32401352310256,22079,4.49269524,0,0,0
221030412102,25,b1,0,1,121.0,29.4832900545199,5,101.0767471710024,1,1,2,101.0767471710024,22103,0.05873937,1,1,0
221179502003,21,b1,0,1,98.0,35.1949295874832,3,90.5999984741211,2,1,1,90.5999984741211,22117,0.0022141099999999,0,0,0
221030412093,18,b1,0,1,77.0,29.4464323831,5,100.52131724564413,1,1,3,100.52131724564413,22103,0.05873937,1,1,0
220790113001,29,b1,0,1,189.0,31.0458275308039,3,231.2656968223113,1,2,1,231.2656968223113,22079,4.49269524,0,0,0
220790106001,16,b1,0,1,117.0,35.8722921703025,2,150.0238037109375,2,2,1,150.0238037109375,22079,4.49269524,0,0,0
220790107001,13,b1,0,1,161.0,32.2611469403894,3,218.3500061035156,1,2,1,218.3500061035156,22079,4.49269524,0,0,0
220790132001,33,b1,0,1,122.0,31.1142956337749,3,242.1000061035156,1,2,0,242.1000061035156,22079,4.49269524,0,0,0
220790136001,23,b1,0,1,95.0,39.5314476142821,3,325.58001708984375,2,2,1,325.58001708984375,22079,4.49269524,0,0,0
220790135005,4,b1,0,1,70.0,34.0091103311265,2,351.3249816894531,2,2,2,351.3249816894531,22079,4.49269524,0,0,0
220790115002,25,b1,0,1,161.0,31.8034804203151,3,236.1125470417003,1,2,1,236.1125470417003,22079,4.49269524,0,0,0
220790105004,8,b1,0,1,103.0,31.837893361757,3,222.3000030517578,1,2,1,222.3000030517578,22079,4.49269524,0,0,0
220790101004,8,b1,0,1,92.0,30.2389177068331,4,207.6333465576172,1,2,0,207.6333465576172,22079,4.49269524,0,0,0
220790135004,8,b1,0,1,44.0,34.124130834458,2,349.56762314529544,2,2,2,349.56762314529544,22079,4.49269524,0,0,0
220790104001,17,b1,0,1,156.0,31.3891592449343,3,216.3999938964844,1,2,1,216.3999938964844,22079,4.49269524,0,0,0
220139703001,8,b1,0,1,75.0,37.9516349363806,2,103.14286041259766,2,1,2,103.14286041259766,22013,0.0,0,0,0
220430201003,8,b1,0,1,69.0,36.8375299532597,2,141.27500915527344,2,1,2,141.27500915527344,22043,0.0,0,0,0
220430204022,36,b1,0,1,200.0,29.2986014316625,3,230.1499938964844,1,2,0,230.1499938964844,22043,0.0,0,0,0
220619608001,22,b1,0,1,131.0,27.444066679546,3,132.8000030517578,1,1,2,132.8000030517578,22061,0.0,0,0,0
220330042043,12,b1,0,1,56.0,31.1464688519715,4,206.5,1,2,0,206.5,22033,0.02202799,0,0,1
221030405021,17,b1,0,1,113.0,29.1879461732129,4,106.64009811790216,1,1,2,106.64009811790216,22103,0.05873937,0,1,0
221030413001,33,b1,0,1,208.0,29.4241169289564,5,101.81679029342506,1,1,3,101.81679029342506,22103,0.05873937,1,1,0
221030406022,8,b1,0,1,81.0,29.1011724563207,5,117.8000030517578,1,1,3,117.8000030517578,22103,0.05873937,0,1,0
220150111101,106,b1,0,1,432.0,30.5434461082729,2,42.599998474121094,1,1,0,42.599998474121094,22015,0.0,0,0,0
220150111091,75,b1,0,1,326.0,31.5954059449903,2,82.5,1,1,1,82.5,22015,0.0,0,0,0
220150111092,66,b1,0,1,326.0,32.1484614057748,2,70.56895406835223,1,1,1,70.56895406835223,22015,0.0,0,0,0
220150106014,40,b1,0,1,184.0,31.7599417707526,2,44.241064807048325,1,1,0,44.241064807048325,22015,0.0,0,0,0
220150111093,47,b1,0,1,311.0,32.9498831031472,2,65.19999694824219,1,1,0,65.19999694824219,22015,0.0,0,0,0
220150111064,33,b1,0,1,162.0,35.2021235537707,1,69.05000305175781,2,1,0,69.05000305175781,22015,0.0,0,0,0
220150110012,48,b1,0,1,268.0,33.9368594361929,1,81.1500015258789,2,1,1,81.1500015258789,22015,0.0,0,0,0
220150111034,34,b1,0,1,125.0,31.9182234073213,2,107.4000015258789,1,1,1,107.4000015258789,22015,0.0,0,0,0
220150111081,51,b1,0,1,161.0,31.8329408099301,2,39.400001525878906,1,1,0,39.400001525878906,22015,0.0,0,0,0
220150111084,96,b1,0,1,286.0,31.6756972808812,2,39.79999923706055,1,1,0,39.79999923706055,22015,0.0,0,0,0
220150111033,52,b1,0,1,252.0,32.4382079533906,2,90.85479903830344,1,1,1,90.85479903830344,22015,0.0,0,0,0
220150109002,8,b1,0,1,124.0,33.614347809759,1,61.2054576414811,2,1,0,61.2054576414811,22015,0.0,0,0,0
220150110023,15,b1,0,1,77.0,35.1305237760197,1,89.6142807006836,2,1,2,89.6142807006836,22015,0.0,0,0,0
220150110022,46,b1,0,1,339.0,33.61046213054,1,70.9000015258789,2,1,1,70.9000015258789,22015,0.0,0,0,0
221159507043,4,b1,0,1,23.0,37.2938565267747,2,161.25568182840118,2,2,2,161.25568182840118,22115,19.00196373,0,0,0
221159507042,12,b1,0,1,91.0,36.4338424959043,2,159.9078086916996,2,2,2,159.9078086916996,22115,19.00196373,0,0,0
221030407042,70,b1,0,1,222.0,30.6380001123141,4,156.5,1,2,4,156.5,22103,0.05873937,0,1,0
220330035072,8,b1,0,1,107.0,31.258954380646,4,164.93365402455984,1,2,0,164.93365402455984,22033,0.02202799,0,0,1
220330036012,13,b1,0,1,80.0,31.4916030639938,5,150.2793920154866,1,2,1,150.2793920154866,22033,0.02202799,0,0,1
221030406023,25,b1,0,1,164.0,29.051212938925,5,119.58387563777907,1,1,2,119.58387563777907,22103,0.05873937,0,1,0
221030403041,8,b1,0,1,112.0,29.2562918720314,5,109.57218042380823,1,1,3,109.57218042380823,22103,0.05873937,1,1,0
221030403042,8,b1,0,1,111.0,29.2682905370355,5,112.70393619920922,1,1,3,112.70393619920922,22103,0.05873937,1,1,0
221030413004,19,b1,0,1,135.0,29.5281994946517,5,105.26648101705008,1,1,2,105.26648101705008,22103,0.05873937,1,1,0
221030401022,27,b1,0,1,186.0,29.9642148916153,4,105.2199935913086,1,1,3,105.2199935913086,22103,0.05873937,0,1,0
221030407041,44,b1,0,1,176.0,30.6189677342,4,137.4499969482422,1,1,5,137.4499969482422,22103,0.05873937,0,1,0
221030401024,32,b1,0,1,101.0,31.8140955416297,4,134.3000030517578,1,1,5,134.3000030517578,22103,0.05873937,0,1,0
220510210002,9,b1,0,1,52.0,29.0672058079466,5,125.13814996188822,1,1,2,125.13814996188822,22051,0.05823747,1,1,1
220510250011,8,b1,0,1,86.0,30.3090112770935,5,89.13687417015043,1,1,3,89.13687417015043,22051,0.05823747,1,1,1
220330035071,13,b1,0,1,100.0,31.6015340165241,4,149.10546537814776,1,1,2,149.10546537814776,22033,0.02202799,0,0,1
220510230022,22,b1,0,1,101.0,29.4539590256106,5,101.21367238801206,1,1,2,101.21367238801206,22051,0.05823747,1,1,1
220510230023,24,b1,0,1,143.0,29.4499690759658,5,100.86696586127708,1,1,1,100.86696586127708,22051,0.05823747,1,1,1
220510218032,13,b1,0,1,73.0,29.5346236556211,5,102.49294279416009,1,1,3,102.49294279416009,22051,0.05823747,1,1,1
220510262001,12,b1,0,1,60.0,30.038980811941,5,88.4944662786101,1,1,4,88.4944662786101,22051,0.05823747,1,1,1
220510227003,12,b1,0,1,42.0,29.6366162705192,5,103.25488676093396,1,1,3,103.25488676093396,22051,0.05823747,1,1,1
220510207001,12,b1,0,1,124.0,28.913623518961,5,129.5,1,1,2,129.5,22051,0.05823747,1,1,1
220510202032,29,b1,0,1,204.0,29.5624304497989,5,97.9678102141774,1,1,3,97.9678102141774,22051,0.05823747,1,1,1
220510220022,4,b1,0,1,75.0,29.5628875883284,5,103.32699640880914,1,1,2,103.32699640880914,22051,0.05823747,1,1,1
221030406053,78,b1,0,1,570.0,29.1831107672891,5,114.28630254033392,1,1,3,114.28630254033392,22103,0.05873937,1,1,0
221030402013,16,b1,0,1,121.0,38.8317497887207,4,108.5500030517578,2,1,2,108.5500030517578,22103,0.05873937,0,1,0
221030403052,106,b1,0,1,689.0,30.6719270748827,5,135.3800048828125,1,1,3,135.3800048828125,22103,0.05873937,1,1,0
221030403031,39,b1,0,1,332.0,30.0297363897776,5,111.0999984741211,1,1,3,111.0999984741211,22103,0.05873937,1,1,0
221030403043,27,b1,0,1,209.0,31.2033080773193,5,116.5,1,1,3,116.5,22103,0.05873937,1,1,0
221030412041,26,b1,0,1,112.0,29.7183310578272,4,117.0999984741211,1,1,2,117.0999984741211,22103,0.05873937,1,1,0
221030412121,40,b1,0,1,271.0,29.6232982616862,5,111.9000015258789,1,1,3,111.9000015258789,22103,0.05873937,1,1,0
221030412081,44,b1,0,1,190.0,29.4206408445173,5,97.05948521007224,1,1,2,97.05948521007224,22103,0.05873937,1,1,0
221030411032,50,b1,0,1,289.0,30.50047618017,4,178.8000030517578,1,2,4,178.8000030517578,22103,0.05873937,1,1,0
221030408011,36,b1,0,1,301.0,30.6248194829168,4,224.510670460203,1,2,3,224.510670460203,22103,0.05873937,1,1,0
221030405011,37,b1,0,1,227.0,28.9933639520574,5,121.3000030517578,1,1,1,121.3000030517578,22103,0.05873937,0,1,0
220870301033,36,b1,0,1,82.0,32.9290459594346,5,113.87824182296364,1,1,3,113.87824182296364,22087,1.14608952,1,1,0
221030412021,22,b1,0,1,110.0,30.1241119616179,4,127.6750030517578,1,1,4,127.6750030517578,22103,0.05873937,1,1,0
221030412082,41,b1,0,1,279.0,29.3940018459514,5,101.1120778338089,1,1,2,101.1120778338089,22103,0.05873937,1,1,0
221030401042,40,b1,0,1,296.0,29.6174963842193,4,100.5625,1,1,2,100.5625,22103,0.05873937,0,1,0
221030412112,28,b1,0,1,178.0,29.5344713988585,5,115.3000030517578,1,1,2,115.3000030517578,22103,0.05873937,1,1,0
221030401025,24,b1,0,1,128.0,30.5020695072917,4,123.6999969482422,1,1,4,123.6999969482422,22103,0.05873937,0,1,0
221030402012,49,b1,0,1,185.0,36.915284422812,4,116.9250030517578,2,1,1,116.9250030517578,22103,0.05873937,0,1,0
221030411041,8,b1,0,1,99.0,30.342498122126,4,168.70001220703125,1,2,3,168.70001220703125,22103,0.05873937,1,1,0
221030402023,12,b1,0,1,56.0,29.0265268827661,4,119.0999984741211,1,1,2,119.0999984741211,22103,0.05873937,0,1,0
220870302045,16,b1,0,1,54.0,33.3531837292892,4,111.4625015258789,2,1,4,111.4625015258789,22087,1.14608952,1,1,0
221030412071,35,b1,0,1,207.0,29.3736251478636,5,106.5,1,1,3,106.5,22103,0.05873937,1,1,0
221030407082,39,b1,0,1,235.0,33.226284331184,3,271.8791809082031,2,2,3,271.8791809082031,22103,0.05873937,1,1,0
220979608003,29,b1,0,1,220.0,36.6510073008875,3,166.5500030517578,2,2,2,166.5500030517578,22097,1.46434272,0,0,0
220330046023,29,b1,0,1,185.0,30.5739431625433,4,221.0,1,2,0,221.0,22033,0.02202799,0,0,1
220330040053,4,b1,0,1,36.0,33.0246086508831,5,83.75624989431574,2,1,1,83.75624989431574,22033,0.02202799,0,0,1
220690009003,13,b1,0,1,217.0,31.6984595215832,4,133.6999969482422,1,1,3,133.6999969482422,22069,0.0,0,0,0
220190032001,80,b1,0,1,517.0,55.9945772937098,2,162.84375,2,2,2,162.84375,22019,32.47305225,1,1,0
220190036003,8,b1,0,1,90.0,54.2642807571248,3,263.9866638183594,2,2,0,263.9866638183594,22019,32.47305225,0,1,0
220510266002,32,b1,0,1,94.0,29.9152832974932,5,92.02439893346066,1,1,6,92.02439893346066,22051,0.05823747,1,1,1
220190017002,17,b1,0,1,121.0,45.1647246956534,2,261.3999938964844,2,2,3,261.3999938964844,22019,32.47305225,0,1,0
221030408012,12,b1,0,1,122.0,30.6217230822815,4,231.5,1,2,3,231.5,22103,0.05873937,1,1,0
221030406052,28,b1,0,1,176.0,29.1237378523093,5,116.4000015258789,1,1,1,116.4000015258789,22103,0.05873937,0,1,0
220399507002,8,b1,0,1,83.0,35.9412638446811,3,189.7250061035156,2,2,2,189.7250061035156,22039,4.6647587800000005,0,0,0
220979618003,12,b1,0,1,85.0,36.0749256132914,3,144.0,2,1,2,144.0,22097,1.46434272,0,0,1
220979617003,24,b1,0,1,172.0,36.408150201476,2,151.5,2,2,1,151.5,22097,1.46434272,0,0,1
220979603001,14,b1,0,1,75.0,35.2301991054312,1,129.53334045410156,2,1,3,129.53334045410156,22097,1.46434272,0,0,1
220979602003,4,b1,0,1,102.0,35.3859856926433,2,158.60000610351562,2,2,0,158.60000610351562,22097,1.46434272,0,0,0
220979604001,9,b1,0,1,116.0,35.8089464471968,1,146.5500030517578,2,1,1,146.5500030517578,22097,1.46434272,0,0,1
220979607001,12,b1,0,1,103.0,37.930411924395,3,169.8000030517578,2,2,1,169.8000030517578,22097,1.46434272,0,0,1
220979618001,20,b1,0,1,156.0,37.5260961264104,3,180.3999938964844,2,2,1,180.3999938964844,22097,1.46434272,0,0,1
220979618004,25,b1,0,1,204.0,37.4775839137268,2,155.8666534423828,2,2,2,155.8666534423828,22097,1.46434272,0,0,1
220979608001,16,b1,0,1,59.0,39.4382996452498,3,152.0,2,2,2,152.0,22097,1.46434272,0,0,0
220979612002,30,b1,0,1,243.0,36.0061308578229,3,141.0500030517578,2,1,2,141.0500030517578,22097,1.46434272,0,0,1
220690003004,4,b1,0,1,70.0,32.6138612128052,4,176.59091186523438,1,2,3,176.59091186523438,22069,0.0,0,0,0
220190017003,19,b1,0,1,115.0,46.4760706063139,2,258.4338599105638,2,2,1,258.4338599105638,22019,32.47305225,0,1,0
220190018015,39,b1,0,1,153.0,56.505178255071,3,202.1000061035156,2,2,2,202.1000061035156,22019,32.47305225,0,1,0
220190019041,17,b1,0,1,72.0,55.6599252372258,4,193.83666331862503,2,2,2,193.83666331862503,22019,32.47305225,0,1,0
220190022013,69,b1,0,1,416.0,57.1206067862137,2,270.03997802734375,2,2,1,270.03997802734375,22019,32.47305225,0,1,0
220190023001,60,b1,0,1,224.0,56.5043126798028,2,204.1937561035156,2,2,2,204.1937561035156,22019,32.47305225,0,1,0
220190019033,34,b1,0,1,164.0,57.2385627432672,3,222.4956329549739,2,2,2,222.4956329549739,22019,32.47305225,0,1,0
220190022011,35,b1,0,1,173.0,43.476293612658,3,300.05999755859375,2,2,0,300.05999755859375,22019,32.47305225,0,1,0
220190027003,20,b1,0,1,140.0,53.3227887133829,2,174.0,2,2,3,174.0,22019,32.47305225,0,1,0
220550008002,9,b1,0,1,38.0,35.9553312827393,3,163.80038425098746,2,2,1,163.80038425098746,22055,1.5760870500000002,0,0,1
220550016002,14,b1,0,1,65.0,36.9455282501444,3,154.70991787362036,2,2,2,154.70991787362036,22055,1.5760870500000002,0,0,1
220550021043,8,b1,0,1,111.0,35.9966254787237,2,168.14999389648438,2,2,2,168.14999389648438,22055,1.5760870500000002,0,0,1
220730052033,21,b1,0,1,133.0,22.9247962749933,1,103.29211750697074,1,1,2,103.29211750697074,22073,0.0,0,0,0
220190034001,8,b1,0,1,129.0,53.7296549643364,3,267.1000061035156,2,2,1,267.1000061035156,22019,32.47305225,1,1,0
220330040062,22,b1,0,1,154.0,33.0178021059074,5,73.9351072362818,2,1,1,73.9351072362818,22033,0.02202799,0,0,1
220330040063,6,b1,0,1,122.0,32.7559656105417,6,76.76277482943185,1,1,1,76.76277482943185,22033,0.02202799,0,0,1
220979615004,20,b1,0,1,186.0,36.7037905652228,2,169.5244802453094,2,2,1,169.5244802453094,22097,1.46434272,0,0,1
220979617004,35,b1,0,1,257.0,37.326466357971,2,166.85000610351562,2,2,1,166.85000610351562,22097,1.46434272,0,0,1
220730104001,23,b1,0,1,150.0,25.5232056830726,2,105.16666412353516,1,1,2,105.16666412353516,22073,0.0,0,0,0
220730004011,21,b1,0,1,156.0,20.3107394408563,0,118.8000030517578,1,1,1,118.8000030517578,22073,0.0,0,0,0
220730106031,43,b1,0,1,333.0,19.8518292792543,0,155.5500030517578,1,2,0,155.5500030517578,22073,0.0,0,0,0
220730052011,23,b1,0,1,106.0,25.3114184616194,2,98.41402610746998,1,1,2,98.41402610746998,22073,0.0,0,0,0
220730103023,23,b1,0,1,155.0,21.5666019852751,1,85.4000015258789,1,1,2,85.4000015258789,22073,0.0,0,0,0
220730105031,26,b1,0,1,141.0,27.6928172590313,2,112.44285583496094,1,1,2,112.44285583496094,22073,0.0,0,0,0
220730111001,23,b1,0,1,99.0,22.3313822370552,2,115.0999984741211,1,1,1,115.0999984741211,22073,0.0,0,0,0
220730110001,25,b1,0,1,146.0,22.1638596961068,2,126.0,1,1,1,126.0,22073,0.0,0,0,0
221259518004,16,b1,0,1,157.0,31.4824891690655,4,84.0,1,1,1,84.0,22125,0.32906933,0,0,1
221259518001,8,b1,0,1,81.0,31.9677212404497,4,93.3166732788086,1,1,1,93.3166732788086,22125,0.32906933,0,0,1
220750501002,18,b1,0,1,64.0,30.5958331421021,5,98.86666870117188,1,1,3,98.86666870117188,22075,1.49824733,1,1,1
220350002001,8,b1,0,1,60.0,20.8371759882809,0,158.3142852783203,1,2,1,158.3142852783203,22035,0.0108612,0,0,0
220050302062,32,b1,0,1,256.0,37.9075621889777,4,78.8934561401592,2,1,1,78.8934561401592,22005,0.01186332,0,1,1
221030409001,37,b1,0,1,288.0,30.6976626237264,4,231.49899723072284,1,2,3,231.49899723072284,22103,0.05873937,1,1,0
221030407063,16,b1,0,1,87.0,30.9198256400894,4,212.5,1,2,3,212.5,22103,0.05873937,0,1,0
221030411012,4,b1,0,1,51.0,30.3445466080341,4,149.74436644659025,1,1,5,149.74436644659025,22103,0.05873937,1,1,0
221030412043,20,b1,0,1,91.0,29.9689622290966,4,122.16359369028623,1,1,5,122.16359369028623,22103,0.05873937,1,1,0
221030411024,18,b1,0,1,122.0,30.3425821413698,4,183.6000061035156,1,2,3,183.6000061035156,22103,0.05873937,1,1,0
221030407052,60,b1,0,1,218.0,30.7353356239984,4,209.55086480754227,1,2,4,209.55086480754227,22103,0.05873937,0,1,0
220870306011,4,b1,0,1,73.0,30.6533570972853,5,86.84149607005763,1,1,3,86.84149607005763,22087,1.14608952,1,1,0
220750502001,75,b1,0,1,319.0,30.5163182638865,5,96.4000015258789,1,1,3,96.4000015258789,22075,1.49824733,1,1,1
220750503002,12,b1,0,1,100.0,30.3899533020448,5,100.47674938703906,1,1,3,100.47674938703906,22075,1.49824733,1,1,1
220150106013,35,b1,0,1,162.0,32.3904233156459,2,53.838468996981874,1,1,0,53.838468996981874,22015,0.0,0,0,0
220150111054,66,b1,0,1,370.0,34.1711733948137,1,84.6500015258789,2,1,1,84.6500015258789,22015,0.0,0,0,0
220150111072,4,b1,0,1,58.0,30.7623199775404,2,38.082730162066575,1,1,0,38.082730162066575,22015,0.0,0,0,0
221230003002,4,b1,0,1,57.0,20.3249491897328,0,168.82858276367188,1,2,0,168.82858276367188,22123,0.00828592,0,0,0
220950701002,10,b1,0,1,142.0,37.3930145177165,3,138.84999084472656,2,1,3,138.84999084472656,22095,0.2488945099999999,1,1,1
220950703004,33,b1,0,1,148.0,32.9521659689469,4,147.51170474677124,1,1,2,147.51170474677124,22095,0.2488945099999999,1,1,1
220950705003,35,b1,0,1,140.0,33.0031773371419,3,139.30332901128045,2,1,3,139.30332901128045,22095,0.2488945099999999,1,1,1
220950711001,15,b1,0,1,78.0,44.3147433060708,3,144.1750030517578,2,1,2,144.1750030517578,22095,0.2488945099999999,1,1,1
221119604003,13,b1,0,1,98.0,28.9439182567504,2,100.0,1,1,2,100.0,22111,0.0,0,0,0
220479529002,19,b1,0,1,151.0,34.345320137196,4,58.54444885253906,2,1,0,58.54444885253906,22047,0.33403865,0,1,1
220139705004,20,b1,0,1,80.0,27.3643594656769,3,147.38461303710938,1,1,3,147.38461303710938,22013,0.0,0,0,0
221030407013,59,b1,0,1,359.0,30.4300926766269,4,141.8000030517578,1,1,4,141.8000030517578,22103,0.05873937,0,1,0
220379515025,12,b1,0,1,61.0,29.5422077593194,4,203.4333343505859,1,2,0,203.4333343505859,22037,0.25808331,0,0,1
220550014043,13,b1,0,1,102.0,36.3246048172872,3,149.0701655005792,2,1,4,149.0701655005792,22055,1.5760870500000002,0,0,1
220170249003,4,b1,0,1,73.0,22.655571985033,2,43.400001525878906,1,1,0,43.400001525878906,22017,0.0,0,0,0
220170211003,8,b1,0,1,43.0,32.3248605929443,2,40.12335039450634,1,1,0,40.12335039450634,22017,0.0,0,0,0
220170254061,43,b1,0,1,293.0,29.6833822916652,2,61.95000076293945,1,1,0,61.95000076293945,22017,0.0,0,0,0
220710017471,8,b1,0,1,117.0,33.5107045583135,4,89.87750749454639,2,1,5,89.87750749454639,22071,0.06577263,1,1,0
220710017472,10,b1,0,1,138.0,33.9924642826728,4,94.5999984741211,2,1,5,94.5999984741211,22071,0.06577263,1,1,0
220710133012,8,b1,0,1,90.0,29.9491795769384,5,106.78137205144712,1,1,3,106.78137205144712,22071,0.06577263,1,1,1
220710134003,28,b1,0,1,1968.0,30.057157371619,5,143.02217847194618,1,1,4,143.02217847194618,22071,0.06577263,1,1,1
220090306004,8,b1,0,1,71.0,33.0741934242761,3,196.95999145507812,2,2,1,196.95999145507812,22009,1.52021072,0,0,0
220710006163,9,b1,0,1,94.0,30.5653369935389,5,88.39538799273966,1,1,3,88.39538799273966,22071,0.06577263,1,1,1
220319501003,57,b1,0,1,312.0,34.9822583314978,1,73.75999450683594,2,1,1,73.75999450683594,22031,0.0,0,0,0
220319507002,12,b1,0,1,64.0,38.3954022865904,3,135.60665893554688,2,1,1,135.60665893554688,22031,0.0,0,0,0
220050301031,41,b1,0,1,217.0,39.5990509772134,4,132.56666564941406,2,1,2,132.56666564941406,22005,0.01186332,1,1,1
220050301011,33,b1,0,1,240.0,36.6908894125536,4,98.5,2,1,1,98.5,22005,0.01186332,0,1,1
220050302052,18,b1,0,1,94.0,37.0256463732809,4,54.695726148618355,2,1,0,54.695726148618355,22005,0.01186332,0,1,1
220050305001,58,b1,0,1,248.0,37.2652394466745,3,158.91819763183594,2,2,1,158.91819763183594,22005,0.01186332,1,1,1
220150110013,29,b1,0,1,201.0,34.173712048564,1,65.30000305175781,2,1,0,65.30000305175781,22015,0.0,0,0,0
220150111083,94,b1,0,1,363.0,31.4243931035965,2,33.13333511352539,1,1,0,33.13333511352539,22015,0.0,0,0,0
220710122001,4,b1,0,1,49.0,29.8415644639938,5,146.00718426564865,1,1,4,146.00718426564865,22071,0.06577263,1,1,1
220150113001,4,b1,0,1,49.0,31.9098188900991,2,37.400001525878906,1,1,0,37.400001525878906,22015,0.0,0,0,0
220150113002,31,b1,0,1,486.0,32.052771601941,2,41.53111576903763,1,1,0,41.53111576903763,22015,0.0,0,0,0
220150111052,18,b1,0,1,152.0,32.8077270793013,2,100.3536081152259,1,1,1,100.3536081152259,22015,0.0,0,0,0
220150111082,209,b1,0,1,789.0,30.8280405600553,2,53.650001525878906,1,1,0,53.650001525878906,22015,0.0,0,0,0
220150112003,9,b1,0,1,85.0,29.2094361720777,2,64.5,1,1,0,64.5,22015,0.0,0,0,0
220150108042,30,b1,0,1,131.0,34.6762840647348,1,57.17283067019863,2,1,0,57.17283067019863,22015,0.0,0,0,0
220150108044,20,b1,0,1,129.0,34.5601058199314,1,51.7471083388137,2,1,0,51.7471083388137,22015,0.0,0,0,0
220150111032,69,b1,0,1,217.0,31.475320481095,2,46.55999755859375,1,1,0,46.55999755859375,22015,0.0,0,0,0
220150106011,15,b1,0,1,150.0,32.1264189329654,2,49.193765832427886,1,1,0,49.193765832427886,22015,0.0,0,0,0
220150106021,14,b1,0,1,146.0,31.8885188485382,2,44.97424149574296,1,1,0,44.97424149574296,22015,0.0,0,0,0
220150106022,32,b1,0,1,319.0,32.1882550828912,2,47.003052033323826,1,1,0,47.003052033323826,22015,0.0,0,0,0
220890621003,10,b1,0,1,120.0,28.4934619816377,5,125.47583148773664,1,1,4,125.47583148773664,22089,0.19315147,1,1,1
220890624001,12,b1,0,1,79.0,28.4356348240827,5,136.45999145507812,1,1,3,136.45999145507812,22089,0.19315147,1,1,1
220890632002,14,b1,0,1,65.0,31.0088477213492,4,167.19000244140625,1,2,2,167.19000244140625,22089,0.19315147,1,1,1
221230002002,12,b1,0,1,210.0,20.0851428752795,0,155.8000030517578,1,2,1,155.8000030517578,22123,0.00828592,0,0,0
221230002001,8,b1,0,1,195.0,20.3012488661002,0,175.90000915527344,1,2,1,175.90000915527344,22123,0.00828592,0,0,0
221230002003,4,b1,0,1,84.0,20.1186328456017,0,154.16000366210938,1,2,1,154.16000366210938,22123,0.00828592,0,0,0
221139508006,6,b1,0,1,43.0,39.5295390545585,3,152.11978179069413,2,2,2,152.11978179069413,22113,12.34417553,0,1,0
220790124001,32,b1,0,1,182.0,32.2989519587196,3,218.07527181927256,1,2,1,218.07527181927256,22079,4.49269524,0,0,0
221059542001,23,b1,0,1,155.0,36.9142367702211,3,110.30784171506126,2,1,1,110.30784171506126,22105,0.00826522,0,1,1
221010402001,17,b1,0,1,157.0,37.1400123301664,4,61.23683013706112,2,1,0,61.23683013706112,22101,0.68496657,1,1,1
220630406006,22,b1,0,1,151.0,34.7448215490345,4,133.31228400263933,2,1,1,133.31228400263933,22063,0.03585767,0,1,1
220239701002,38,b1,0,1,185.0,53.1894276253504,3,222.0531311035156,2,2,0,222.0531311035156,22023,89.29875362,1,1,0
221139504004,24,b1,0,1,116.0,35.5452818214321,3,129.82851451066983,2,1,4,129.82851451066983,22113,12.34417553,0,1,0
221139504005,8,b1,0,1,116.0,35.7498121521191,3,121.8000030517578,2,1,4,121.8000030517578,22113,12.34417553,0,1,0
221139506002,17,b1,0,1,105.0,38.8388287470313,3,131.62265512253526,2,1,4,131.62265512253526,22113,12.34417553,0,1,0
221139507002,4,b1,0,1,69.0,39.1057859489917,3,134.37667064611472,2,1,4,134.37667064611472,22113,12.34417553,0,1,0
221139507004,9,b1,0,1,78.0,39.0369145372329,3,142.89999389648438,2,1,4,142.89999389648438,22113,12.34417553,0,1,0
221010404004,8,b1,0,1,48.0,37.6464097473437,5,56.89735889740014,2,1,0,56.89735889740014,22101,0.68496657,1,1,1
221010402004,4,b1,0,1,96.0,38.1121643817258,4,59.29999923706055,2,1,0,59.29999923706055,22101,0.68496657,1,1,1
221010402003,4,b1,0,1,111.0,37.5897374040484,4,57.805888843015225,2,1,0,57.805888843015225,22101,0.68496657,1,1,1
221010405003,4,b1,0,1,75.0,37.3921495346091,5,56.900001525878906,2,1,0,56.900001525878906,22101,0.68496657,1,1,1
220450303021,8,b1,0,1,100.0,40.978614931995,3,141.8000030517578,2,1,4,141.8000030517578,22045,3.09661809,0,1,1
220550021021,26,b1,0,1,189.0,36.4417630035554,2,175.60000610351562,2,2,2,175.60000610351562,22055,1.5760870500000002,0,0,1
221010404005,8,b1,0,1,53.0,37.612996357835,5,58.31052985428326,2,1,0,58.31052985428326,22101,0.68496657,1,1,1
220790124003,32,b1,0,1,85.0,32.2333681651945,3,213.6843163273928,1,2,1,213.6843163273928,22079,4.49269524,0,0,0
220790126002,29,b1,0,1,222.0,32.318915017561,3,225.21958511471888,1,2,1,225.21958511471888,22079,4.49269524,0,0,0
221010406001,21,b1,0,1,118.0,38.37948048882,5,52.03326924336266,2,1,0,52.03326924336266,22101,0.68496657,1,1,1
221010406003,25,b1,0,1,173.0,37.8005775834502,5,62.5,2,1,0,62.5,22101,0.68496657,1,1,1
221010407001,12,b1,0,1,52.0,39.180621361951,5,59.764774606267714,2,1,0,59.764774606267714,22101,0.68496657,1,1,1
220630405003,9,b1,0,1,76.0,34.870634123603,4,136.58126182861673,2,1,1,136.58126182861673,22063,0.03585767,0,1,1
220479527004,16,b1,0,1,153.0,34.8090273013609,4,56.5333366394043,2,1,0,56.5333366394043,22047,0.33403865,0,1,1
221159507012,17,b1,0,1,149.0,36.2314277479191,2,128.1729290519692,2,1,3,128.1729290519692,22115,19.00196373,0,0,0
220710046002,4,b1,0,1,55.0,29.9622705452534,5,115.53187124617249,1,1,5,115.53187124617249,22071,0.06577263,1,1,1
220550010023,4,b1,0,1,48.0,35.5500561365808,3,168.3057632040781,2,2,3,168.3057632040781,22055,1.5760870500000002,0,0,1
220550010031,9,b1,0,1,101.0,36.1756147990985,3,169.85323795604995,2,2,2,169.85323795604995,22055,1.5760870500000002,0,0,1
220550010032,21,b1,0,1,98.0,35.8771571963427,3,165.10000610351562,2,2,3,165.10000610351562,22055,1.5760870500000002,0,0,1
220550010033,10,b1,0,1,65.0,35.827471638737,3,166.4491492402976,2,2,2,166.4491492402976,22055,1.5760870500000002,0,0,1
220550011001,8,b1,0,1,106.0,35.5396315620629,3,163.27670050797047,2,2,1,163.27670050797047,22055,1.5760870500000002,0,0,1
220550012001,21,b1,0,1,149.0,36.1554094288839,3,165.87826571528498,2,2,3,165.87826571528498,22055,1.5760870500000002,0,0,1
220550012002,16,b1,0,1,82.0,35.9640489304523,3,162.39999389648438,2,2,3,162.39999389648438,22055,1.5760870500000002,0,0,1
220550012003,11,b1,0,1,106.0,35.9159456561054,3,163.46196180804284,2,2,3,163.46196180804284,22055,1.5760870500000002,0,0,1
220550012004,14,b1,0,1,53.0,36.2956175143349,3,166.50552065539406,2,2,3,166.50552065539406,22055,1.5760870500000002,0,0,1
220550013003,8,b1,0,1,45.0,36.0696452269448,3,167.43936476499803,2,2,2,167.43936476499803,22055,1.5760870500000002,0,0,1
220550013004,23,b1,0,1,76.0,36.5233673289732,3,167.10000610351562,2,2,3,167.10000610351562,22055,1.5760870500000002,0,0,1
220550010012,21,b1,0,1,158.0,36.6469883700239,3,163.10000610351562,2,2,2,163.10000610351562,22055,1.5760870500000002,0,0,1
220550019032,12,b1,0,1,167.0,38.8898853825251,3,145.53854097107643,2,1,3,145.53854097107643,22055,1.5760870500000002,0,0,1
220550014091,71,b1,0,1,415.0,37.2341953172271,3,144.36571840199937,2,1,4,144.36571840199937,22055,1.5760870500000002,0,0,1
220550020024,4,b1,0,1,140.0,38.4826792862068,3,158.75349331518944,2,2,2,158.75349331518944,22055,1.5760870500000002,0,0,1
220550010021,10,b1,0,1,99.0,35.4578264279214,3,173.7700851994165,2,2,3,173.7700851994165,22055,1.5760870500000002,0,0,1
220550014042,20,b1,0,1,216.0,36.2013837072087,3,151.13298151681613,2,2,2,151.13298151681613,22055,1.5760870500000002,0,0,1
220550021041,18,b1,0,1,170.0,37.5167994616857,2,165.8000030517578,2,2,2,165.8000030517578,22055,1.5760870500000002,0,0,1
220550013001,4,b1,0,1,38.0,35.9617221187844,3,163.92690473350365,2,2,3,163.92690473350365,22055,1.5760870500000002,0,0,1
220550021042,36,b1,0,1,249.0,37.4140211591014,3,173.10139557299894,2,2,2,173.10139557299894,22055,1.5760870500000002,0,0,1
220550021031,8,b1,0,1,39.0,35.695351514431,3,170.9917888515082,2,2,2,170.9917888515082,22055,1.5760870500000002,0,0,1
220090304002,16,b1,0,1,110.0,31.6597835277174,3,129.60000610351562,1,1,2,129.60000610351562,22009,1.52021072,0,0,0
220870308002,8,b1,0,1,50.0,31.0136755341058,5,92.41299790200634,1,1,3,92.41299790200634,22087,1.14608952,1,1,0
221010414001,4,b1,0,1,55.0,32.6591635448145,5,83.85000610351562,1,1,1,83.85000610351562,22101,0.68496657,1,1,1
220090304003,8,b1,0,1,76.0,31.840528463266,3,132.02003490285185,1,1,2,132.02003490285185,22009,1.52021072,0,0,0
220090305005,13,b1,0,1,79.0,32.4487979026225,3,143.89999389648438,1,1,2,143.89999389648438,22009,1.52021072,0,0,0
220090303001,18,b1,0,1,141.0,32.4133450754335,4,173.7571563720703,1,2,1,173.7571563720703,22009,1.52021072,0,0,0
220090308001,18,b1,0,1,170.0,33.2046583853776,2,144.1800079345703,2,1,2,144.1800079345703,22009,1.52021072,0,0,1
220090302001,24,b1,0,1,187.0,32.0682384387191,4,147.68235778808594,1,1,2,147.68235778808594,22009,1.52021072,0,0,0
220090305003,8,b1,0,1,44.0,32.4476925955544,3,135.0,1,1,2,135.0,22009,1.52021072,0,0,0
220090304005,28,b1,0,1,106.0,31.3972031229315,3,131.3000030517578,1,1,2,131.3000030517578,22009,1.52021072,0,0,0
220710006071,4,b1,0,1,33.0,30.6338761088568,5,89.22244227496286,1,1,3,89.22244227496286,22071,0.06577263,1,1,1
221030407103,29,b1,0,1,159.0,30.8914580286155,4,238.0116801144116,1,2,3,238.0116801144116,22103,0.05873937,1,1,0
220330040111,4,b1,0,1,88.0,33.5240118975402,4,63.610542727936824,2,1,0,63.610542727936824,22033,0.02202799,0,0,1
221030407102,34,b1,0,1,127.0,30.8620985778042,4,236.68665207738607,1,2,3,236.68665207738607,22103,0.05873937,1,1,0
221030410023,21,b1,0,1,138.0,30.7398039691441,4,224.9468086727952,1,2,3,224.9468086727952,22103,0.05873937,1,1,0
221010414003,8,b1,0,1,53.0,32.4460176413683,5,87.16901874310558,1,1,2,87.16901874310558,22101,0.68496657,1,1,1
220870301032,30,b1,0,1,113.0,33.4186015040318,4,115.83103811509837,2,1,3,115.83103811509837,22087,1.14608952,1,1,0
220870301034,21,b1,0,1,83.0,33.3686806349716,4,110.9000015258789,2,1,3,110.9000015258789,22087,1.14608952,1,1,0
220870302031,4,b1,0,1,41.0,30.9325922314626,5,98.37891007636516,1,1,3,98.37891007636516,22087,1.14608952,1,1,0
220330042041,12,b1,0,1,34.0,30.910483760775,4,209.8065584995545,1,2,0,209.8065584995545,22033,0.02202799,0,0,1
221030409002,12,b1,0,1,79.0,30.6295636369633,4,219.96657522444423,1,2,3,219.96657522444423,22103,0.05873937,1,1,0
220630407001,8,b1,0,1,63.0,33.6678457453294,4,156.61435969855862,2,2,0,156.61435969855862,22063,0.03585767,0,1,1
220330042052,8,b1,0,1,72.0,31.5994143709209,4,193.3592276692123,1,2,0,193.3592276692123,22033,0.02202799,0,0,1
220330043022,17,b1,0,1,107.0,30.5488244884859,4,191.8000030517578,1,2,1,191.8000030517578,22033,0.02202799,0,0,1
220330043023,16,b1,0,1,166.0,30.0374620901356,4,197.1000061035156,1,2,1,197.1000061035156,22033,0.02202799,0,0,1
220330045033,21,b1,0,1,97.0,32.6087802829536,5,142.74424153385138,1,1,1,142.74424153385138,22033,0.02202799,0,0,1
220330045034,8,b1,0,1,59.0,32.5531100119837,5,143.38073095511203,1,1,1,143.38073095511203,22033,0.02202799,0,0,1
220330045042,13,b1,0,1,88.0,33.0606448898781,4,130.08746058972318,2,1,1,130.08746058972318,22033,0.02202799,0,0,1
220330045043,6,b1,0,1,96.0,33.2023565602372,4,128.21313305138193,2,1,1,128.21313305138193,22033,0.02202799,0,0,1
220330045053,14,b1,0,1,137.0,33.4783605602546,4,122.40880732834472,2,1,1,122.40880732834472,22033,0.02202799,0,0,1
220330045052,19,b1,0,1,231.0,34.2663094001932,4,104.8000030517578,2,1,1,104.8000030517578,22033,0.02202799,0,0,1
220330045071,4,b1,0,1,64.0,34.2321953485984,4,101.67280746239229,2,1,1,101.67280746239229,22033,0.02202799,0,0,1
220330045072,39,b1,0,1,177.0,34.3748103450505,4,94.38654279269444,2,1,1,94.38654279269444,22033,0.02202799,0,0,1
220450316001,12,b1,0,1,87.0,34.4715295257681,4,101.1999969482422,2,1,2,101.1999969482422,22045,3.09661809,1,1,1
220330046022,23,b1,0,1,116.0,30.2620882902156,4,234.5,1,2,0,234.5,22033,0.02202799,0,0,1
221030407043,12,b1,0,1,85.0,30.6353760100567,4,158.89999389648438,1,2,4,158.89999389648438,22103,0.05873937,0,1,0
221030407053,40,b1,0,1,152.0,30.7555972155076,4,219.8999938964844,1,2,4,219.8999938964844,22103,0.05873937,0,1,0
220330046041,12,b1,0,1,90.0,30.4701201408897,4,197.31456456416137,1,2,0,197.31456456416137,22033,0.02202799,0,0,1
220510205141,29,b1,0,1,106.0,29.2401295101357,5,109.0081386614846,1,1,2,109.0081386614846,22051,0.05823747,1,1,1
220510205143,34,b1,0,1,95.0,29.2259967316141,5,112.37655796745692,1,1,2,112.37655796745692,22051,0.05823747,1,1,1
220510206001,9,b1,0,1,74.0,28.9923975030807,5,133.07306047917777,1,1,3,133.07306047917777,22051,0.05823747,1,1,1
220510210001,27,b1,0,1,45.0,29.1208843712292,5,122.83247109634094,1,1,2,122.83247109634094,22051,0.05823747,1,1,1
220510249001,16,b1,0,1,274.0,29.6844616207062,5,103.20572365079232,1,1,4,103.20572365079232,22051,0.05823747,1,1,1
220510250012,25,b1,0,1,92.0,30.2973797514974,5,91.11744460463407,1,1,3,91.11744460463407,22051,0.05823747,1,1,1
220510276013,8,b1,0,1,50.0,29.2447486910717,5,105.3000030517578,1,1,4,105.3000030517578,22051,0.05823747,1,1,1
220510276014,10,b1,0,1,98.0,29.0584368130569,5,114.5,1,1,3,114.5,22051,0.05823747,1,1,1
220510276023,9,b1,0,1,83.0,29.5623070001957,5,104.13592080689352,1,1,5,104.13592080689352,22051,0.05823747,1,1,1
221059536002,9,b1,0,1,72.0,38.0951456188787,3,137.5,2,1,2,137.5,22105,0.00826522,0,1,0
221059538001,20,b1,0,1,122.0,36.7315724333378,3,134.39999389648438,2,1,1,134.39999389648438,22105,0.00826522,0,1,1
221059538003,12,b1,0,1,104.0,36.8907943658689,3,234.5333251953125,2,2,0,234.5333251953125,22105,0.00826522,0,1,1
220330049003,19,b1,0,1,141.0,33.3431700720252,4,64.73033759167964,2,1,0,64.73033759167964,22033,0.02202799,0,0,1
220330049004,8,b1,0,1,53.0,33.4081717171474,4,65.68828205782972,2,1,0,65.68828205782972,22033,0.02202799,0,0,1
220330050001,9,b1,0,1,74.0,33.2134563127825,4,72.5999984741211,2,1,2,72.5999984741211,22033,0.02202799,0,0,1
220450303022,28,b1,0,1,218.0,40.73772386563,3,146.10000610351562,2,1,4,146.10000610351562,22045,3.09661809,0,1,1
220239702011,12,b1,0,1,154.0,52.6690655123561,3,168.99258422851562,2,2,1,168.99258422851562,22023,89.29875362,1,1,0
220239701005,31,b1,0,1,135.0,53.6214492813029,3,161.5625,2,2,0,161.5625,22023,89.29875362,1,1,0
220330040093,6,b1,0,1,112.0,33.3854918067988,4,84.5999984741211,2,1,1,84.5999984741211,22033,0.02202799,0,0,1
220330040091,20,b1,0,1,135.0,34.727989891784,4,80.07901845108368,2,1,1,80.07901845108368,22033,0.02202799,0,0,1
220330040102,13,b1,0,1,96.0,33.1278965807501,5,77.53969700538644,2,1,1,77.53969700538644,22033,0.02202799,0,0,1
220050303001,88,b1,0,1,518.0,37.7223913965751,3,80.75999450683594,2,1,1,80.75999450683594,22005,0.01186332,1,1,1
220050309002,12,b1,0,1,46.0,38.4084551777161,3,43.34285736083984,2,1,0,43.34285736083984,22005,0.01186332,1,1,1
220419502001,29,b1,0,1,187.0,22.8526427908788,1,176.1555633544922,1,2,0,176.1555633544922,22041,0.00585853,0,0,0
220419504002,29,b1,0,1,140.0,23.9491270213334,2,145.55833435058594,1,1,1,145.55833435058594,22041,0.00585853,0,0,0
220330042012,12,b1,0,1,38.0,31.7812083739474,4,191.1092592379509,1,2,0,191.1092592379509,22033,0.02202799,0,0,1
220330042016,8,b1,0,1,29.0,32.0083158457654,4,179.43689688473856,1,2,0,179.43689688473856,22033,0.02202799,0,0,1
221030407092,57,b1,0,1,280.0,30.8193393300353,4,223.69007336140183,1,2,3,223.69007336140183,22103,0.05873937,1,1,0
220710006021,4,b1,0,1,33.0,30.2538911472056,5,89.31337647471558,1,1,5,89.31337647471558,22071,0.06577263,1,1,1
220330044031,25,b1,0,1,208.0,32.3717627620307,5,165.53522639125543,1,2,0,165.53522639125543,22033,0.02202799,0,0,1
220330044034,18,b1,0,1,84.0,31.6590087288383,4,161.0,1,2,0,161.0,22033,0.02202799,0,0,1
221030407064,26,b1,0,1,73.0,30.8354657944683,4,220.19052057184712,1,2,3,220.19052057184712,22103,0.05873937,0,1,0
220330045032,10,b1,0,1,72.0,32.948839245875,5,132.4007521880496,1,1,1,132.4007521880496,22033,0.02202799,0,0,1
220330045073,52,b1,0,1,158.0,34.4446738168863,4,91.5999984741211,2,1,1,91.5999984741211,22033,0.02202799,0,0,1
220330045082,4,b1,0,1,77.0,34.7642873426331,4,93.78581436241667,2,1,1,93.78581436241667,22033,0.02202799,0,0,1
220330045083,8,b1,0,1,160.0,34.9328330995842,4,91.22712402887528,2,1,1,91.22712402887528,22033,0.02202799,0,0,1
220330046021,34,b1,0,1,130.0,29.641255295248,4,238.8666534423828,1,2,0,238.8666534423828,22033,0.02202799,0,0,1
220450304002,14,b1,0,1,96.0,39.2576063211659,4,179.10000610351562,2,2,2,179.10000610351562,22045,3.09661809,0,1,1
220450305003,10,b1,0,1,101.0,37.1598509346673,5,109.4467672001238,2,1,3,109.4467672001238,22045,3.09661809,0,1,1
220450306002,8,b1,0,1,135.0,35.8103305569584,5,108.86168828924934,2,1,3,108.86168828924934,22045,3.09661809,0,1,1
220450306004,27,b1,0,1,156.0,35.8018509825171,5,108.17207630378074,2,1,3,108.17207630378074,22045,3.09661809,0,1,1
220450307001,23,b1,0,1,137.0,36.5680962589614,5,108.52681891988568,2,1,3,108.52681891988568,22045,3.09661809,0,1,1
220450307002,4,b1,0,1,77.0,36.3004314078862,5,108.99336797574418,2,1,3,108.99336797574418,22045,3.09661809,0,1,1
220790135002,16,b1,0,1,91.0,33.3456659513461,3,383.3285827636719,2,2,2,383.3285827636719,22079,4.49269524,0,0,0
220450313003,15,b1,0,1,115.0,35.0938148521309,5,112.0,2,1,3,112.0,22045,3.09661809,1,1,1
221030410033,19,b1,0,1,90.0,30.7743723624221,4,222.50320098946915,1,2,3,222.50320098946915,22103,0.05873937,1,1,0
220330049001,4,b1,0,1,51.0,33.4484298293836,4,62.831012591359546,2,1,0,62.831012591359546,22033,0.02202799,0,0,1
221030411042,13,b1,0,1,122.0,30.5045436984444,4,201.85959031873656,1,2,3,201.85959031873656,22103,0.05873937,1,1,0
220450306001,27,b1,0,1,143.0,36.0446695259169,5,112.0999984741211,2,1,2,112.0999984741211,22045,3.09661809,0,1,1
220450306003,22,b1,0,1,165.0,35.1651023139869,4,101.8726989257372,2,1,3,101.8726989257372,22045,3.09661809,0,1,1
221159507041,9,b1,0,1,63.0,36.4868226733603,2,154.5686652559438,2,2,2,154.5686652559438,22115,19.00196373,0,0,0
220450311003,7,b1,0,1,159.0,36.387126958252,5,110.24407079407578,2,1,3,110.24407079407578,22045,3.09661809,0,1,1
220450312001,22,b1,0,1,125.0,37.1856661793597,5,116.573129718773,2,1,3,116.573129718773,22045,3.09661809,0,1,1
220790106003,20,b1,0,1,162.0,37.6139277485109,3,285.7545471191406,2,2,1,285.7545471191406,22079,4.49269524,0,0,0
220790101001,16,b1,0,1,181.0,29.6086797630519,4,221.25,1,2,0,221.25,22079,4.49269524,0,0,0
220790103001,33,b1,0,1,164.0,30.6680964138877,3,217.3000030517578,1,2,0,217.3000030517578,22079,4.49269524,0,0,0
220790134001,27,b1,0,1,159.0,32.6019393376807,4,280.71002197265625,1,2,1,280.71002197265625,22079,4.49269524,0,0,0
220790115003,39,b1,0,1,271.0,30.2176004932883,3,241.6000061035156,1,2,1,241.6000061035156,22079,4.49269524,0,0,0
220790101005,19,b1,0,1,113.0,31.8050024812555,4,170.3000030517578,1,2,0,170.3000030517578,22079,4.49269524,0,0,0
220790103004,19,b1,0,1,101.0,30.6597537384635,3,219.20663078134788,1,2,1,219.20663078134788,22079,4.49269524,0,0,0
220790107003,25,b1,0,1,139.0,35.6941547150817,3,240.46665954589844,2,2,2,240.46665954589844,22079,4.49269524,0,0,0
220790105002,14,b1,0,1,95.0,36.0031920072448,3,199.25,2,2,1,199.25,22079,4.49269524,0,0,0
220479532003,11,b1,0,1,126.0,35.0280976798111,3,44.5,2,1,0,44.5,22047,0.33403865,0,1,1
220479532001,8,b1,0,1,68.0,35.0152447446901,4,56.97999954223633,2,1,0,56.97999954223633,22047,0.33403865,0,1,1
220479526002,9,b1,0,1,82.0,34.9767696229572,3,54.900001525878906,2,1,0,54.900001525878906,22047,0.33403865,0,1,1
220550014101,110,b1,0,1,616.0,36.6473685201645,3,171.5,2,2,3,171.5,22055,1.5760870500000002,0,0,1
220790139001,34,b1,0,1,173.0,32.2339420904067,3,243.69502207795736,1,2,1,243.69502207795736,22079,4.49269524,0,0,0
220479531011,17,b1,0,1,116.0,34.918487097914,4,59.86325094827653,2,1,0,59.86325094827653,22047,0.33403865,0,1,1
220479531012,22,b1,0,1,160.0,34.8403929658936,4,58.80021327911662,2,1,0,58.80021327911662,22047,0.33403865,0,1,1
220710006161,8,b1,0,1,40.0,30.6465454885905,5,89.81488393181488,1,1,3,89.81488393181488,22071,0.06577263,1,1,1
220330043013,30,b1,0,1,241.0,30.4653789696943,5,177.89999389648438,1,2,0,177.89999389648438,22033,0.02202799,0,0,1
220790138002,20,b1,0,1,128.0,32.2122772007648,3,222.3206736816223,1,2,1,222.3206736816223,22079,4.49269524,0,0,0
220330045031,12,b1,0,1,79.0,32.9513405174918,4,143.63499760471953,1,1,1,143.63499760471953,22033,0.02202799,0,0,1
220330047004,16,b1,0,1,83.0,29.6196100672352,4,211.95001220703125,1,2,1,211.95001220703125,22033,0.02202799,0,0,1
220330045101,38,b1,0,1,243.0,35.6873266673649,4,75.69999694824219,2,1,1,75.69999694824219,22033,0.02202799,0,0,1
220510230033,26,b1,0,1,77.0,29.386624324365,5,102.08936461454144,1,1,1,102.08936461454144,22051,0.05823747,1,1,1
220550014103,61,b1,0,1,277.0,37.1750419047929,3,146.43499337015206,2,1,4,146.43499337015206,22055,1.5760870500000002,0,0,1
220550018011,8,b1,0,1,147.0,37.7879179006534,3,145.44892622955138,2,1,3,145.44892622955138,22055,1.5760870500000002,0,0,1
220550008003,20,b1,0,1,52.0,35.8787457829803,3,163.21272559250605,2,2,2,163.21272559250605,22055,1.5760870500000002,0,0,1
221210201002,8,b1,0,1,65.0,33.5390960148283,4,79.58586126791263,2,1,1,79.58586126791263,22121,0.36837128,0,0,1
221210203001,16,b1,0,1,154.0,35.1072196138086,4,60.21818542480469,2,1,0,60.21818542480469,22121,0.36837128,0,0,1
220550002001,14,b1,0,1,92.0,35.872422433656,3,166.36531069676045,2,2,2,166.36531069676045,22055,1.5760870500000002,0,0,1
220550022001,16,b1,0,1,157.0,36.1091986581671,3,164.38857742787727,2,2,2,164.38857742787727,22055,1.5760870500000002,0,0,1
220550006031,9,b1,0,1,52.0,37.3760870059383,3,167.9455013136035,2,2,2,167.9455013136035,22055,1.5760870500000002,0,0,1
220730108002,8,b1,0,1,69.0,22.9805551715123,1,120.3000030517578,1,1,2,120.3000030517578,22073,0.0,0,0,0
220550010022,16,b1,0,1,91.0,35.4986537524523,3,172.729101337257,2,2,3,172.729101337257,22055,1.5760870500000002,0,0,1
220550022003,8,b1,0,1,129.0,35.7073384523154,3,164.26804182154024,2,2,2,164.26804182154024,22055,1.5760870500000002,0,0,1
220550011002,22,b1,0,1,112.0,35.6442330189898,3,163.20321625077915,2,2,2,163.20321625077915,22055,1.5760870500000002,0,0,1
220550006044,8,b1,0,1,107.0,37.1423808365057,3,164.72758517258384,2,2,2,164.72758517258384,22055,1.5760870500000002,0,0,1
220550006043,12,b1,0,1,128.0,37.7639074363005,3,160.2792342975742,2,2,2,160.2792342975742,22055,1.5760870500000002,0,0,1
220550014112,13,b1,0,1,116.0,37.0244408973248,3,153.39999389648438,2,2,2,153.39999389648438,22055,1.5760870500000002,0,0,1
220550011004,14,b1,0,1,70.0,35.6558849843176,3,162.88501172398503,2,2,2,162.88501172398503,22055,1.5760870500000002,0,0,1
220599702003,17,b1,0,1,139.0,26.2359150252887,3,198.8500061035156,1,2,0,198.8500061035156,22059,0.0,0,0,0
220599703005,4,b1,0,1,77.0,29.5010549131718,4,205.51998901367188,1,2,0,205.51998901367188,22059,0.0,0,0,0
220979611001,16,b1,0,1,99.0,36.6990534749436,2,160.59487053932315,2,2,1,160.59487053932315,22097,1.46434272,0,0,0
220979611002,4,b1,0,1,48.0,36.4340407802809,3,158.23994424067237,2,2,1,158.23994424067237,22097,1.46434272,0,0,0
220979611003,16,b1,0,1,75.0,36.4538399201697,3,161.45265722032676,2,2,1,161.45265722032676,22097,1.46434272,0,0,0
220979616001,4,b1,0,1,22.0,36.3990261619591,2,170.57025321684452,2,2,1,170.57025321684452,22097,1.46434272,0,0,1
220979617005,27,b1,0,1,119.0,35.5759516813994,2,157.39999389648438,2,2,1,157.39999389648438,22097,1.46434272,0,0,1
220979619002,8,b1,0,1,63.0,36.4879848569131,2,150.0479880515563,2,2,1,150.0479880515563,22097,1.46434272,0,0,1
220510211003,11,b1,0,1,32.0,29.1471729976504,5,122.75185240069816,1,1,2,122.75185240069816,22051,0.05823747,1,1,1
220510279021,82,b1,0,1,318.0,37.6149524377436,4,91.88780212402344,2,1,3,91.88780212402344,22051,0.05823747,1,1,1
220510205083,17,b1,0,1,136.0,28.9212915013581,5,140.8264201523686,1,1,3,140.8264201523686,22051,0.05823747,1,1,1
220510203023,4,b1,0,1,69.0,29.407057740626,5,96.80311908247884,1,1,3,96.80311908247884,22051,0.05823747,1,1,1
220510272001,26,b1,0,1,96.0,29.6783242633472,5,96.361421966065,1,1,5,96.361421966065,22051,0.05823747,1,1,1
220510250033,14,b1,0,1,70.0,30.2713959913222,5,91.56055244619048,1,1,3,91.56055244619048,22051,0.05823747,1,1,1
220510278101,6,b1,0,1,78.0,29.9590645625092,5,87.88889868240224,1,1,4,87.88889868240224,22051,0.05823747,1,1,1
221010410001,12,b1,0,1,52.0,31.7225316366611,5,78.79130554199219,1,1,1,78.79130554199219,22101,0.68496657,1,1,1
221010406002,4,b1,0,1,79.0,38.3025694164362,5,52.72766247014087,2,1,0,52.72766247014087,22101,0.68496657,1,1,1
221010404002,16,b1,0,1,58.0,37.9025470206774,5,56.45958227165136,2,1,0,56.45958227165136,22101,0.68496657,1,1,1
220599701001,21,b1,0,1,227.0,26.3802008911866,3,172.7166748046875,1,2,0,172.7166748046875,22059,0.0,0,0,0
221179508002,4,b1,0,1,63.0,29.837179503985,4,111.27049798629268,1,1,4,111.27049798629268,22117,0.0022141099999999,0,0,0
220599702002,12,b1,0,1,68.0,26.4562701916196,3,195.99397252320333,1,2,0,195.99397252320333,22059,0.0,0,0,0
220599702006,8,b1,0,1,65.0,27.7931906651754,3,190.1000061035156,1,2,0,190.1000061035156,22059,0.0,0,0,0
220599701003,12,b1,0,1,55.0,27.9592074266957,3,198.38182067871097,1,2,0,198.38182067871097,22059,0.0,0,0,0
220599702001,14,b1,0,1,126.0,26.603762864561,3,201.9499969482422,1,2,0,201.9499969482422,22059,0.0,0,0,0
220599703004,8,b1,0,1,71.0,26.6697774870184,3,199.6800079345703,1,2,0,199.6800079345703,22059,0.0,0,0,0
220599703001,4,b1,0,1,71.0,29.2809506402626,3,201.9499969482422,1,2,0,201.9499969482422,22059,0.0,0,0,0
220979606002,8,b1,0,1,75.0,36.0635749611208,2,153.1666717529297,2,2,1,153.1666717529297,22097,1.46434272,0,0,1
220979612001,9,b1,0,1,74.0,35.8170040245412,3,151.0,2,2,1,151.0,22097,1.46434272,0,0,1
220979605002,46,b1,0,1,187.0,35.1296062022081,2,167.5600128173828,2,2,2,167.5600128173828,22097,1.46434272,0,0,1
220979607002,6,b1,0,1,96.0,36.6740076391995,3,150.5,2,2,1,150.5,22097,1.46434272,0,0,1
220979618002,12,b1,0,1,110.0,38.3587311542684,3,195.4333343505859,2,2,1,195.4333343505859,22097,1.46434272,0,0,1
220979619001,8,b1,0,1,96.0,37.0871771013235,2,155.39999389648438,2,2,1,155.39999389648438,22097,1.46434272,0,0,1
220979602002,4,b1,0,1,59.0,35.0062660085214,2,157.03750610351562,2,2,1,157.03750610351562,22097,1.46434272,0,0,1
220979602004,7,b1,0,1,71.0,36.6726003983178,2,157.0,2,2,1,157.0,22097,1.46434272,0,0,1
220979612003,4,b1,0,1,47.0,35.8593088747843,3,157.0,2,2,0,157.0,22097,1.46434272,0,0,1
220979613003,12,b1,0,1,100.0,36.5149260106514,2,172.2243533194055,2,2,1,172.2243533194055,22097,1.46434272,0,0,1
220979614001,11,b1,0,1,107.0,37.0145342131394,2,164.72633375880244,2,2,1,164.72633375880244,22097,1.46434272,0,0,1
220450316003,4,b1,0,1,65.0,33.9213563208293,4,103.86711883544922,2,1,3,103.86711883544922,22045,3.09661809,1,1,1
220450303023,32,b1,0,1,192.0,40.5260920764109,4,203.7833251953125,2,2,2,203.7833251953125,22045,3.09661809,1,1,1
220450302001,17,b1,0,1,119.0,35.5970738721734,4,103.33333587646484,2,1,3,103.33333587646484,22045,3.09661809,0,1,1
220450313002,26,b1,0,1,165.0,36.0643195384958,4,103.5,2,1,3,103.5,22045,3.09661809,1,1,1
220450313001,32,b1,0,1,246.0,35.557731141316,5,109.70000457763672,2,1,3,109.70000457763672,22045,3.09661809,0,1,1
220450302003,25,b1,0,1,144.0,33.4274555329101,4,83.86666870117188,2,1,2,83.86666870117188,22045,3.09661809,0,1,1
220819601004,25,b1,0,1,87.0,35.8725702460414,2,126.4124984741211,2,1,2,126.4124984741211,22081,0.0,0,0,0
220819601001,16,b1,0,1,90.0,28.0460915315362,4,214.2571563720703,1,2,3,214.2571563720703,22081,0.0,0,0,0
220510225001,12,b1,0,1,68.0,29.6901100105545,5,103.23397883778492,1,1,4,103.23397883778492,22051,0.05823747,1,1,1
220510266001,4,b1,0,1,45.0,29.9135031192169,5,91.33424671920872,1,1,6,91.33424671920872,22051,0.05823747,1,1,1
220979607003,8,b1,0,1,39.0,36.0353357903252,3,154.32638346242626,2,2,1,154.32638346242626,22097,1.46434272,0,0,1
220730002001,8,b1,0,1,76.0,23.0209898408016,1,113.47984439802566,1,1,2,113.47984439802566,22073,0.0,0,0,0
220750502002,25,b1,0,1,127.0,30.3051546649947,5,93.9000015258789,1,1,3,93.9000015258789,22075,1.49824733,1,1,1
220979619003,4,b1,0,1,94.0,36.602136640014,2,151.99598742432866,2,2,1,151.99598742432866,22097,1.46434272,0,0,1
220979607004,26,b1,0,1,119.0,35.1808185436676,3,158.61666870117188,2,2,0,158.61666870117188,22097,1.46434272,0,0,1
220979617002,15,b1,0,1,85.0,37.2186050899338,2,166.85000610351562,2,2,1,166.85000610351562,22097,1.46434272,0,0,1
220510202033,30,b1,0,1,91.0,29.5263463256462,5,99.6636807209288,1,1,3,99.6636807209288,22051,0.05823747,1,1,1
220510270001,4,b1,0,1,89.0,29.7421846754033,5,91.60753564511624,1,1,5,91.60753564511624,22051,0.05823747,1,1,1
220510202031,4,b1,0,1,76.0,29.5781078258748,5,100.07853499753634,1,1,3,100.07853499753634,22051,0.05823747,1,1,1
220510205133,14,b1,0,1,75.0,29.1761411440495,5,114.5374546330815,1,1,2,114.5374546330815,22051,0.05823747,1,1,1
220510202034,14,b1,0,1,85.0,29.5548150617719,5,99.94452555826004,1,1,3,99.94452555826004,22051,0.05823747,1,1,1
220510217002,8,b1,0,1,55.0,29.4280982256682,5,97.97169231124867,1,1,3,97.97169231124867,22051,0.05823747,1,1,1
220510231002,20,b1,0,1,101.0,29.4373829820194,5,104.6479400925648,1,1,2,104.6479400925648,22051,0.05823747,1,1,1
220819603003,16,b1,0,1,90.0,41.3555027316092,3,154.10000610351562,2,2,1,154.10000610351562,22081,0.0,0,0,0
220819601003,47,b1,0,1,124.0,33.4336494416951,3,161.33636474609375,2,2,1,161.33636474609375,22081,0.0,0,0,0
220510235001,45,b1,0,1,108.0,29.2119122309935,5,110.02842310157342,1,1,2,110.02842310157342,22051,0.05823747,1,1,1
220510278113,14,b1,0,1,52.0,29.9955435564777,5,88.77533748286649,1,1,3,88.77533748286649,22051,0.05823747,1,1,1
220510213002,10,b1,0,1,51.0,29.2007307831863,5,117.43005618271846,1,1,2,117.43005618271846,22051,0.05823747,1,1,1
220510272004,18,b1,0,1,51.0,29.6403116504066,5,108.78665528047864,1,1,5,108.78665528047864,22051,0.05823747,1,1,1
220510205063,17,b1,0,1,103.0,29.1814400989229,5,117.21286772560182,1,1,2,117.21286772560182,22051,0.05823747,1,1,1
220510205134,20,b1,0,1,57.0,29.1936596506957,5,114.8720672447317,1,1,2,114.8720672447317,22051,0.05823747,1,1,1
220979603002,14,b1,0,1,97.0,34.8656484357053,2,131.8000030517578,2,1,3,131.8000030517578,22097,1.46434272,0,0,1
220979603003,8,b1,0,1,65.0,35.0447939751072,1,128.89264839404305,2,1,3,128.89264839404305,22097,1.46434272,0,0,1
220979606001,12,b1,0,1,100.0,36.8731784751592,2,150.0,2,1,1,150.0,22097,1.46434272,0,0,1
220979606004,28,b1,0,1,157.0,35.5155304315822,2,152.22500610351562,2,2,1,152.22500610351562,22097,1.46434272,0,0,1
220870305001,6,b1,0,1,41.0,30.5711862999882,5,88.41531622015098,1,1,3,88.41531622015098,22087,1.14608952,1,1,0
220870306012,4,b1,0,1,42.0,30.7199389844171,5,87.91547541018164,1,1,3,87.91547541018164,22087,1.14608952,1,1,0
220499704002,12,b1,0,1,42.0,28.0177003334985,3,127.0,1,1,2,127.0,22049,0.0,0,0,0
220979608002,19,b1,0,1,126.0,38.3114810151018,2,163.70001220703125,2,2,2,163.70001220703125,22097,1.46434272,0,0,0
220979609002,28,b1,0,1,101.0,37.2836024496522,2,166.5,2,2,1,166.5,22097,1.46434272,0,0,0
220979609004,4,b1,0,1,49.0,37.0269118562815,2,163.66748133090178,2,2,1,163.66748133090178,22097,1.46434272,0,0,0
220979610001,29,b1,0,1,64.0,36.8364431524932,3,161.49246194649623,2,2,1,161.49246194649623,22097,1.46434272,0,0,0
220979610002,4,b1,0,1,57.0,36.549970300896,3,162.21571454304794,2,2,1,162.21571454304794,22097,1.46434272,0,0,0
220510204002,25,b1,0,1,104.0,29.2719860306229,5,109.92981048546196,1,1,2,109.92981048546196,22051,0.05823747,1,1,1
220510239023,12,b1,0,1,59.0,29.2253115942843,5,113.37043354666127,1,1,1,113.37043354666127,22051,0.05823747,1,1,1
221210201003,4,b1,0,1,94.0,33.7166192723964,4,68.84059903059489,2,1,0,68.84059903059489,22121,0.36837128,0,0,1
220979614004,4,b1,0,1,35.0,36.8763977595722,2,170.51029480550366,2,2,1,170.51029480550366,22097,1.46434272,0,0,1
220050310002,8,b1,0,1,154.0,37.4142069871528,3,72.14710091109205,2,1,1,72.14710091109205,22005,0.01186332,1,1,1
221030408022,43,b1,0,1,205.0,30.5227442854411,4,222.05922842632305,1,2,3,222.05922842632305,22103,0.05873937,1,1,0
221030410032,48,b1,0,1,297.0,30.7637092690399,4,222.0903362309525,1,2,3,222.0903362309525,22103,0.05873937,1,1,0
221090007004,15,b1,0,1,161.0,33.8197198488712,3,172.60000610351562,2,2,2,172.60000610351562,22109,0.7674244,1,1,1
221090014002,25,b1,0,1,142.0,35.6584715412984,2,227.5,2,2,1,227.5,22109,0.7674244,1,1,1
221159507022,11,b1,0,1,78.0,36.7159429548713,2,153.40654249851036,2,2,2,153.40654249851036,22115,19.00196373,0,0,0
220599703003,4,b1,0,1,65.0,26.2813236659094,3,202.6999969482422,1,2,0,202.6999969482422,22059,0.0,0,0,0
220290001003,8,b1,0,1,113.0,28.7642571323847,3,60.4636344909668,1,1,0,60.4636344909668,22029,0.00757152,0,0,0
220290002001,8,b1,0,1,72.0,27.855284932748,3,80.5,1,1,1,80.5,22029,0.00757152,0,0,0
220730105043,13,b1,0,1,84.0,22.61650254656,2,103.75562771592423,1,1,2,103.75562771592423,22073,0.0,0,0,0
221030406043,87,b1,0,1,562.0,29.2221644617588,5,106.4000015258789,1,1,2,106.4000015258789,22103,0.05873937,0,1,0
221030407091,42,b1,0,1,262.0,30.8718444580619,4,225.5838552836223,1,2,3,225.5838552836223,22103,0.05873937,1,1,0
221190318002,12,b1,0,1,76.0,34.7330162536822,1,139.15469008257222,2,1,2,139.15469008257222,22119,0.0,0,0,0
220499701002,8,b1,0,1,57.0,29.8246255033493,2,116.86000061035156,1,1,2,116.86000061035156,22049,0.0,0,0,0
220499702004,17,b1,0,1,71.0,29.6390175915856,3,116.6999969482422,1,1,2,116.6999969482422,22049,0.0,0,0,0
220499705001,12,b1,0,1,78.0,29.690024156879,3,125.8000030517578,1,1,2,125.8000030517578,22049,0.0,0,0,0
220499702003,19,b1,0,1,106.0,28.7329504873481,3,128.96665954589844,1,1,2,128.96665954589844,22049,0.0,0,0,0
220499702002,4,b1,0,1,62.0,30.2594164272591,3,124.04999542236328,1,1,3,124.04999542236328,22049,0.0,0,0,0
220499703001,16,b1,0,1,119.0,33.2038267735973,2,125.5,2,1,3,125.5,22049,0.0,0,0,0
220630408063,29,b1,0,1,162.0,35.9819855061397,4,84.9000015258789,2,1,1,84.9000015258789,22063,0.03585767,0,1,1
221059535004,26,b1,0,1,117.0,37.953316233513,3,127.3499984741211,2,1,2,127.3499984741211,22105,0.00826522,0,1,0
220730052043,25,b1,0,1,216.0,22.847725573861,1,104.23192092873938,1,1,2,104.23192092873938,22073,0.0,0,0,0
220730053013,19,b1,0,1,125.0,22.9017003180732,2,104.09643290588174,1,1,2,104.09643290588174,22073,0.0,0,0,0
220730053021,22,b1,0,1,225.0,22.6827007371734,2,103.98400604874963,1,1,2,103.98400604874963,22073,0.0,0,0,0
220730053022,9,b1,0,1,115.0,22.7528921747302,2,105.290732731705,1,1,2,105.290732731705,22073,0.0,0,0,0
220050302033,38,b1,0,1,223.0,35.6038036258699,4,73.5999984741211,2,1,2,73.5999984741211,22005,0.01186332,0,1,1
220050302041,68,b1,0,1,489.0,35.8951690983497,4,58.900001525878906,2,1,0,58.900001525878906,22005,0.01186332,0,1,1
220050302042,53,b1,0,1,252.0,36.5114973443069,4,72.5,2,1,1,72.5,22005,0.01186332,0,1,1
220050302043,29,b1,0,1,276.0,36.8291287694963,4,77.48630585031353,2,1,1,77.48630585031353,22005,0.01186332,0,1,1
220050302051,76,b1,0,1,409.0,36.3957530802309,4,55.79999923706055,2,1,0,55.79999923706055,22005,0.01186332,0,1,1
220050302053,80,b1,0,1,417.0,37.4785208240916,4,52.65315371463583,2,1,0,52.65315371463583,22005,0.01186332,0,1,1
220050302061,65,b1,0,1,332.0,37.1683694812896,4,54.099998474121094,2,1,0,54.099998474121094,22005,0.01186332,0,1,1
220630401002,40,b1,0,1,234.0,35.5635692157941,3,188.3666534423828,2,2,1,188.3666534423828,22063,0.03585767,0,1,1
220630409021,21,b1,0,1,101.0,40.9662974303736,3,158.1999969482422,2,2,1,158.1999969482422,22063,0.03585767,1,1,1
220630405004,44,b1,0,1,330.0,35.4738305155913,4,126.0,2,1,1,126.0,22063,0.03585767,0,1,1
220630401004,44,b1,0,1,262.0,35.9581116831574,3,146.0,2,1,2,146.0,22063,0.03585767,0,1,1
220630408061,24,b1,0,1,101.0,35.80661892032,4,79.75,2,1,1,79.75,22063,0.03585767,0,1,1
220630401001,22,b1,0,1,131.0,37.1245680163865,3,147.5,2,1,2,147.5,22063,0.03585767,0,1,1
220630401003,32,b1,0,1,165.0,35.5265865060617,4,139.5500030517578,2,1,2,139.5500030517578,22063,0.03585767,0,1,1
220630408022,32,b1,0,1,160.0,39.4635838735997,4,142.95001220703125,2,1,2,142.95001220703125,22063,0.03585767,1,1,1
220630409011,37,b1,0,1,206.0,37.302259666835,3,163.8249969482422,2,2,1,163.8249969482422,22063,0.03585767,0,1,1
220630408021,32,b1,0,1,232.0,37.7476985123973,4,115.23333740234376,2,1,2,115.23333740234376,22063,0.03585767,1,1,1
220630409012,32,b1,0,1,176.0,39.192284187434,3,167.97499084472656,2,2,1,167.97499084472656,22063,0.03585767,1,1,1
220630409013,16,b1,0,1,159.0,40.8106096897411,3,127.30001068115234,2,1,3,127.30001068115234,22063,0.03585767,1,1,1
220630402013,32,b1,0,1,202.0,36.0522450816894,4,93.4499969482422,2,1,1,93.4499969482422,22063,0.03585767,0,1,1
220630404021,46,b1,0,1,300.0,36.534866552462,4,121.0999984741211,2,1,1,121.0999984741211,22063,0.03585767,0,1,1
220499704003,20,b1,0,1,121.0,29.4480971745969,3,140.25,1,1,2,140.25,22049,0.0,0,0,0
220630408041,30,b1,0,1,174.0,35.1810775856123,4,78.30000305175781,2,1,2,78.30000305175781,22063,0.03585767,0,1,1
220630409023,36,b1,0,1,134.0,39.4533906660745,3,167.6999969482422,2,2,1,167.6999969482422,22063,0.03585767,1,1,1
220630405002,75,b1,0,1,454.0,33.9674924846993,4,169.10000610351562,2,2,0,169.10000610351562,22063,0.03585767,0,1,1
220499703002,37,b1,0,1,236.0,31.8190833576582,3,138.39566040039062,1,1,2,138.39566040039062,22049,0.0,0,0,0
221059536003,8,b1,0,1,42.0,38.3237825032394,3,169.89999389648438,2,2,0,169.89999389648438,22105,0.00826522,0,1,0
221059547001,22,b1,0,1,132.0,40.5669620045318,3,103.1959321847756,2,1,2,103.1959321847756,22105,0.00826522,1,1,1
221059548001,34,b1,0,1,229.0,28.6845381152015,5,127.16666412353516,1,1,2,127.16666412353516,22105,0.00826522,1,1,1
221059534004,15,b1,0,1,51.0,37.0325706868617,3,141.7467300286664,2,1,2,141.7467300286664,22105,0.00826522,0,1,0
221059538002,12,b1,0,1,131.0,36.8279576277537,3,181.43916025655136,2,2,0,181.43916025655136,22105,0.00826522,0,1,1
221059541013,26,b1,0,1,167.0,36.8250699833301,3,129.8000030517578,2,1,2,129.8000030517578,22105,0.00826522,0,1,1
221059546002,33,b1,0,1,144.0,38.2741019457383,3,97.0,2,1,1,97.0,22105,0.00826522,0,1,0
221059548002,39,b1,0,1,227.0,40.7448418336757,3,108.70617883302008,2,1,1,108.70617883302008,22105,0.00826522,1,1,1
220190033003,18,b1,0,1,108.0,52.943191266874,2,187.1000061035156,2,2,2,187.1000061035156,22019,32.47305225,0,1,0
220050302063,32,b1,0,1,138.0,38.545342359188,4,85.5,2,1,1,85.5,22005,0.01186332,0,1,1
220050303003,58,b1,0,1,443.0,35.4684257128949,4,53.900001525878906,2,1,0,53.900001525878906,22005,0.01186332,0,1,1
220050303002,117,b1,0,1,508.0,37.4936181004783,3,43.5,2,1,0,43.5,22005,0.01186332,0,1,1
220050304012,16,b1,0,1,63.0,38.92939959146,4,78.43060623716576,2,1,1,78.43060623716576,22005,0.01186332,0,1,1
220050304013,21,b1,0,1,91.0,38.2518295997939,4,55.900001525878906,2,1,0,55.900001525878906,22005,0.01186332,0,1,1
220190029001,28,b1,0,1,84.0,51.3867827670993,3,186.5896123782891,2,2,3,186.5896123782891,22019,32.47305225,0,1,0
220190030002,46,b1,0,1,182.0,51.5126259886402,2,187.08439569611704,2,2,3,187.08439569611704,22019,32.47305225,0,1,0
220190031013,14,b1,0,1,160.0,51.5193730250005,2,192.5579478597205,2,2,3,192.5579478597205,22019,32.47305225,0,1,0
220190031021,29,b1,0,1,150.0,51.9291531503919,2,200.58449428965477,2,2,3,200.58449428965477,22019,32.47305225,0,1,0
220050304014,4,b1,0,1,44.0,39.1749280753094,4,78.26142522486599,2,1,1,78.26142522486599,22005,0.01186332,0,1,1
220050304022,28,b1,0,1,158.0,39.1617126471225,4,64.43104750531528,2,1,0,64.43104750531528,22005,0.01186332,0,1,1
220050304023,22,b1,0,1,149.0,38.9557558369544,4,81.60160994250809,2,1,1,81.60160994250809,22005,0.01186332,0,1,1
220190031022,8,b1,0,1,115.0,51.616376768617,2,198.84168303282948,2,2,3,198.84168303282948,22019,32.47305225,0,1,0
220399506001,8,b1,0,1,30.0,34.6895930046096,3,204.12368705951357,2,2,2,204.12368705951357,22039,4.6647587800000005,0,0,0
220050305002,31,b1,0,1,215.0,38.5406119586435,4,155.29293802034152,2,2,1,155.29293802034152,22005,0.01186332,0,1,1
220050305003,48,b1,0,1,292.0,38.8475839790516,4,149.8000030517578,2,1,1,149.8000030517578,22005,0.01186332,0,1,1
221190314002,12,b1,0,1,83.0,33.4187598946574,1,51.38571548461914,2,1,0,51.38571548461914,22119,0.0,0,0,0
221190321001,24,b1,0,1,137.0,34.7281739543404,2,79.74000549316406,2,1,1,79.74000549316406,22119,0.0,0,0,0
221190320004,4,b1,0,1,67.0,34.9689631831089,1,138.56478254264286,2,1,2,138.56478254264286,22119,0.0,0,0,0
221190321002,13,b1,0,1,75.0,34.3441574804524,2,86.7750015258789,2,1,1,86.7750015258789,22119,0.0,0,0,0
221190315001,13,b1,0,1,39.0,31.7499661130169,2,65.36666870117188,1,1,0,65.36666870117188,22119,0.0,0,0,0
221279601001,16,b1,0,1,49.0,29.4662384709786,3,121.92250061035156,1,1,2,121.92250061035156,22127,0.0,0,0,0
221279601004,8,b1,0,1,75.0,33.2994421298967,2,139.41819763183594,2,1,3,139.41819763183594,22127,0.0,0,0,0
220630406001,33,b1,0,1,140.0,33.7910509657936,4,163.00102966956192,2,2,0,163.00102966956192,22063,0.03585767,0,1,1
221030412091,50,b1,0,1,234.0,29.4430871046731,5,96.94810126442567,1,1,2,96.94810126442567,22103,0.05873937,1,1,0
221030412111,47,b1,0,1,360.0,29.5351370353556,5,104.4659114240302,1,1,2,104.4659114240302,22103,0.05873937,1,1,0
220050306002,14,b1,0,1,108.0,37.9240965951739,4,143.2260908213801,2,1,1,143.2260908213801,22005,0.01186332,0,1,1
220050306003,8,b1,0,1,55.0,37.0498711071645,4,149.8000030517578,2,1,2,149.8000030517578,22005,0.01186332,1,1,1
221190316001,12,b1,0,1,67.0,32.1789880191352,2,80.1500015258789,1,1,1,80.1500015258789,22119,0.0,0,0,0
221190315002,19,b1,0,1,113.0,35.1427772645855,1,93.27143096923828,2,1,1,93.27143096923828,22119,0.0,0,0,0
221190312001,12,b1,0,1,78.0,29.8993485155157,2,58.16666793823242,1,1,0,58.16666793823242,22119,0.0,0,0,0
221190314001,16,b1,0,1,100.0,31.017124960204,2,52.44999694824219,1,1,0,52.44999694824219,22119,0.0,0,0,0
221190313001,8,b1,0,1,75.0,30.4220924464269,2,62.599998474121094,1,1,0,62.599998474121094,22119,0.0,0,0,0
220050301021,50,b1,0,1,266.0,38.99330560015,4,107.78734266404862,2,1,1,107.78734266404862,22005,0.01186332,0,1,1
220050309001,5,b1,0,1,59.0,37.1899901520962,3,68.5,2,1,0,68.5,22005,0.01186332,0,1,1
220050304024,20,b1,0,1,124.0,38.8364962600809,4,101.30754171741144,2,1,1,101.30754171741144,22005,0.01186332,0,1,1
220050301022,26,b1,0,1,176.0,39.4147405407142,4,130.0135085951616,2,1,1,130.0135085951616,22005,0.01186332,0,1,1
220190033001,36,b1,0,1,247.0,54.262227480006,2,201.5,2,2,2,201.5,22019,32.47305225,0,1,0
220190034002,86,b1,0,1,433.0,53.6722232728809,3,154.8000030517578,2,2,2,154.8000030517578,22019,32.47305225,0,1,0
220190019032,16,b1,0,1,88.0,56.0500820359777,3,222.83921767528992,2,2,3,222.83921767528992,22019,32.47305225,0,1,0
220550017002,18,b1,0,1,86.0,37.1953723251593,3,150.93488924108036,2,2,2,150.93488924108036,22055,1.5760870500000002,0,0,1
220090305006,13,b1,0,1,130.0,34.4929197827955,3,153.45001220703125,2,2,1,153.45001220703125,22009,1.52021072,0,0,0
220090305004,12,b1,0,1,79.0,33.3721601658945,2,154.10000610351562,2,2,1,154.10000610351562,22009,1.52021072,0,0,0
220090306001,13,b1,0,1,74.0,33.8154437338106,3,155.36666870117188,2,2,1,155.36666870117188,22009,1.52021072,0,0,0
220090307001,22,b1,0,1,91.0,34.4678992199279,3,154.63333129882812,2,2,1,154.63333129882812,22009,1.52021072,0,0,1
220090308002,8,b1,0,1,84.0,34.5658990688334,2,145.28334045410156,2,1,2,145.28334045410156,22009,1.52021072,0,0,1
221190313002,4,b1,0,1,50.0,30.2890734873976,2,60.3167518735308,1,1,0,60.3167518735308,22119,0.0,0,0,0
221190313003,12,b1,0,1,48.0,30.1696522269233,2,59.6526548945204,1,1,0,59.6526548945204,22119,0.0,0,0,0
221190315003,29,b1,0,1,79.0,35.246847044013,1,71.5,2,1,1,71.5,22119,0.0,0,0,0
220090309002,16,b1,0,1,162.0,33.2527267410124,2,122.10713958740234,2,1,2,122.10713958740234,22009,1.52021072,0,0,1
220090304001,54,b1,0,1,311.0,32.1919011716748,3,134.5,1,1,2,134.5,22009,1.52021072,0,0,0
221010410002,21,b1,0,1,79.0,31.7796781941398,5,96.5,1,1,2,96.5,22101,0.68496657,1,1,1
221279604001,12,b1,0,1,48.0,33.8677132739562,2,162.3640652086362,2,2,2,162.3640652086362,22127,0.0,0,0,0
221279601002,23,b1,0,1,130.0,33.4044516991954,2,150.2052764892578,2,2,2,150.2052764892578,22127,0.0,0,0,0
221279603004,8,b1,0,1,50.0,32.8635031014444,3,163.4710850620974,1,2,2,163.4710850620974,22127,0.0,0,0,0
221279604002,8,b1,0,1,34.0,33.6663370581256,2,161.2481509775293,2,2,2,161.2481509775293,22127,0.0,0,0,0
221279601003,21,b1,0,1,49.0,32.8790073142178,3,199.9090881347656,1,2,2,199.9090881347656,22127,0.0,0,0,0
221279602002,20,b1,0,1,65.0,35.4005773760154,2,184.0636444091797,2,2,1,184.0636444091797,22127,0.0,0,0,0
221279603001,20,b1,0,1,57.0,32.645547280751,3,164.24758286019772,1,2,2,164.24758286019772,22127,0.0,0,0,0
221279602001,21,b1,0,1,77.0,30.6381028366573,3,182.6052703857422,1,2,1,182.6052703857422,22127,0.0,0,0,0
220479529004,4,b1,0,1,64.0,33.3091188472094,4,69.45882415771484,2,1,0,69.45882415771484,22047,0.33403865,1,1,1
220479532002,6,b1,0,1,96.0,34.5841924597493,4,47.94999694824219,2,1,0,47.94999694824219,22047,0.33403865,0,1,1
221279603003,9,b1,0,1,72.0,33.0711577601865,2,162.89999389648438,2,2,2,162.89999389648438,22127,0.0,0,0,0
221279602004,33,b1,0,1,161.0,33.2888084013183,2,177.60910034179688,2,2,2,177.60910034179688,22127,0.0,0,0,0
221190317001,4,b1,0,1,56.0,34.8904780382339,1,128.2956550428264,2,1,2,128.2956550428264,22119,0.0,0,0,0
221190317003,12,b1,0,1,88.0,35.5969418956002,1,138.39999389648438,2,1,2,138.39999389648438,22119,0.0,0,0,0
221190318001,4,b1,0,1,70.0,34.5161852525766,1,131.5,2,1,2,131.5,22119,0.0,0,0,0
220190025001,12,b1,0,1,125.0,51.3418488368188,2,277.79998779296875,2,2,1,277.79998779296875,22019,32.47305225,0,1,0
220190019043,94,b1,0,1,310.0,55.6810146862266,4,206.32280785606855,2,2,3,206.32280785606855,22019,32.47305225,0,1,0
220190019031,36,b1,0,1,268.0,56.602722149009,3,212.3999938964844,2,2,3,212.3999938964844,22019,32.47305225,0,1,0
220190014006,16,b1,0,1,81.0,52.237670200322,2,286.3264599634873,2,2,1,286.3264599634873,22019,32.47305225,0,1,0
220190018013,46,b1,0,1,189.0,57.0599867004409,3,203.7450013282541,2,2,2,203.7450013282541,22019,32.47305225,0,1,0
220190022041,18,b1,0,1,155.0,49.7897130178941,2,310.1000061035156,2,2,1,310.1000061035156,22019,32.47305225,0,1,0
220190018014,45,b1,0,1,136.0,56.7885632685643,4,199.94866543041795,2,2,2,199.94866543041795,22019,32.47305225,0,1,0
220190007003,12,b1,0,1,79.0,53.5467606647859,3,216.14149627535383,2,2,2,216.14149627535383,22019,32.47305225,0,1,0
221190320001,16,b1,0,1,93.0,34.5640921112538,1,141.27833383193968,2,1,2,141.27833383193968,22119,0.0,0,0,0
221190320003,24,b1,0,1,127.0,34.7879020872966,1,150.8000030517578,2,2,1,150.8000030517578,22119,0.0,0,0,0
221190320002,13,b1,0,1,105.0,35.9314055706577,1,125.5,2,1,2,125.5,22119,0.0,0,0,0
221190321005,37,b1,0,1,193.0,35.6527522745348,1,124.1999969482422,2,1,2,124.1999969482422,22119,0.0,0,0,0
220710054003,4,b1,0,1,39.0,29.9388196489429,5,130.33587528469732,1,1,5,130.33587528469732,22071,0.06577263,1,1,1
220710056022,4,b1,0,1,57.0,29.9145522423023,5,105.49794119137476,1,1,2,105.49794119137476,22071,0.06577263,1,1,1
220710134001,24,b1,0,1,771.0,30.1040399133699,5,133.8228069258505,1,1,4,133.8228069258505,22071,0.06577263,1,1,1
220710134002,40,b1,0,1,494.0,30.0335321285663,5,149.2129553853829,1,1,5,149.2129553853829,22071,0.06577263,1,1,1
220710139001,4,b1,0,1,38.0,30.0422100203402,5,144.01540240581485,1,1,4,144.01540240581485,22071,0.06577263,1,1,1
220710076061,16,b1,0,1,99.0,29.8396081946988,5,98.8000030517578,1,1,2,98.8000030517578,22071,0.06577263,1,1,1
220710076063,8,b1,0,1,100.0,29.828583018048,5,100.79975093912093,1,1,3,100.79975093912093,22071,0.06577263,1,1,1
220710076041,8,b1,0,1,104.0,29.8240571504965,5,101.66458184615136,1,1,5,101.66458184615136,22071,0.06577263,1,1,1
220190021002,16,b1,0,1,134.0,50.323147748294,2,336.38061449081397,2,2,0,336.38061449081397,22019,32.47305225,0,1,0
220190017004,35,b1,0,1,158.0,48.1958703440665,2,266.46002197265625,2,2,1,266.46002197265625,22019,32.47305225,1,1,0
220050306001,81,b1,0,1,476.0,38.2680318281917,3,102.0666732788086,2,1,1,102.0666732788086,22005,0.01186332,0,1,1
220710133022,4,b1,0,1,53.0,30.0179908793249,5,111.4549100005406,1,1,3,111.4549100005406,22071,0.06577263,1,1,1
220710111001,4,b1,0,1,76.0,29.8826048887736,5,155.93133146153934,1,2,3,155.93133146153934,22071,0.06577263,1,1,1
220190019042,17,b1,0,1,120.0,55.5566137533667,4,219.2791664254164,2,2,2,219.2791664254164,22019,32.47305225,0,1,0
220190027001,41,b1,0,1,220.0,52.9037770708905,2,190.5500030517578,2,2,3,190.5500030517578,22019,32.47305225,0,1,0
220190005002,8,b1,0,1,45.0,53.4183706641729,3,248.2163294860385,2,2,1,248.2163294860385,22019,32.47305225,0,1,0
220210001003,8,b1,0,1,63.0,23.5284920139477,1,213.93637084960935,1,2,0,213.93637084960935,22021,0.0,0,0,0
220210003002,8,b1,0,1,82.0,24.5370276328021,2,200.90769958496097,1,2,0,200.90769958496097,22021,0.0,0,0,0
220210002003,22,b1,0,1,161.0,25.5656631474225,1,257.3500061035156,1,2,0,257.3500061035156,22021,0.0,0,0,0
220850005001,4,b1,0,1,47.0,44.4623280236607,3,180.8999938964844,2,2,1,180.8999938964844,22085,0.0,0,0,0
220190015002,8,b1,0,1,37.0,51.8740900107422,2,279.2024815120951,2,2,1,279.2024815120951,22019,32.47305225,0,1,0
220210003001,6,b1,0,1,78.0,24.5494075002583,2,187.125,1,2,0,187.125,22021,0.0,0,0,0
220210001002,4,b1,0,1,40.0,22.1520885107798,2,205.8000030517578,1,2,0,205.8000030517578,22021,0.0,0,0,0
220210003003,18,b1,0,1,116.0,25.3703996646303,1,236.1999969482422,1,2,0,236.1999969482422,22021,0.0,0,0,0
220210001001,16,b1,0,1,83.0,26.153087132794,1,212.93846130371097,1,2,0,212.93846130371097,22021,0.0,0,0,0
220850004001,4,b1,0,1,79.0,43.1983262774404,3,153.36154174804688,2,2,2,153.36154174804688,22085,0.0,0,0,0
220850006003,4,b1,0,1,86.0,43.1143792381578,3,171.1333465576172,2,2,1,171.1333465576172,22085,0.0,0,0,0
220690003002,4,b1,0,1,85.0,42.8465263780453,3,206.1333465576172,2,2,3,206.1333465576172,22069,0.0,0,0,0
220690006001,8,b1,0,1,76.0,33.5200012913495,3,143.39999389648438,2,1,3,143.39999389648438,22069,0.0,0,0,0
220690009002,29,b1,0,1,150.0,33.703574506219,3,118.5785675048828,2,1,2,118.5785675048828,22069,0.0,0,0,0
220690008002,8,b1,0,1,74.0,30.2872773857366,4,153.39999389648438,1,2,2,153.39999389648438,22069,0.0,0,0,0
220190005001,32,b1,0,1,184.0,52.8047040125491,2,229.0,2,2,2,229.0,22019,32.47305225,0,1,0
220850006002,14,b1,0,1,97.0,43.4376818089019,3,159.35833740234375,2,2,1,159.35833740234375,22085,0.0,0,0,0
220850002002,20,b1,0,1,98.0,40.6366499350224,3,187.43499755859375,2,2,2,187.43499755859375,22085,0.0,0,0,0
220850001001,13,b1,0,1,78.0,41.6457633851845,3,179.13999938964844,2,2,1,179.13999938964844,22085,0.0,0,0,0
220850006001,20,b1,0,1,82.0,42.825572980209,3,170.36666870117188,2,2,1,170.36666870117188,22085,0.0,0,0,0
220850004004,4,b1,0,1,80.0,42.6860891693734,3,181.1499938964844,2,2,1,181.1499938964844,22085,0.0,0,0,0
220850002003,8,b1,0,1,115.0,41.880323012243,3,205.25,2,2,2,205.25,22085,0.0,0,0,0
220619604003,4,b1,0,1,102.0,29.0662781281713,3,109.8268323338143,1,1,2,109.8268323338143,22061,0.0,0,0,0
220190018012,64,b1,0,1,163.0,56.5758250722489,3,187.0,2,2,1,187.0,22019,32.47305225,0,1,0
221210203004,12,b1,0,1,91.0,34.0805868162201,4,65.0999984741211,2,1,0,65.0999984741211,22121,0.36837128,0,0,1
220190030003,34,b1,0,1,139.0,51.6257658242507,2,190.0628500629392,2,2,3,190.0628500629392,22019,32.47305225,0,1,0
220190011003,8,b1,0,1,66.0,55.7317199370098,3,245.04018445942305,2,2,2,245.04018445942305,22019,32.47305225,0,1,0
220190027002,33,b1,0,1,130.0,52.9563085513577,2,200.5500030517578,2,2,3,200.5500030517578,22019,32.47305225,0,1,0
221090015003,64,b1,0,1,229.0,43.5894064216127,2,192.2816955700021,2,2,0,192.2816955700021,22109,0.7674244,1,1,1
220190030004,11,b1,0,1,122.0,51.9153796557715,2,186.97223569513136,2,2,3,186.97223569513136,22019,32.47305225,0,1,0
220190029002,25,b1,0,1,119.0,51.546681392781,3,186.33343042552133,2,2,3,186.33343042552133,22019,32.47305225,0,1,0
220190031011,20,b1,0,1,182.0,52.0636835200233,2,191.81622965533825,2,2,3,191.81622965533825,22019,32.47305225,0,1,0
220190031012,13,b1,0,1,127.0,52.2190831311673,2,197.7080912342905,2,2,3,197.7080912342905,22019,32.47305225,0,1,0
220190033002,12,b1,0,1,175.0,54.5825610452876,2,173.3000030517578,2,2,2,173.3000030517578,22019,32.47305225,0,1,0
221090015004,62,b1,0,1,202.0,34.1386763837813,3,174.00899167639236,2,2,1,174.00899167639236,22109,0.7674244,1,1,1
221090001014,21,b1,0,1,110.0,40.7263054253537,3,111.49376615051564,2,1,2,111.49376615051564,22109,0.7674244,1,1,1
221090001013,33,b1,0,1,146.0,41.0234017573377,3,101.8000030517578,2,1,2,101.8000030517578,22109,0.7674244,1,1,1
221090004013,41,b1,0,1,117.0,34.2861470516392,3,164.51068452452677,2,2,1,164.51068452452677,22109,0.7674244,1,1,1
221090013002,77,b1,0,1,322.0,34.1198837548509,3,184.8999938964844,2,2,1,184.8999938964844,22109,0.7674244,1,1,1
221090011003,8,b1,0,1,100.0,36.0875183837596,3,91.10694885253906,2,1,3,91.10694885253906,22109,0.7674244,1,1,1
221090012022,8,b1,0,1,130.0,34.651369806971,2,123.13999938964844,2,1,2,123.13999938964844,22109,0.7674244,1,1,1
221090016002,8,b1,0,1,104.0,42.0425628866142,3,74.13076782226562,2,1,1,74.13076782226562,22109,0.7674244,1,1,1
221090017004,98,b1,0,1,326.0,34.2038799726844,3,176.62703205840975,2,2,2,176.62703205840975,22109,0.7674244,1,1,1
220619610002,17,b1,0,1,119.0,29.1962747585281,3,124.33333587646484,1,1,2,124.33333587646484,22061,0.0,0,0,0
220290003002,16,b1,0,1,153.0,27.9284186519194,3,73.82031006792256,1,1,1,73.82031006792256,22029,0.00757152,0,0,0
220619602001,24,b1,0,1,118.0,30.0828480224403,3,105.9875030517578,1,1,1,105.9875030517578,22061,0.0,0,0,0
220619607002,13,b1,0,1,112.0,29.9494382875041,2,129.75,1,1,2,129.75,22061,0.0,0,0,0
220619606003,14,b1,0,1,189.0,28.1030245934236,2,109.5999984741211,1,1,2,109.5999984741211,22061,0.0,0,0,0
220619604001,27,b1,0,1,195.0,28.1161877264288,3,108.94435288870729,1,1,2,108.94435288870729,22061,0.0,0,0,0
220619606001,47,b1,0,1,168.0,27.8067459818465,2,121.20000457763672,1,1,2,121.20000457763672,22061,0.0,0,0,0
220510279011,12,b1,0,1,65.0,36.6316385598319,4,93.9000015258789,2,1,5,93.9000015258789,22051,0.05823747,1,1,1
220510203012,50,b1,0,1,156.0,29.3283285565006,5,98.57700080539848,1,1,3,98.57700080539848,22051,0.05823747,1,1,1
220510205172,18,b1,0,1,141.0,28.9784093311284,5,137.14097362637418,1,1,3,137.14097362637418,22051,0.05823747,1,1,1
220510203021,13,b1,0,1,82.0,29.4611189438305,5,95.2916059590282,1,1,3,95.2916059590282,22051,0.05823747,1,1,1
220510205142,12,b1,0,1,99.0,29.2338348647099,5,111.2073543618396,1,1,2,111.2073543618396,22051,0.05823747,1,1,1
220510216001,18,b1,0,1,63.0,29.4187198525656,5,100.83823105751,1,1,2,100.83823105751,22051,0.05823747,1,1,1
221210203003,8,b1,0,1,106.0,35.1159665350258,4,62.70000076293945,2,1,0,62.70000076293945,22121,0.36837128,0,0,1
221210204021,42,b1,0,1,263.0,34.945547275698,4,68.9000015258789,2,1,0,68.9000015258789,22121,0.36837128,0,0,1
221210204022,40,b1,0,1,238.0,35.1567072749372,4,57.400001525878906,2,1,0,57.400001525878906,22121,0.36837128,0,0,1
220870302073,9,b1,0,1,76.0,31.2954361538797,5,95.76395205683232,1,1,3,95.76395205683232,22087,1.14608952,1,1,0
220870302034,4,b1,0,1,46.0,30.6124770545669,5,93.9451679279037,1,1,3,93.9451679279037,22087,1.14608952,1,1,0
220870302044,12,b1,0,1,33.0,32.114694449037,5,110.7141084482204,1,1,3,110.7141084482204,22087,1.14608952,1,1,0
220870302061,14,b1,0,1,109.0,31.4336242984477,5,97.1428481000208,1,1,3,97.1428481000208,22087,1.14608952,1,1,0
220870302062,13,b1,0,1,74.0,31.1269306595665,5,96.9239837252403,1,1,3,96.9239837252403,22087,1.14608952,1,1,0
220870302071,4,b1,0,1,73.0,30.8625618591791,5,94.5999984741211,1,1,3,94.5999984741211,22087,1.14608952,1,1,0
220870302072,24,b1,0,1,138.0,31.0575212434081,5,95.58197386917456,1,1,3,95.58197386917456,22087,1.14608952,1,1,0
220870302082,36,b1,0,1,185.0,31.7279776827771,5,106.418291414246,1,1,3,106.418291414246,22087,1.14608952,1,1,0
220870302091,4,b1,0,1,45.0,30.9963493980002,5,99.84348267992893,1,1,3,99.84348267992893,22087,1.14608952,1,1,0
220870302092,15,b1,0,1,88.0,31.1793915438053,5,105.0999984741211,1,1,3,105.0999984741211,22087,1.14608952,1,1,0
220870302093,12,b1,0,1,75.0,31.3580511818287,5,106.3316424437395,1,1,3,106.3316424437395,22087,1.14608952,1,1,0
220870303001,12,b1,0,1,71.0,30.3697587364258,5,89.13905737490009,1,1,4,89.13905737490009,22087,1.14608952,1,1,0
220510242022,20,b1,0,1,224.0,29.3971038575524,5,104.13587141687822,1,1,2,104.13587141687822,22051,0.05823747,1,1,1
220510205023,31,b1,0,1,172.0,29.1549213152159,5,118.92075704319306,1,1,2,118.92075704319306,22051,0.05823747,1,1,1
220510205071,38,b1,0,1,174.0,29.0611742556575,5,126.6886514892991,1,1,3,126.6886514892991,22051,0.05823747,1,1,1
220510242021,16,b1,0,1,166.0,29.3935287351794,5,103.78254498238216,1,1,3,103.78254498238216,22051,0.05823747,1,1,1
220510241002,25,b1,0,1,141.0,29.3024295548909,5,108.74179927258838,1,1,2,108.74179927258838,22051,0.05823747,1,1,1
220510205081,31,b1,0,1,164.0,28.9776359333854,5,139.5151795322173,1,1,3,139.5151795322173,22051,0.05823747,1,1,1
220510211001,4,b1,0,1,34.0,29.0979733464141,5,123.78940293562002,1,1,2,123.78940293562002,22051,0.05823747,1,1,1
220510223021,8,b1,0,1,68.0,29.7777415338796,5,101.74371314362806,1,1,3,101.74371314362806,22051,0.05823747,1,1,1
220510212001,13,b1,0,1,78.0,29.1198483414517,5,121.6598724904062,1,1,2,121.6598724904062,22051,0.05823747,1,1,1
220019605003,41,b1,0,1,227.0,39.7123791027987,4,141.4499969482422,2,1,2,141.4499969482422,22001,7.86402276,0,0,1
220530005003,22,b1,0,1,137.0,41.1595582273706,2,219.32929926212395,2,2,3,219.32929926212395,22053,34.29631719,0,1,0
220190022033,28,b1,0,1,146.0,48.2128475486595,2,267.13239187996356,2,2,0,267.13239187996356,22019,32.47305225,0,1,0
220190022031,29,b1,0,1,218.0,47.7092235479626,2,214.3000030517578,2,2,0,214.3000030517578,22019,32.47305225,0,1,0
221159509002,43,b1,0,1,211.0,43.343543327975,2,140.5500030517578,2,1,4,140.5500030517578,22115,19.00196373,0,0,0
220330035063,12,b1,0,1,59.0,31.3306227592138,5,156.10513064779033,1,2,0,156.10513064779033,22033,0.02202799,0,0,1
220330038041,18,b1,0,1,128.0,32.3882784202459,6,123.5999984741211,1,1,1,123.5999984741211,22033,0.02202799,0,0,1
220330038043,16,b1,0,1,251.0,32.6755913205233,6,106.78185516738776,1,1,1,106.78185516738776,22033,0.02202799,0,0,1
220330038051,9,b1,0,1,53.0,32.2303984705646,6,123.12177674967954,1,1,1,123.12177674967954,22033,0.02202799,0,0,1
220330038052,14,b1,0,1,86.0,32.4547151734278,6,106.01465312872736,1,1,1,106.01465312872736,22033,0.02202799,0,0,1
220330042054,14,b1,0,1,93.0,31.2204089172748,4,201.3107950699984,1,2,0,201.3107950699984,22033,0.02202799,0,0,1
220330032021,10,b1,0,1,59.0,30.6984582185781,4,201.79799001901432,1,2,0,201.79799001901432,22033,0.02202799,0,0,1
220330011022,8,b1,0,1,107.0,32.1114985914209,5,144.64401479368675,1,1,1,144.64401479368675,22033,0.02202799,0,0,1
220330011032,8,b1,0,1,75.0,32.6002385391693,4,132.68959442073117,1,1,1,132.68959442073117,22033,0.02202799,0,0,1
220119606003,8,b1,0,1,65.0,55.0399954175099,2,179.4895782470703,2,2,1,179.4895782470703,22011,30.17836803,0,0,0
220119601003,10,b1,0,1,85.0,44.8250862689224,3,216.36154174804688,2,2,1,216.36154174804688,22011,30.17836803,0,0,0
220119605002,18,b1,0,1,134.0,54.1083462304114,3,179.64356471046636,2,2,2,179.64356471046636,22011,30.17836803,0,0,0
220119601002,24,b1,0,1,119.0,42.9161567463601,3,234.18182373046875,2,2,1,234.18182373046875,22011,30.17836803,0,0,0
220019612003,10,b1,0,1,54.0,39.0644085860547,4,162.9399871826172,2,2,2,162.9399871826172,22001,7.86402276,0,0,0
220019608004,14,b1,0,1,91.0,34.8386451126135,3,143.25994041636883,2,1,3,143.25994041636883,22001,7.86402276,0,0,0
220019612001,9,b1,0,1,108.0,37.0241193766589,3,141.625,2,1,2,141.625,22001,7.86402276,0,0,0
220019604001,52,b1,0,1,216.0,35.8273651565918,2,155.3000030517578,2,2,1,155.3000030517578,22001,7.86402276,0,0,0
220019601004,8,b1,0,1,111.0,39.9350066987192,3,199.1000061035156,2,2,1,199.1000061035156,22001,7.86402276,0,0,1
220019603002,38,b1,0,1,171.0,36.7678919036741,2,188.27999877929688,2,2,2,188.27999877929688,22001,7.86402276,0,0,0
220019607001,12,b1,0,1,85.0,37.5385643786934,3,149.04124781747743,2,1,2,149.04124781747743,22001,7.86402276,0,0,0
220019611002,11,b1,0,1,94.0,40.5970573528707,3,231.0666656494141,2,2,3,231.0666656494141,22001,7.86402276,0,0,0
220019602003,21,b1,0,1,137.0,35.4806647524032,2,154.9166717529297,2,2,1,154.9166717529297,22001,7.86402276,0,0,0
220019604004,24,b1,0,1,173.0,37.3056182311201,3,162.78750610351562,2,2,2,162.78750610351562,22001,7.86402276,0,0,0
220019604003,20,b1,0,1,93.0,34.5999063057625,3,171.40000915527344,2,2,2,171.40000915527344,22001,7.86402276,0,0,0
220019602002,37,b1,0,1,170.0,34.5434008399922,3,170.33999633789062,2,2,1,170.33999633789062,22001,7.86402276,0,0,0
220019612002,21,b1,0,1,97.0,35.5319181072484,4,145.25,2,1,3,145.25,22001,7.86402276,0,0,0
220019603001,21,b1,0,1,92.0,35.393031509216,3,193.8000030517578,2,2,2,193.8000030517578,22001,7.86402276,0,0,0
220019608001,50,b1,0,1,249.0,35.6168760516137,3,144.5,2,1,2,144.5,22001,7.86402276,0,0,0
220019605002,21,b1,0,1,122.0,38.0566388215189,3,158.27499389648438,2,2,1,158.27499389648438,22001,7.86402276,0,0,0
220019602001,44,b1,0,1,232.0,38.2416105825339,2,161.90000915527344,2,2,1,161.90000915527344,22001,7.86402276,0,0,0
220019611003,10,b1,0,1,85.0,40.6899223144673,3,209.3333282470703,2,2,3,209.3333282470703,22001,7.86402276,0,0,0
220019606002,28,b1,0,1,101.0,38.0861238696481,3,146.54294844205697,2,1,2,146.54294844205697,22001,7.86402276,0,0,0
220019601005,12,b1,0,1,101.0,39.1297748988755,3,185.303022330226,2,2,1,185.303022330226,22001,7.86402276,0,0,1
220019603003,12,b1,0,1,116.0,40.0792436644729,3,202.67498779296875,2,2,3,202.67498779296875,22001,7.86402276,0,0,0
220019604002,31,b1,0,1,140.0,34.2871031246356,2,169.5,2,2,1,169.5,22001,7.86402276,0,0,0
220019605001,39,b1,0,1,218.0,39.7525286032056,3,176.55999755859375,2,2,1,176.55999755859375,22001,7.86402276,0,0,1
220019606001,24,b1,0,1,186.0,39.0254866307033,4,143.1999969482422,2,1,2,143.1999969482422,22001,7.86402276,0,0,0
220019606003,16,b1,0,1,112.0,38.1864030051593,3,146.8433810156428,2,1,2,146.8433810156428,22001,7.86402276,0,0,0
220019606004,15,b1,0,1,47.0,38.0298620741011,3,145.4367604221214,2,1,2,145.4367604221214,22001,7.86402276,0,0,0
220019606005,16,b1,0,1,74.0,37.9788532531381,3,148.19817200865907,2,1,2,148.19817200865907,22001,7.86402276,0,0,0
220019607003,16,b1,0,1,51.0,37.7868973604596,3,147.06788455428634,2,1,2,147.06788455428634,22001,7.86402276,0,0,0
220019608002,8,b1,0,1,102.0,34.6879329506177,4,144.2512654587702,2,1,3,144.2512654587702,22001,7.86402276,0,0,0
220019608003,4,b1,0,1,69.0,34.6656809522965,4,143.29320415063827,2,1,3,143.29320415063827,22001,7.86402276,0,0,0
220019609001,26,b1,0,1,156.0,35.4804388924485,4,137.09974233156126,2,1,3,137.09974233156126,22001,7.86402276,0,0,0
220250003002,26,b1,0,1,152.0,28.1377651295004,3,187.1555633544922,1,2,0,187.1555633544922,22025,0.01476176,0,0,0
220450301003,7,b1,0,1,79.0,32.9387466260695,5,86.7728113642175,1,1,2,86.7728113642175,22045,3.09661809,1,1,1
220510216003,18,b1,0,1,135.0,29.297692505875,5,104.61869484888878,1,1,2,104.61869484888878,22051,0.05823747,1,1,1
220730055003,16,b1,0,1,116.0,22.7859374566957,2,108.63334543644775,1,1,2,108.63334543644775,22073,0.0,0,0,0
220019610005,4,b1,0,1,53.0,35.3003404591963,4,135.91320965648518,2,1,3,135.91320965648518,22001,7.86402276,0,0,0
220019611001,4,b1,0,1,109.0,38.6271201675132,3,181.8999938964844,2,2,2,181.8999938964844,22001,7.86402276,0,0,0
220730108001,61,b1,0,1,276.0,22.8295383056147,2,114.82153532838002,1,1,2,114.82153532838002,22073,0.0,0,0,0
220730107002,4,b1,0,1,56.0,22.6133269094763,1,121.37039230007242,1,1,1,121.37039230007242,22073,0.0,0,0,0
220070503002,4,b1,0,1,65.0,39.603522335728,3,49.473892901148766,2,1,0,49.473892901148766,22007,0.2395300699999999,1,1,1
220330046032,23,b1,0,1,150.0,31.7767431891354,5,159.69618975551043,1,2,0,159.69618975551043,22033,0.02202799,0,0,1
220330040162,56,b1,0,1,416.0,33.4203095546734,4,59.10000228881836,2,1,0,59.10000228881836,22033,0.02202799,0,0,1
220330038053,53,b1,0,1,461.0,32.6136066041746,6,103.38089617724572,1,1,1,103.38089617724572,22033,0.02202799,0,0,1
221139504001,12,b1,0,1,101.0,35.4362939612557,3,133.0,2,1,4,133.0,22113,12.34417553,0,1,0
220330040144,14,b1,0,1,182.0,34.8061897176256,4,68.4000015258789,2,1,0,68.4000015258789,22033,0.02202799,0,0,1
220330040064,10,b1,0,1,133.0,32.9511727208751,6,74.58758627213642,1,1,1,74.58758627213642,22033,0.02202799,0,0,1
221139504002,9,b1,0,1,92.0,35.8608049836291,3,131.89999389648438,2,1,4,131.89999389648438,22113,12.34417553,0,1,0
221070001002,12,b1,0,1,201.0,22.5199724871644,1,82.125,1,1,1,82.125,22107,0.00855829,0,0,0
220139704002,7,b1,0,1,80.0,26.6786877470183,3,101.3166732788086,1,1,2,101.3166732788086,22013,0.0,0,0,0
220139705003,4,b1,0,1,30.0,29.4486731226029,3,98.07333374023438,1,1,2,98.07333374023438,22013,0.0,0,0,0
220139703002,12,b1,0,1,71.0,36.9046349863229,2,85.69999694824219,2,1,2,85.69999694824219,22013,0.0,0,0,0
220139701001,12,b1,0,1,55.0,29.988992371858,3,100.3239009465499,1,1,1,100.3239009465499,22013,0.0,0,0,0
220139705002,4,b1,0,1,37.0,28.5269738272355,3,114.16316223144533,1,1,3,114.16316223144533,22013,0.0,0,0,0
220330044023,10,b1,0,1,144.0,31.0437044362694,4,188.34809141732316,1,2,0,188.34809141732316,22033,0.02202799,0,0,1
220330040103,4,b1,0,1,51.0,33.2607968294649,5,72.78820360301684,2,1,1,72.78820360301684,22033,0.02202799,0,0,1
220330045041,24,b1,0,1,125.0,33.5418247077462,4,136.0,2,1,1,136.0,22033,0.02202799,0,0,1
220790115004,8,b1,0,1,80.0,29.9107681669108,3,231.3911609145273,1,2,1,231.3911609145273,22079,4.49269524,0,0,0
220119603001,8,b1,0,1,52.0,39.9172994277548,2,149.5,2,1,3,149.5,22011,30.17836803,0,0,0
220119601004,25,b1,0,1,81.0,48.1383259910106,3,320.2533264160156,2,2,1,320.2533264160156,22011,30.17836803,0,0,0
220119607001,20,b1,0,1,158.0,55.1204863497115,3,173.3638916015625,2,2,2,173.3638916015625,22011,30.17836803,0,0,0
220119607002,18,b1,0,1,196.0,43.5734108323115,2,257.1142883300781,2,2,2,257.1142883300781,22011,30.17836803,0,0,0
220170253001,33,b1,0,1,385.0,31.6364201798792,2,39.959261995112406,1,1,0,39.959261995112406,22017,0.0,0,0,0
220379516001,14,b1,0,1,117.0,29.0575461379669,5,158.73001098632812,1,2,0,158.73001098632812,22037,0.25808331,0,0,1
220379516004,8,b1,0,1,65.0,26.8404882954353,4,189.1000061035156,1,2,0,189.1000061035156,22037,0.25808331,0,0,1
220379516003,8,b1,0,1,55.0,27.5867452374982,4,213.66000366210935,1,2,0,213.66000366210935,22037,0.25808331,0,0,1
220379513002,4,b1,0,1,34.0,27.3737077220891,4,151.41429138183594,1,2,0,151.41429138183594,22037,0.25808331,0,0,1
220330045102,58,b1,0,1,275.0,35.3986455060892,4,80.71641083397539,2,1,1,80.71641083397539,22033,0.02202799,0,0,1
220330046042,24,b1,0,1,113.0,31.0711281853191,4,207.705487436578,1,2,0,207.705487436578,22033,0.02202799,0,0,1
220119604001,13,b1,0,1,80.0,38.3476149749669,3,172.89999389648438,2,2,1,172.89999389648438,22011,30.17836803,0,0,0
220119604002,4,b1,0,1,66.0,38.7881445103677,3,167.31159987237072,2,2,2,167.31159987237072,22011,30.17836803,0,0,0
220119603003,36,b1,0,1,214.0,39.2482513228129,2,149.7209296914778,2,1,3,149.7209296914778,22011,30.17836803,0,0,0
220119604003,12,b1,0,1,63.0,38.6923088056396,3,171.8000030517578,2,2,2,171.8000030517578,22011,30.17836803,0,0,0
220119605001,28,b1,0,1,122.0,51.4457846267417,2,144.39999389648438,2,1,4,144.39999389648438,22011,30.17836803,0,0,0
220119605003,17,b1,0,1,111.0,53.1010631681895,3,203.0,2,2,2,203.0,22011,30.17836803,0,0,0
220330030003,36,b1,0,1,164.0,33.0242333009631,3,113.5,2,1,1,113.5,22033,0.02202799,0,0,1
220330039063,37,b1,0,1,205.0,33.8616080531619,4,98.15168834354988,2,1,1,98.15168834354988,22033,0.02202799,0,0,1
220330038012,8,b1,0,1,192.0,32.7421796808853,5,114.76553714741256,1,1,1,114.76553714741256,22033,0.02202799,0,0,1
220330045081,39,b1,0,1,194.0,35.1668343355439,4,95.47204976539376,2,1,1,95.47204976539376,22033,0.02202799,0,0,1
220330046043,71,b1,0,1,275.0,31.3558339100353,4,187.6000061035156,1,2,0,187.6000061035156,22033,0.02202799,0,0,1
220330046045,55,b1,0,1,214.0,30.7025023915085,4,208.3000030517578,1,2,0,208.3000030517578,22033,0.02202799,0,0,1
220330046033,41,b1,0,1,143.0,31.6155159978223,5,124.73333740234376,1,1,1,124.73333740234376,22033,0.02202799,0,0,1
220330040112,57,b1,0,1,535.0,33.9843796059224,4,60.04999923706055,2,1,0,60.04999923706055,22033,0.02202799,0,0,1
220330044021,10,b1,0,1,138.0,31.6832250266491,5,200.8666277994519,1,2,1,200.8666277994519,22033,0.02202799,0,0,1
220330046044,26,b1,0,1,137.0,30.7417399659845,4,220.4402887984054,1,2,0,220.4402887984054,22033,0.02202799,0,0,1
221139510021,4,b1,0,1,59.0,41.7765685981181,3,196.8333282470703,2,2,2,196.8333282470703,22113,12.34417553,1,1,0
221139502001,8,b1,0,1,72.0,41.3622060940802,3,150.9642791748047,2,2,3,150.9642791748047,22113,12.34417553,1,1,0
221139501004,27,b1,0,1,173.0,34.8616686724031,3,134.7624969482422,2,1,3,134.7624969482422,22113,12.34417553,0,1,0
221139502003,16,b1,0,1,120.0,39.2516560146517,3,205.12353515625,2,2,3,205.12353515625,22113,12.34417553,1,1,0
221139505003,22,b1,0,1,164.0,38.6510571238144,4,144.1714324951172,2,1,4,144.1714324951172,22113,12.34417553,1,1,0
221139502002,12,b1,0,1,124.0,40.5612097835226,3,193.7243821790335,2,2,3,193.7243821790335,22113,12.34417553,0,1,0
221139506001,19,b1,0,1,157.0,39.4806940271065,3,136.6999969482422,2,1,3,136.6999969482422,22113,12.34417553,0,1,0
221139501002,74,b1,0,1,348.0,40.8053859599181,3,132.5,2,1,3,132.5,22113,12.34417553,0,1,0
221139505001,36,b1,0,1,267.0,37.4352531100658,4,122.18000793457033,2,1,3,122.18000793457033,22113,12.34417553,0,1,0
221139501003,40,b1,0,1,195.0,36.994463385345,4,132.86666870117188,2,1,3,132.86666870117188,22113,12.34417553,0,1,0
220450301004,4,b1,0,1,24.0,32.7444058630269,5,85.44325219481149,1,1,2,85.44325219481149,22045,3.09661809,1,1,1
220450302004,28,b1,0,1,149.0,35.0910389313868,4,101.0,2,1,3,101.0,22045,3.09661809,0,1,1
220330030004,5,b1,0,1,28.0,32.6747782740987,4,131.50758885161605,1,1,1,131.50758885161605,22033,0.02202799,0,0,1
220250002001,11,b1,0,1,80.0,28.229266301004,3,174.14999389648438,1,2,0,174.14999389648438,22025,0.01476176,0,0,0
220319501002,37,b1,0,1,243.0,33.0966848787873,1,60.92500305175781,2,1,0,60.92500305175781,22031,0.0,0,0,0
220510210003,8,b1,0,1,34.0,29.1028801499768,5,123.25430996187195,1,1,2,123.25430996187195,22051,0.05823747,1,1,1
220510211002,9,b1,0,1,40.0,29.1376898242451,5,122.63826388872836,1,1,2,122.63826388872836,22051,0.05823747,1,1,1
220510213001,25,b1,0,1,121.0,29.230422722025,5,109.87532858658908,1,1,2,109.87532858658908,22051,0.05823747,1,1,1
220510213003,11,b1,0,1,51.0,29.2313212764318,5,111.75993483849491,1,1,2,111.75993483849491,22051,0.05823747,1,1,1
220510214001,21,b1,0,1,111.0,29.2802265836281,5,105.73847874353356,1,1,3,105.73847874353356,22051,0.05823747,1,1,1
220510214002,23,b1,0,1,75.0,29.2807542951933,5,105.34225474461812,1,1,3,105.34225474461812,22051,0.05823747,1,1,1
220510216002,32,b1,0,1,94.0,29.3584266375099,5,99.06020530190509,1,1,2,99.06020530190509,22051,0.05823747,1,1,1
220510217001,12,b1,0,1,65.0,29.4221970563008,5,97.57551158238016,1,1,3,97.57551158238016,22051,0.05823747,1,1,1
220510250014,12,b1,0,1,89.0,30.4253867443893,5,92.0521712803722,1,1,3,92.0521712803722,22051,0.05823747,1,1,1
220510251022,15,b1,0,1,110.0,30.2250822511308,5,91.89130080837812,1,1,3,91.89130080837812,22051,0.05823747,1,1,1
220510250021,16,b1,0,1,57.0,30.2465397649875,5,87.61257248317513,1,1,5,87.61257248317513,22051,0.05823747,1,1,1
220510250031,19,b1,0,1,124.0,30.2722970800634,5,92.2932301550424,1,1,3,92.2932301550424,22051,0.05823747,1,1,1
220510251021,4,b1,0,1,64.0,30.1979378676022,5,90.70325174463024,1,1,3,90.70325174463024,22051,0.05823747,1,1,1
220510251023,9,b1,0,1,102.0,30.209473842098,5,93.76212011168926,1,1,3,93.76212011168926,22051,0.05823747,1,1,1
220510219001,12,b1,0,1,79.0,29.5640004075543,5,101.72992064689824,1,1,3,101.72992064689824,22051,0.05823747,1,1,1
220510251033,8,b1,0,1,50.0,30.2667307664555,5,92.41472814865794,1,1,3,92.41472814865794,22051,0.05823747,1,1,1
220510251031,4,b1,0,1,73.0,30.3208721012653,5,92.4080454549363,1,1,3,92.4080454549363,22051,0.05823747,1,1,1
220510217005,8,b1,0,1,68.0,29.3604980303305,5,99.6163404930318,1,1,3,99.6163404930318,22051,0.05823747,1,1,1
220510217003,16,b1,0,1,75.0,29.391864436419,5,97.27058992963448,1,1,3,97.27058992963448,22051,0.05823747,1,1,1
220510218011,4,b1,0,1,114.0,29.4896991390244,5,98.62758928214006,1,1,3,98.62758928214006,22051,0.05823747,1,1,1
220510218012,4,b1,0,1,67.0,29.4508512586569,5,97.99687853779544,1,1,3,97.99687853779544,22051,0.05823747,1,1,1
220510218041,5,b1,0,1,126.0,29.4927365198861,5,99.8651613932586,1,1,3,99.8651613932586,22051,0.05823747,1,1,1
220510220011,12,b1,0,1,203.0,29.6122390246592,5,102.5550694723195,1,1,2,102.5550694723195,22051,0.05823747,1,1,1
220510220021,22,b1,0,1,88.0,29.5656031693327,5,102.99546980134777,1,1,2,102.99546980134777,22051,0.05823747,1,1,1
220510223011,20,b1,0,1,61.0,29.7876749900804,5,99.49703866202508,1,1,2,99.49703866202508,22051,0.05823747,1,1,1
220510221021,4,b1,0,1,88.0,29.6622569122592,5,101.5286065840715,1,1,2,101.5286065840715,22051,0.05823747,1,1,1
220510222001,15,b1,0,1,90.0,29.744151996125,5,99.29286805385831,1,1,2,99.29286805385831,22051,0.05823747,1,1,1
220510252011,12,b1,0,1,39.0,30.2403570516551,5,87.40087324388267,1,1,5,87.40087324388267,22051,0.05823747,1,1,1
220510282003,21,b1,0,1,111.0,29.6104929806043,5,101.83075527823128,1,1,4,101.83075527823128,22051,0.05823747,1,1,1
220510275011,39,b1,0,1,214.0,28.9237404533963,5,136.8000030517578,1,1,2,136.8000030517578,22051,0.05823747,1,1,1
220510275021,8,b1,0,1,78.0,29.1544942930277,5,112.13707164088432,1,1,4,112.13707164088432,22051,0.05823747,1,1,1
220510276012,8,b1,0,1,126.0,29.165827359936,5,107.92897960948828,1,1,4,107.92897960948828,22051,0.05823747,1,1,1
220510227002,12,b1,0,1,59.0,29.6359240851791,5,103.11509508029228,1,1,3,103.11509508029228,22051,0.05823747,1,1,1
220450302002,6,b1,0,1,125.0,33.8424362543581,4,88.0,2,1,2,88.0,22045,3.09661809,0,1,1
220510259002,9,b1,0,1,56.0,30.1076877137346,5,91.98478661361985,1,1,5,91.98478661361985,22051,0.05823747,1,1,1
220510278102,12,b1,0,1,46.0,29.9624422442578,5,88.14055910919004,1,1,4,88.14055910919004,22051,0.05823747,1,1,1
220570201001,13,b1,0,1,89.0,38.3271843611439,3,84.90724690779182,2,1,2,84.90724690779182,22057,0.52554993,1,1,1
220570205003,12,b1,0,1,25.0,39.0005211034671,3,85.87390429953037,2,1,2,85.87390429953037,22057,0.52554993,1,1,1
220330032013,16,b1,0,1,81.0,31.6061910627514,4,202.3000030517578,1,2,0,202.3000030517578,22033,0.02202799,0,0,1
220330032023,8,b1,0,1,48.0,31.0407720699211,4,194.2048184962622,1,2,0,194.2048184962622,22033,0.02202799,0,0,1
220330033002,14,b1,0,1,24.0,32.507885896135,4,152.9831225987914,1,2,0,152.9831225987914,22033,0.02202799,0,0,1
220330036013,26,b1,0,1,112.0,31.7974579448488,5,152.46161588292824,1,2,0,152.46161588292824,22033,0.02202799,0,0,1
220330036031,4,b1,0,1,32.0,31.3282509401293,4,147.42528938658347,1,1,2,147.42528938658347,22033,0.02202799,0,0,1
220510203011,35,b1,0,1,111.0,29.3573069307681,5,97.8258202055735,1,1,3,97.8258202055735,22051,0.05823747,1,1,1
220510230021,16,b1,0,1,83.0,29.4933109870033,5,101.73787463942438,1,1,2,101.73787463942438,22051,0.05823747,1,1,1
220510232002,12,b1,0,1,90.0,29.3268277564443,5,103.7702221299156,1,1,1,103.7702221299156,22051,0.05823747,1,1,1
220510230032,20,b1,0,1,58.0,29.3813168002908,5,101.35237383742108,1,1,1,101.35237383742108,22051,0.05823747,1,1,1
220510233001,11,b1,0,1,48.0,29.3447020224339,5,102.23139877447656,1,1,1,102.23139877447656,22051,0.05823747,1,1,1
220510234002,27,b1,0,1,106.0,29.2754224730731,5,106.91657735753824,1,1,2,106.91657735753824,22051,0.05823747,1,1,1
220510233002,8,b1,0,1,53.0,29.3018296975966,5,106.86845087830896,1,1,1,106.86845087830896,22051,0.05823747,1,1,1
220510234001,17,b1,0,1,84.0,29.3391994831606,5,101.13515461783804,1,1,1,101.13515461783804,22051,0.05823747,1,1,1
220510234003,14,b1,0,1,49.0,29.3042375229165,5,105.69388997099522,1,1,2,105.69388997099522,22051,0.05823747,1,1,1
220510235002,19,b1,0,1,105.0,29.1830169396011,5,120.9205582061645,1,1,2,120.9205582061645,22051,0.05823747,1,1,1
220510235003,24,b1,0,1,65.0,29.2392938218569,5,108.39540930219722,1,1,2,108.39540930219722,22051,0.05823747,1,1,1
220510252021,4,b1,0,1,80.0,30.2069536976346,5,88.60341186054458,1,1,4,88.60341186054458,22051,0.05823747,1,1,1
220510252024,17,b1,0,1,77.0,30.2381004233766,5,94.8000030517578,1,1,4,94.8000030517578,22051,0.05823747,1,1,1
220510254002,12,b1,0,1,64.0,30.1699458156271,5,89.12695711512602,1,1,4,89.12695711512602,22051,0.05823747,1,1,1
220510253001,8,b1,0,1,24.0,30.1899299891717,5,88.63579110651946,1,1,5,88.63579110651946,22051,0.05823747,1,1,1
220510253002,39,b1,0,1,95.0,30.1751785435727,5,90.05072862196862,1,1,5,90.05072862196862,22051,0.05823747,1,1,1
220510254003,4,b1,0,1,62.0,30.1665900358604,5,89.17378457717784,1,1,4,89.17378457717784,22051,0.05823747,1,1,1
220330033003,4,b1,0,1,41.0,32.5718471438393,4,138.90593377904952,1,1,1,138.90593377904952,22033,0.02202799,0,0,1
220330033004,7,b1,0,1,26.0,32.3641668740701,4,171.74136370510536,1,2,0,171.74136370510536,22033,0.02202799,0,0,1
220330033005,9,b1,0,1,39.0,32.5890190610857,4,138.49219446527226,1,1,1,138.49219446527226,22033,0.02202799,0,0,1
220330037011,8,b1,0,1,117.0,31.6707248178433,6,150.65042961672924,1,2,1,150.65042961672924,22033,0.02202799,0,0,1
220330037014,12,b1,0,1,103.0,31.8600949102508,6,147.3343057316789,1,1,1,147.3343057316789,22033,0.02202799,0,0,1
220510203022,16,b1,0,1,92.0,29.4382677505026,5,97.00626661355636,1,1,3,97.00626661355636,22051,0.05823747,1,1,1
220510203024,12,b1,0,1,80.0,29.387116087575,5,97.42521900356616,1,1,3,97.42521900356616,22051,0.05823747,1,1,1
220510203032,19,b1,0,1,97.0,29.4453605602546,5,97.55544039657272,1,1,3,97.55544039657272,22051,0.05823747,1,1,1
220510203033,11,b1,0,1,80.0,29.3703960024688,5,100.82078959297544,1,1,3,100.82078959297544,22051,0.05823747,1,1,1
220510203031,15,b1,0,1,83.0,29.3302573039077,5,101.53125673809676,1,1,3,101.53125673809676,22051,0.05823747,1,1,1
220510204001,22,b1,0,1,122.0,29.2838389399881,5,108.64110243324308,1,1,3,108.64110243324308,22051,0.05823747,1,1,1
220510205021,4,b1,0,1,91.0,29.1217865160158,5,125.5,1,1,2,125.5,22051,0.05823747,1,1,1
220510236001,17,b1,0,1,75.0,29.2491198461326,5,109.3537058964378,1,1,2,109.3537058964378,22051,0.05823747,1,1,1
220510205061,23,b1,0,1,86.0,29.1901244456397,5,116.0056631574975,1,1,2,116.0056631574975,22051,0.05823747,1,1,1
220510205062,18,b1,0,1,149.0,29.1705799876959,5,121.0535839246887,1,1,2,121.0535839246887,22051,0.05823747,1,1,1
220510205072,16,b1,0,1,112.0,29.0094360423681,5,136.4119133912213,1,1,3,136.4119133912213,22051,0.05823747,1,1,1
220510236003,19,b1,0,1,112.0,29.1565050353765,5,120.7898715342127,1,1,2,120.7898715342127,22051,0.05823747,1,1,1
220510237001,8,b1,0,1,29.0,29.2402959681149,5,109.3924853701614,1,1,1,109.3924853701614,22051,0.05823747,1,1,1
220510239041,16,b1,0,1,111.0,29.1838356882035,5,111.60453676216731,1,1,3,111.60453676216731,22051,0.05823747,1,1,1
220510238001,27,b1,0,1,128.0,29.1605508156315,5,115.51770471823076,1,1,1,115.51770471823076,22051,0.05823747,1,1,1
220510238002,16,b1,0,1,55.0,29.1093054162454,5,118.40094866889928,1,1,1,118.40094866889928,22051,0.05823747,1,1,1
220510239011,8,b1,0,1,91.0,29.2766774845705,5,109.18791367653068,1,1,2,109.18791367653068,22051,0.05823747,1,1,1
220510239012,8,b1,0,1,89.0,29.2418591247394,5,110.08455957689723,1,1,3,110.08455957689723,22051,0.05823747,1,1,1
220510239031,19,b1,0,1,56.0,29.2075181167225,5,112.58172960911304,1,1,1,112.58172960911304,22051,0.05823747,1,1,1
220510239042,16,b1,0,1,99.0,29.1609784115718,5,115.30826108942324,1,1,1,115.30826108942324,22051,0.05823747,1,1,1
220510264001,12,b1,0,1,75.0,29.9381794643627,5,90.4045549577391,1,1,6,90.4045549577391,22051,0.05823747,1,1,1
220510259001,17,b1,0,1,62.0,30.0834027274001,5,112.5850506446843,1,1,5,112.5850506446843,22051,0.05823747,1,1,1
220510260002,4,b1,0,1,39.0,30.0314611295489,5,93.18740063470656,1,1,6,93.18740063470656,22051,0.05823747,1,1,1
220510261001,20,b1,0,1,110.0,30.1045600232564,5,89.96267638859445,1,1,4,89.96267638859445,22051,0.05823747,1,1,1
220510261003,9,b1,0,1,75.0,30.053972586007,5,90.923301402575,1,1,5,90.923301402575,22051,0.05823747,1,1,1
220510278053,37,b1,0,1,179.0,30.0974509017911,5,91.0,1,1,3,91.0,22051,0.05823747,1,1,1
220090307005,12,b1,0,1,176.0,32.5184702549652,3,136.03334045410156,1,1,2,136.03334045410156,22009,1.52021072,0,0,1
220510264002,15,b1,0,1,77.0,29.9518975083324,5,89.31343650408968,1,1,4,89.31343650408968,22051,0.05823747,1,1,1
220510265001,20,b1,0,1,123.0,29.9181585247074,5,90.22330638977668,1,1,6,90.22330638977668,22051,0.05823747,1,1,1
220330035043,4,b1,0,1,62.0,31.4758307419071,5,161.42532332063976,1,2,0,161.42532332063976,22033,0.02202799,0,0,1
220330037015,8,b1,0,1,88.0,31.7498644884034,6,145.68874256334172,1,1,2,145.68874256334172,22033,0.02202799,0,0,1
220330039091,8,b1,0,1,165.0,31.9818322778388,5,138.95293805670806,1,1,2,138.95293805670806,22033,0.02202799,0,0,1
221159504001,16,b1,0,1,94.0,42.166528820563,2,151.5,2,2,3,151.5,22115,19.00196373,0,0,0
221159503002,5,b1,0,1,74.0,48.4973539346606,3,185.4375,2,2,1,185.4375,22115,19.00196373,0,0,0
221159509001,26,b1,0,1,87.0,51.3713622147221,2,163.10000610351562,2,2,1,163.10000610351562,22115,19.00196373,0,0,0
221159507011,4,b1,0,1,183.0,42.5527993957429,2,173.346435546875,2,2,3,173.346435546875,22115,19.00196373,0,0,0
221159502002,42,b1,0,1,208.0,47.6066547524327,3,146.73333740234375,2,1,3,146.73333740234375,22115,19.00196373,0,0,0
221159506001,11,b1,0,1,69.0,50.3085939583152,2,152.45001220703125,2,2,2,152.45001220703125,22115,19.00196373,0,0,0
221159508004,25,b1,0,1,100.0,40.5908471613007,3,136.9875030517578,2,1,4,136.9875030517578,22115,19.00196373,0,0,0
221159505001,18,b1,0,1,120.0,40.7157559406304,2,153.09876578063103,2,2,3,153.09876578063103,22115,19.00196373,0,0,0
220570220001,19,b1,0,1,235.0,38.5914225024723,3,87.86887596586236,2,1,2,87.86887596586236,22057,0.52554993,1,1,1
221030408024,21,b1,0,1,88.0,30.6072478087589,4,232.1000061035156,1,2,3,232.1000061035156,22103,0.05873937,1,1,0
221030408023,35,b1,0,1,264.0,30.4443341361339,4,212.20221036311185,1,2,3,212.20221036311185,22103,0.05873937,1,1,0
220930401002,17,b1,0,1,83.0,41.1986345485126,3,160.42857360839844,2,2,1,160.42857360839844,22093,0.29947926,1,1,1
220170245033,21,b1,0,1,87.0,31.1138794261652,2,34.186853992265284,1,1,0,34.186853992265284,22017,0.0,0,0,0
220170245031,15,b1,0,1,136.0,30.9937710641319,2,34.831690085574785,1,1,0,34.831690085574785,22017,0.0,0,0,0
220170245042,8,b1,0,1,56.0,26.4541755005423,2,65.9000015258789,1,1,0,65.9000015258789,22017,0.0,0,0,0
221059533002,21,b1,0,1,87.0,35.555183546702,4,55.75,2,1,0,55.75,22105,0.00826522,0,1,0
221059541021,36,b1,0,1,143.0,38.269847556469,3,134.73780521935532,2,1,2,134.73780521935532,22105,0.00826522,0,1,1
221059540023,16,b1,0,1,73.0,35.7095860755668,3,121.0500030517578,2,1,1,121.0500030517578,22105,0.00826522,0,1,0
221059547002,40,b1,0,1,228.0,42.073235716548,3,115.54444885253906,2,1,2,115.54444885253906,22105,0.00826522,1,1,1
221059541024,29,b1,0,1,163.0,38.3792083724403,3,94.9000015258789,2,1,2,94.9000015258789,22105,0.00826522,0,1,1
221059545022,29,b1,0,1,211.0,38.0462418746823,3,97.9000015258789,2,1,2,97.9000015258789,22105,0.00826522,0,1,1
221059545023,18,b1,0,1,114.0,39.1586131875726,3,96.8000030517578,2,1,2,96.8000030517578,22105,0.00826522,0,1,1
221059536004,45,b1,0,1,127.0,38.4347645338738,3,188.6333465576172,2,2,0,188.6333465576172,22105,0.00826522,0,1,1
221059545012,103,b1,0,1,613.0,38.5468816599379,3,94.95583390188372,2,1,2,94.95583390188372,22105,0.00826522,0,1,1
221059545011,41,b1,0,1,296.0,39.3205573546315,3,96.58167664931942,2,1,2,96.58167664931942,22105,0.00826522,0,1,1
220190019011,29,b1,0,1,237.0,54.8514197968342,4,212.3999938964844,2,2,2,212.3999938964844,22019,32.47305225,0,1,0
220190019012,131,b1,0,1,1520.0,54.4192069397634,3,204.9108661367486,2,2,3,204.9108661367486,22019,32.47305225,0,1,0
220190020003,22,b1,0,1,178.0,50.1378654399028,2,382.5750122070313,2,2,0,382.5750122070313,22019,32.47305225,0,1,0
220190021001,23,b1,0,1,112.0,49.6784415364675,2,327.32987616304285,2,2,0,327.32987616304285,22019,32.47305225,0,1,0
220170239013,16,b1,0,1,121.0,33.8895104454774,1,49.13720460182356,2,1,0,49.13720460182356,22017,0.0,0,0,0
220170239014,12,b1,0,1,139.0,33.7230017808286,1,50.79999923706055,2,1,0,50.79999923706055,22017,0.0,0,0,0
220170239041,19,b1,0,1,215.0,34.244513311944,1,45.14552180299084,2,1,0,45.14552180299084,22017,0.0,0,0,0
220170239052,11,b1,0,1,152.0,33.8202825140294,1,51.911110017179574,2,1,0,51.911110017179574,22017,0.0,0,0,0
220170241093,20,b1,0,1,111.0,33.9034890765881,1,55.5,2,1,0,55.5,22017,0.0,0,0,0
220170242012,4,b1,0,1,110.0,31.7373886037389,2,49.099998474121094,1,1,0,49.099998474121094,22017,0.0,0,0,0
220170243012,4,b1,0,1,88.0,30.3970216417226,2,39.400001525878906,1,1,0,39.400001525878906,22017,0.0,0,0,0
220330040153,12,b1,0,1,62.0,33.3731883329341,4,59.81140748750256,2,1,0,59.81140748750256,22033,0.02202799,0,0,1
220550001001,8,b1,0,1,61.0,35.942074194438,3,164.4512587492539,2,2,2,164.4512587492539,22055,1.5760870500000002,0,0,1
220550001002,21,b1,0,1,162.0,35.6648075274635,3,163.39079576797437,2,2,2,163.39079576797437,22055,1.5760870500000002,0,0,1
220750504001,16,b1,0,1,146.0,38.4469853178178,4,101.9031753540039,2,1,2,101.9031753540039,22075,1.49824733,1,1,1
220750508001,16,b1,0,1,204.0,33.6293381706092,4,94.07020568847656,2,1,3,94.07020568847656,22075,1.49824733,1,1,1
220090307004,24,b1,0,1,121.0,32.3333056019635,3,139.85000610351562,1,1,2,139.85000610351562,22009,1.52021072,0,0,1
220090306005,5,b1,0,1,47.0,33.239144296118,3,168.39579308689866,2,2,1,168.39579308689866,22009,1.52021072,0,0,0
220090301001,15,b1,0,1,92.0,31.6924649617753,3,133.10250854492188,1,1,1,133.10250854492188,22009,1.52021072,0,0,1
220550015002,9,b1,0,1,67.0,36.1661070418153,3,163.7615421786118,2,2,2,163.7615421786118,22055,1.5760870500000002,0,0,1
220550015003,18,b1,0,1,165.0,36.7067562062928,3,157.38115360566746,2,2,2,157.38115360566746,22055,1.5760870500000002,0,0,1
220550015004,8,b1,0,1,107.0,36.4058625346262,3,164.31166928318274,2,2,2,164.31166928318274,22055,1.5760870500000002,0,0,1
220550016003,4,b1,0,1,60.0,37.1456285015684,3,154.8695078661642,2,2,2,154.8695078661642,22055,1.5760870500000002,0,0,1
220550017003,22,b1,0,1,95.0,37.4304548687556,3,146.52183752453274,2,1,3,146.52183752453274,22055,1.5760870500000002,0,0,1
220070502001,12,b1,0,1,208.0,37.5609675884,3,49.60000228881836,2,1,0,49.60000228881836,22007,0.2395300699999999,1,1,1
221190321003,24,b1,0,1,79.0,36.4694582470115,1,106.6500015258789,2,1,2,106.6500015258789,22119,0.0,0,0,0
221190311002,8,b1,0,1,89.0,32.4888850215271,2,63.73684310913086,1,1,0,63.73684310913086,22119,0.0,0,0,0
220139704003,8,b1,0,1,78.0,27.298377903331,3,142.6875,1,1,2,142.6875,22013,0.0,0,0,0
220170240002,33,b1,0,1,259.0,35.6457533491431,1,91.125,2,1,1,91.125,22017,0.0,0,0,0
220170240001,59,b1,0,1,502.0,32.9592896239803,2,61.5,1,1,0,61.5,22017,0.0,0,0,0
220170241092,13,b1,0,1,64.0,33.6919924024198,1,57.79678446921131,2,1,0,57.79678446921131,22017,0.0,0,0,0
220170245032,13,b1,0,1,106.0,29.5623394242021,2,35.599998474121094,1,1,0,35.599998474121094,22017,0.0,0,0,0
220170242023,44,b1,0,1,207.0,33.5706957040284,1,54.849998474121094,2,1,0,54.849998474121094,22017,0.0,0,0,0
220170248001,13,b1,0,1,59.0,28.2930834889942,2,58.606666564941406,1,1,0,58.606666564941406,22017,0.0,0,0,0
220730006002,12,b1,0,1,71.0,20.2363629101597,0,170.8000030517578,1,2,0,170.8000030517578,22073,0.0,0,0,0
220730055002,11,b1,0,1,101.0,22.7086255658752,2,106.75729146744142,1,1,2,106.75729146744142,22073,0.0,0,0,0
220730102013,16,b1,0,1,184.0,20.4968778957668,0,110.46397319974076,1,1,1,110.46397319974076,22073,0.0,0,0,0
220790101003,28,b1,0,1,256.0,31.9571311482734,4,223.8166656494141,1,2,0,223.8166656494141,22079,4.49269524,0,0,0
220790123023,16,b1,0,1,135.0,32.3014536574242,3,220.86537746513355,1,2,1,220.86537746513355,22079,4.49269524,0,0,0
220550010011,29,b1,0,1,215.0,35.850183083267,3,178.89999389648438,2,2,2,178.89999389648438,22055,1.5760870500000002,0,0,1
220790123013,8,b1,0,1,62.0,32.2895401757926,3,218.6803573006811,1,2,1,218.6803573006811,22079,4.49269524,0,0,0
220790123012,30,b1,0,1,272.0,32.2728839869628,3,213.66954739597023,1,2,1,213.66954739597023,22079,4.49269524,0,0,0
220990201003,35,b1,0,1,204.0,35.5276511769499,1,120.89999389648438,2,1,3,120.89999389648438,22099,2.17976609,0,1,1
221179506002,21,b1,0,1,138.0,29.4788384791642,4,104.08000183105467,1,1,4,104.08000183105467,22117,0.0022141099999999,0,0,0
221179507001,4,b1,0,1,95.0,29.7618748012725,4,94.63093520153735,1,1,3,94.63093520153735,22117,0.0022141099999999,0,0,0
220570217001,33,b1,0,1,142.0,33.4086904809042,3,131.69941243962833,2,1,3,131.69941243962833,22057,0.52554993,1,1,1
220570207022,15,b1,0,1,106.0,38.1312547144585,3,81.95000457763672,2,1,2,81.95000457763672,22057,0.52554993,1,1,1
220570216021,50,b1,0,1,174.0,33.3179062667974,3,122.24000549316406,2,1,4,122.24000549316406,22057,0.52554993,1,1,1
220570206002,5,b1,0,1,46.0,38.1787063688528,3,77.5999984741211,2,1,2,77.5999984741211,22057,0.52554993,1,1,1
220570211003,20,b1,0,1,81.0,33.726934394889,4,113.05999755859376,2,1,3,113.05999755859376,22057,0.52554993,1,1,1
220570208001,11,b1,0,1,74.0,40.979590105123,3,140.90000915527344,2,1,3,140.90000915527344,22057,0.52554993,1,1,1
220479531022,43,b1,0,1,164.0,35.0158413751136,4,58.0,2,1,0,58.0,22047,0.33403865,0,1,1
220919512005,25,b1,0,1,86.0,36.6130757456541,4,103.91666412353516,2,1,2,103.91666412353516,22091,0.04607514,0,0,1
220919511003,8,b1,0,1,34.0,31.5447430715714,5,65.19999694824219,1,1,0,65.19999694824219,22091,0.04607514,0,0,1
220919512002,22,b1,0,1,101.0,34.3386849225615,4,100.58000183105467,2,1,2,100.58000183105467,22091,0.04607514,0,0,1
220919511001,12,b1,0,1,72.0,34.7691771228542,4,46.890907287597656,2,1,0,46.890907287597656,22091,0.04607514,0,0,0
220919512001,8,b1,0,1,72.0,34.3945424293844,4,78.43333435058594,2,1,1,78.43333435058594,22091,0.04607514,0,0,1
220919512003,12,b1,0,1,53.0,33.7816963198921,4,87.5999984741211,2,1,1,87.5999984741211,22091,0.04607514,0,0,1
220919512004,11,b1,0,1,81.0,34.5666621738752,4,102.61111450195312,2,1,1,102.61111450195312,22091,0.04607514,0,0,1
220919511004,8,b1,0,1,40.0,34.1530266005557,4,54.525001525878906,2,1,0,54.525001525878906,22091,0.04607514,0,0,1
221030411021,21,b1,0,1,134.0,30.4551176347552,4,169.04596905197735,1,2,3,169.04596905197735,22103,0.05873937,1,1,0
221030408035,42,b1,0,1,237.0,31.5392939963544,4,234.3000030517578,1,2,2,234.3000030517578,22103,0.05873937,1,1,0
221030407061,22,b1,0,1,91.0,32.3767881311261,4,207.8000030517578,1,2,4,207.8000030517578,22103,0.05873937,0,1,0
221030407065,23,b1,0,1,138.0,30.766199960798,4,199.0,1,2,4,199.0,22103,0.05873937,0,1,0
221030404002,85,b1,0,1,653.0,33.0531438530318,4,120.5999984741211,2,1,2,120.5999984741211,22103,0.05873937,1,1,0
221030405012,18,b1,0,1,100.0,29.0288480338116,5,120.48070525425304,1,1,2,120.48070525425304,22103,0.05873937,0,1,0
221030411023,8,b1,0,1,98.0,30.5501973274726,4,194.84321459226217,1,2,3,194.84321459226217,22103,0.05873937,1,1,0
221030401023,33,b1,0,1,157.0,29.2973890331465,4,89.9000015258789,1,1,2,89.9000015258789,22103,0.05873937,0,1,0
221030403051,46,b1,0,1,220.0,34.318557062262,4,134.10000610351562,2,1,1,134.10000610351562,22103,0.05873937,0,1,0
221030408034,4,b1,0,1,35.0,32.0170578825115,4,247.20001220703125,1,2,2,247.20001220703125,22103,0.05873937,1,1,0
221030406012,14,b1,0,1,252.0,31.8075628389413,5,118.3000030517578,1,1,3,118.3000030517578,22103,0.05873937,1,1,0
221030403044,20,b1,0,1,259.0,29.2946072836296,5,109.03903381206788,1,1,3,109.03903381206788,22103,0.05873937,1,1,0
220170242022,54,b1,0,1,294.0,32.0207104962433,2,49.599998474121094,1,1,0,49.599998474121094,22017,0.0,0,0,0
220170243041,62,b1,0,1,288.0,30.2038746933542,2,55.90000534057617,1,1,0,55.90000534057617,22017,0.0,0,0,0
220170242032,32,b1,0,1,63.0,31.6383443171725,2,54.125,1,1,0,54.125,22017,0.0,0,0,0
220170241081,8,b1,0,1,76.0,33.9120478620015,1,55.586364993365926,2,1,0,55.586364993365926,22017,0.0,0,0,0
220190017001,60,b1,0,1,394.0,47.2852890952769,2,300.45001220703125,2,2,1,300.45001220703125,22019,32.47305225,0,1,0
220330040151,22,b1,0,1,189.0,33.8363954387372,4,57.0,2,1,0,57.0,22033,0.02202799,0,0,1
220510278044,32,b1,0,1,145.0,30.2425757572314,5,93.949082644114,1,1,3,93.949082644114,22051,0.05823747,1,1,1
220510277013,8,b1,0,1,82.0,30.1146858863199,5,99.9499969482422,1,1,6,99.9499969482422,22051,0.05823747,1,1,1
220510258002,4,b1,0,1,31.0,30.1648582586176,5,109.62202489100396,1,1,4,109.62202489100396,22051,0.05823747,1,1,1
220170250004,4,b1,0,1,36.0,24.1370970990208,2,45.5,1,1,0,45.5,22017,0.0,0,0,0
220170239011,45,b1,0,1,330.0,34.1295992352009,1,47.7100567581333,2,1,0,47.7100567581333,22017,0.0,0,0,0
220170242033,18,b1,0,1,129.0,32.8887956868469,2,52.94444274902344,1,1,0,52.94444274902344,22017,0.0,0,0,0
221190315004,17,b1,0,1,61.0,35.2186691111337,1,74.96666717529297,2,1,1,74.96666717529297,22119,0.0,0,0,0
220170241022,8,b1,0,1,91.0,33.1038489410907,1,56.986011057957235,2,1,0,56.986011057957235,22017,0.0,0,0,0
220170254062,28,b1,0,1,83.0,30.5528992615027,2,33.400001525878906,1,1,0,33.400001525878906,22017,0.0,0,0,0
220170227002,4,b1,0,1,70.0,33.5506599013221,1,43.126705038185904,2,1,0,43.126705038185904,22017,0.0,0,0,0
220070502003,4,b1,0,1,141.0,40.8143232076905,4,60.45000076293945,2,1,0,60.45000076293945,22007,0.2395300699999999,1,1,1
220170241021,32,b1,0,1,172.0,33.4756873758,1,60.29999923706055,2,1,0,60.29999923706055,22017,0.0,0,0,0
220170241043,4,b1,0,1,56.0,33.5897853706936,1,47.28470985146806,2,1,0,47.28470985146806,22017,0.0,0,0,0
220170241063,4,b1,0,1,115.0,33.6009636762816,1,52.98200054270072,2,1,0,52.98200054270072,22017,0.0,0,0,0
220170241064,12,b1,0,1,78.0,33.5710588096744,1,54.16253905268322,2,1,0,54.16253905268322,22017,0.0,0,0,0
220070506003,21,b1,0,1,159.0,38.6166735478397,3,65.80000305175781,2,1,0,65.80000305175781,22007,0.2395300699999999,1,1,1
220070501002,8,b1,0,1,91.0,37.8463599678401,3,53.69999694824219,2,1,0,53.69999694824219,22007,0.2395300699999999,1,1,1
220070503001,9,b1,0,1,94.0,42.3241444034203,3,80.2249984741211,2,1,1,80.2249984741211,22007,0.2395300699999999,1,1,1
220070506002,5,b1,0,1,59.0,37.175043154115,3,75.68000793457031,2,1,2,75.68000793457031,22007,0.2395300699999999,1,1,1
220070505002,8,b1,0,1,85.0,39.3660591184354,3,60.46000289916992,2,1,0,60.46000289916992,22007,0.2395300699999999,1,1,1
221090012021,25,b2,0,2,254.0,34.2873689216262,2,105.60942840576172,2,1,3,105.60942840576172,22109,0.7674244,1,1,1
221090012023,18,b2,0,2,121.0,33.8387688007255,3,141.5,2,1,3,141.5,22109,0.7674244,1,1,1
221030413003,4,b2,0,2,153.0,29.4802922866134,5,103.3000030517578,1,1,3,103.3000030517578,22103,0.05873937,1,1,0
221030407011,63,b2,0,2,331.0,29.6474289168828,4,100.25,1,1,3,100.25,22103,0.05873937,0,1,0
221030411011,45,b2,0,2,282.0,30.2558281312235,4,138.0,1,1,5,138.0,22103,0.05873937,1,1,0
220950701001,18,b2,0,2,79.0,31.7255041299701,4,153.0,1,2,1,153.0,22095,0.2488945099999999,1,1,1
220950705002,5,b2,0,2,62.0,32.323492371079,4,144.0932959142486,1,1,3,144.0932959142486,22095,0.2488945099999999,1,1,1
220950705001,7,b2,0,2,83.0,32.766933104491,4,143.3000030517578,1,1,3,143.3000030517578,22095,0.2488945099999999,1,1,1
221090002012,5,b2,0,2,57.0,44.6756651930432,3,137.3000030517578,2,1,2,137.3000030517578,22109,0.7674244,1,1,1
221090002013,42,b2,0,2,106.0,34.2127648982689,4,151.1504395414706,2,2,1,151.1504395414706,22109,0.7674244,1,1,1
221090002021,89,b2,0,2,313.0,34.3088472574601,4,157.39003375011268,2,2,1,157.39003375011268,22109,0.7674244,1,1,1
221090002022,28,b2,0,2,142.0,34.2674708284783,4,156.22012408740224,2,2,1,156.22012408740224,22109,0.7674244,1,1,1
221090002023,37,b2,0,2,186.0,34.385210282025,4,155.70001220703125,2,2,1,155.70001220703125,22109,0.7674244,1,1,1
221210204012,32,b2,0,2,191.0,35.0699183087342,4,63.45000076293945,2,1,0,63.45000076293945,22121,0.36837128,0,0,1
221090001023,12,b2,0,2,72.0,43.0910665472462,3,143.721320652832,2,1,2,143.721320652832,22109,0.7674244,1,1,1
220710017253,4,b2,0,2,56.0,32.4416094992292,5,90.73230676147692,1,1,4,90.73230676147692,22071,0.06577263,1,1,0
220930401001,33,b2,0,2,165.0,43.1105726843697,4,149.44616823806086,2,1,2,149.44616823806086,22093,0.29947926,1,1,1
221090001011,11,b2,0,2,97.0,40.2003950907991,3,100.3000030517578,2,1,2,100.3000030517578,22109,0.7674244,1,1,1
221090006006,13,b2,0,2,79.0,33.8374316183851,3,176.632937691983,2,2,2,176.632937691983,22109,0.7674244,1,1,1
221090015001,35,b2,0,2,123.0,41.220992429493,4,100.97999572753906,2,1,1,100.97999572753906,22109,0.7674244,1,1,1
221090013004,40,b2,0,2,173.0,33.6758626543294,3,173.45689059995985,2,2,1,173.45689059995985,22109,0.7674244,1,1,1
221090010001,41,b2,0,2,236.0,33.9669729753861,3,144.25,2,1,3,144.25,22109,0.7674244,1,1,1
221090013003,22,b2,0,2,117.0,35.0783202524315,2,154.8000030517578,2,2,2,154.8000030517578,22109,0.7674244,1,1,1
221090012012,28,b2,0,2,114.0,33.6267326476975,2,141.16241494853443,2,1,4,141.16241494853443,22109,0.7674244,1,1,1
221090013001,25,b2,0,2,125.0,31.0036958436635,3,164.546142578125,1,2,1,164.546142578125,22109,0.7674244,1,1,1
221090012011,19,b2,0,2,151.0,33.8915095642644,3,159.4250030517578,2,2,2,159.4250030517578,22109,0.7674244,1,1,1
221090006002,8,b2,0,2,47.0,34.3526811787462,3,181.2219054757525,2,2,2,181.2219054757525,22109,0.7674244,1,1,1
221090003001,56,b2,0,2,233.0,34.1884127297108,4,156.60967238439076,2,2,1,156.60967238439076,22109,0.7674244,1,1,1
221090014001,25,b2,0,2,100.0,40.2564029359621,4,144.53562927246094,2,1,1,144.53562927246094,22109,0.7674244,1,1,1
221090017001,53,b2,0,2,168.0,43.622144670933,3,130.9166717529297,2,1,2,130.9166717529297,22109,0.7674244,1,1,1
221090017003,71,b2,0,2,269.0,34.1308760035951,4,160.25,2,2,1,160.25,22109,0.7674244,1,1,1
221090009002,21,b2,0,2,69.0,34.2802312058407,3,173.4626947590309,2,2,2,173.4626947590309,22109,0.7674244,1,1,1
221090005003,26,b2,0,2,53.0,34.3011252521548,3,173.47859215816467,2,2,2,173.47859215816467,22109,0.7674244,1,1,1
221090004022,24,b2,0,2,94.0,34.2969004904399,3,158.362556329127,2,2,1,158.362556329127,22109,0.7674244,1,1,1
221090009001,42,b2,0,2,160.0,34.3223655946624,3,176.19599982259405,2,2,2,176.19599982259405,22109,0.7674244,1,1,1
221090009003,19,b2,0,2,51.0,34.2836453743769,3,179.00742605015907,2,2,2,179.00742605015907,22109,0.7674244,1,1,1
221090008002,27,b2,0,2,91.0,34.1933889127767,3,185.74558422252457,2,2,2,185.74558422252457,22109,0.7674244,1,1,1
221090008005,31,b2,0,2,157.0,33.9252997602199,3,181.2466124022663,2,2,2,181.2466124022663,22109,0.7674244,1,1,1
220990205022,34,b2,0,2,288.0,37.5135518725741,3,141.89999389648438,2,1,4,141.89999389648438,22099,2.17976609,0,1,1
220930404003,4,b2,0,2,55.0,43.7268889515115,4,130.14999389648438,2,1,2,130.14999389648438,22093,0.29947926,1,1,1
220930402001,8,b2,0,2,94.0,43.302082890047,4,125.2549534164771,2,1,2,125.2549534164771,22093,0.29947926,1,1,1
220930403002,8,b2,0,2,57.0,44.9094234244376,4,116.5999984741211,2,1,2,116.5999984741211,22093,0.29947926,1,1,1
220930405002,4,b2,0,2,73.0,41.5440690511018,3,122.55555725097656,2,1,1,122.55555725097656,22093,0.29947926,1,1,1
221090001012,40,b2,0,2,193.0,39.9304159221673,3,90.6930244039536,2,1,2,90.6930244039536,22109,0.7674244,1,1,1
221259518002,11,b2,0,2,119.0,33.4794413916864,2,72.55999755859375,2,1,1,72.55999755859375,22125,0.32906933,0,0,1
221259517011,14,b2,0,2,74.0,31.8756882003686,3,101.56666564941406,1,1,1,101.56666564941406,22125,0.32906933,0,0,1
221259517021,8,b2,0,2,66.0,32.4668213645178,3,98.21818542480467,1,1,1,98.21818542480467,22125,0.32906933,0,0,1
221259518003,20,b2,0,2,211.0,32.5916768443418,4,66.97500610351562,1,1,0,66.97500610351562,22125,0.32906933,0,0,1
220930406001,8,b2,0,2,81.0,45.053542478093,4,112.4000015258789,2,1,2,112.4000015258789,22093,0.29947926,1,1,1
220930407002,4,b2,0,2,66.0,43.1588384176886,3,117.98157784274062,2,1,3,117.98157784274062,22093,0.29947926,1,1,1
221090001021,33,b2,0,2,79.0,42.359972111268,3,133.15974954389506,2,1,2,133.15974954389506,22109,0.7674244,1,1,1
221090001022,25,b2,0,2,132.0,42.0713512840208,3,140.89999389648438,2,1,2,140.89999389648438,22109,0.7674244,1,1,1
221090002011,39,b2,0,2,151.0,34.2541559212674,4,149.71557252065145,2,1,2,149.71557252065145,22109,0.7674244,1,1,1
221090003002,45,b2,0,2,202.0,34.1870401819407,4,160.14744205322165,2,2,1,160.14744205322165,22109,0.7674244,1,1,1
221090003003,8,b2,0,2,73.0,34.2132109929008,3,167.68744102918785,2,2,1,167.68744102918785,22109,0.7674244,1,1,1
221090003004,8,b2,0,2,43.0,34.2359056212786,3,168.8927201733197,2,2,1,168.8927201733197,22109,0.7674244,1,1,1
221090004021,25,b2,0,2,158.0,34.245493686466,4,156.72785761379558,2,2,1,156.72785761379558,22109,0.7674244,1,1,1
221090004023,37,b2,0,2,128.0,34.2894663295892,3,159.07460762610154,2,2,1,159.07460762610154,22109,0.7674244,1,1,1
221090011002,12,b2,0,2,118.0,36.7610492446463,2,113.05578836061696,2,1,4,113.05578836061696,22109,0.7674244,1,1,1
221090005004,12,b2,0,2,66.0,34.2806513405692,3,172.45499495196424,2,2,2,172.45499495196424,22109,0.7674244,1,1,1
221090004012,20,b2,0,2,90.0,34.2847607524791,3,163.12973880494684,2,2,1,163.12973880494684,22109,0.7674244,1,1,1
221090004011,20,b2,0,2,83.0,34.2484515759912,3,161.75810522859757,2,2,1,161.75810522859757,22109,0.7674244,1,1,1
221090004014,37,b2,0,2,156.0,34.2458813615136,3,163.73240151822714,2,2,1,163.73240151822714,22109,0.7674244,1,1,1
221090005001,16,b2,0,2,90.0,34.3587153742497,3,166.5,2,2,2,166.5,22109,0.7674244,1,1,1
221090005002,20,b2,0,2,120.0,34.3250820374474,3,172.86980090850946,2,2,2,172.86980090850946,22109,0.7674244,1,1,1
220710017411,4,b2,0,2,48.0,34.3015355586794,4,92.17896801356969,2,1,5,92.17896801356969,22071,0.06577263,1,1,0
220710017491,4,b2,0,2,56.0,35.0492457097358,4,93.08276811537438,2,1,5,93.08276811537438,22071,0.06577263,1,1,0
221090014003,26,b2,0,2,95.0,34.0760060763971,2,192.94000244140625,2,2,2,192.94000244140625,22109,0.7674244,1,1,1
221090015002,70,b2,0,2,216.0,44.089713155388,3,183.3999938964844,2,2,0,183.3999938964844,22109,0.7674244,1,1,1
221090016001,33,b2,0,2,94.0,44.2407329991164,3,108.29999542236328,2,1,1,108.29999542236328,22109,0.7674244,1,1,1
221090017002,208,b2,0,2,605.0,44.6571734397332,3,162.5,2,2,1,162.5,22109,0.7674244,1,1,1
221090008004,34,b2,0,2,161.0,34.123369865095,3,186.48673308041828,2,2,2,186.48673308041828,22109,0.7674244,1,1,1
221090005005,31,b2,0,2,92.0,34.2594806703695,3,167.54411069506156,2,2,1,167.54411069506156,22109,0.7674244,1,1,1
221090006001,8,b2,0,2,56.0,33.9061391445891,3,189.8000030517578,2,2,2,189.8000030517578,22109,0.7674244,1,1,1
221090006003,12,b2,0,2,88.0,34.2028908623588,3,184.20577976575365,2,2,2,184.20577976575365,22109,0.7674244,1,1,1
221090006005,20,b2,0,2,116.0,33.8916079899384,3,174.83325814252032,2,2,2,174.83325814252032,22109,0.7674244,1,1,1
221090007001,16,b2,0,2,94.0,34.3334210691057,3,184.1317802552261,2,2,2,184.1317802552261,22109,0.7674244,1,1,1
221090007002,8,b2,0,2,74.0,34.2258262686112,3,185.4608460216299,2,2,2,185.4608460216299,22109,0.7674244,1,1,1
221090007003,8,b2,0,2,60.0,34.119587536977,3,186.1050715998205,2,2,2,186.1050715998205,22109,0.7674244,1,1,1
221090008001,15,b2,0,2,94.0,34.2881950869862,3,188.3999938964844,2,2,2,188.3999938964844,22109,0.7674244,1,1,1
221090009005,32,b2,0,2,132.0,34.2060937509675,3,179.13193176742044,2,2,2,179.13193176742044,22109,0.7674244,1,1,1
220710006073,15,b2,0,2,73.0,30.3890691077513,5,87.95630700966171,1,1,3,87.95630700966171,22071,0.06577263,1,1,1
221090010002,12,b2,0,2,87.0,33.431066658769,2,125.54854594669249,2,1,3,125.54854594669249,22109,0.7674244,1,1,1
221090010003,57,b2,0,2,295.0,33.8650704553623,3,151.16732481772897,2,2,2,151.16732481772897,22109,0.7674244,1,1,1
221090011001,15,b2,0,2,79.0,36.4836166645296,2,122.0999984741211,2,1,4,122.0999984741211,22109,0.7674244,1,1,1
220710006121,4,b2,0,2,100.0,30.6499524635636,5,98.1999969482422,1,1,3,98.1999969482422,22071,0.06577263,1,1,0
220710026001,8,b2,0,2,20.0,30.1183400407435,5,124.31905197102402,1,1,4,124.31905197102402,22071,0.06577263,1,1,1
220930402002,4,b2,0,2,34.0,43.8097014457873,4,124.62018076401704,2,1,2,124.62018076401704,22093,0.29947926,1,1,1
220930407003,27,b2,0,2,123.0,42.3888922928645,3,127.4000015258789,2,1,3,127.4000015258789,22093,0.29947926,1,1,1
220930404002,16,b2,0,2,66.0,40.9357046138894,4,140.52500915527344,2,1,2,140.52500915527344,22093,0.29947926,1,1,1
221210202002,4,b2,0,2,251.0,34.0442472805929,4,68.5999984741211,2,1,0,68.5999984741211,22121,0.36837128,0,0,1
220710006182,16,b2,0,2,100.0,30.5992590926059,5,91.20335061532197,1,1,3,91.20335061532197,22071,0.06577263,1,1,1
221210204011,16,b2,0,2,242.0,34.3396729349809,4,70.10983280644751,2,1,1,70.10983280644751,22121,0.36837128,0,0,1
220119602002,24,b2,0,2,141.0,42.2894684971225,3,181.23333740234375,2,2,2,181.23333740234375,22011,30.17836803,0,0,0
220119603004,12,b2,0,2,52.0,38.3785479570951,3,168.04714671029794,2,2,2,168.04714671029794,22011,30.17836803,0,0,0
220119601001,27,b2,0,2,142.0,42.5890393169711,4,275.4750061035156,2,2,1,275.4750061035156,22011,30.17836803,0,0,0
220119607003,46,b2,0,2,286.0,52.1562976266972,2,251.260009765625,2,2,2,251.260009765625,22011,30.17836803,0,0,0
220119602003,8,b2,0,2,85.0,39.937713889936,2,151.64999389648438,2,2,3,151.64999389648438,22011,30.17836803,0,0,0
220119602001,39,b2,0,2,186.0,53.7573189519287,3,162.8583221435547,2,2,1,162.8583221435547,22011,30.17836803,0,0,0
220710014024,4,b2,0,2,33.0,30.2002214171857,5,107.15821068362288,1,1,4,107.15821068362288,22071,0.06577263,1,1,1
221179506003,12,b2,0,2,100.0,29.8162970081845,4,103.54000091552734,1,1,4,103.54000091552734,22117,0.0022141099999999,0,0,0
220550019041,16,b2,0,2,144.0,38.0775469459652,3,150.37899677618685,2,2,2,150.37899677618685,22055,1.5760870500000002,0,0,1
220550019011,13,b2,0,2,166.0,39.1249791699504,3,142.10000610351562,2,1,2,142.10000610351562,22055,1.5760870500000002,0,0,0
221179505001,44,b2,0,2,115.0,30.164241263638,4,118.5749969482422,1,1,2,118.5749969482422,22117,0.0022141099999999,0,0,0
221179502004,35,b2,0,2,162.0,32.8073959073946,4,103.53333282470705,1,1,1,103.53333282470705,22117,0.0022141099999999,0,0,0
221179502001,21,b2,0,2,109.0,36.0857555348547,3,79.125,2,1,1,79.125,22117,0.0022141099999999,0,0,0
221179502002,20,b2,0,2,106.0,35.4515403965784,3,82.16666412353516,2,1,1,82.16666412353516,22117,0.0022141099999999,0,0,0
221179503002,9,b2,0,2,121.0,36.2448499158793,3,105.29999542236328,2,1,1,105.29999542236328,22117,0.0022141099999999,0,0,0
221179505002,27,b2,0,2,153.0,38.2232574197976,3,123.72538189002258,2,1,1,123.72538189002258,22117,0.0022141099999999,0,0,0
221179503001,12,b2,0,2,51.0,35.0336107629708,3,90.66666412353516,2,1,1,90.66666412353516,22117,0.0022141099999999,0,0,0
221179506001,8,b2,0,2,82.0,30.3580215857056,4,89.46666717529297,1,1,3,89.46666717529297,22117,0.0022141099999999,0,0,0
221179504002,16,b2,0,2,69.0,34.9177779709862,2,72.75999450683594,2,1,1,72.75999450683594,22117,0.0022141099999999,0,0,0
221179504001,8,b2,0,2,61.0,35.1422633512602,2,83.25,2,1,1,83.25,22117,0.0022141099999999,0,0,0
221159508001,13,b2,0,2,61.0,41.9911854923417,4,339.05999755859375,2,2,1,339.05999755859375,22115,19.00196373,0,0,0
221010411002,13,b2,0,2,95.0,32.6195758178516,5,103.28484344482422,1,1,3,103.28484344482422,22101,0.68496657,1,1,1
221010409002,16,b2,0,2,94.0,38.7444824100675,3,91.95066833496094,2,1,2,91.95066833496094,22101,0.68496657,1,1,1
220570217002,16,b2,0,2,102.0,33.3472958332063,3,133.8233922772679,2,1,3,133.8233922772679,22057,0.52554993,1,1,1
221059541011,48,b2,0,2,298.0,36.8236899710063,3,129.8400786330603,2,1,2,129.8400786330603,22105,0.00826522,0,1,1
221059542002,24,b2,0,2,112.0,36.914110064536,3,105.12042791113184,2,1,1,105.12042791113184,22105,0.00826522,0,1,1
221059543001,8,b2,0,2,80.0,37.5154218711141,3,95.33720243145596,2,1,2,95.33720243145596,22105,0.00826522,0,1,1
221059543002,13,b2,0,2,120.0,37.5842951922107,3,106.43227785664544,2,1,2,106.43227785664544,22105,0.00826522,0,1,1
221059543004,4,b2,0,2,44.0,37.582646571588,3,93.8000030517578,2,1,2,93.8000030517578,22105,0.00826522,0,1,1
221059544003,24,b2,0,2,119.0,37.2544333577255,3,96.94633902298465,2,1,1,96.94633902298465,22105,0.00826522,0,1,1
221059545021,23,b2,0,2,130.0,37.5775085338143,3,97.4538311403118,2,1,1,97.4538311403118,22105,0.00826522,0,1,1
221159506002,24,b2,0,2,98.0,36.5332122738387,2,169.81153391909427,2,2,1,169.81153391909427,22115,19.00196373,0,0,0
220190020001,18,b2,0,2,120.0,52.8780246911834,2,326.6000061035156,2,2,0,326.6000061035156,22019,32.47305225,0,1,0
220190016004,5,b2,0,2,103.0,52.3193634451979,2,314.8661206425823,2,2,1,314.8661206425823,22019,32.47305225,0,1,0
220690006004,14,b2,0,2,128.0,29.7103391889357,4,138.3000030517578,1,1,3,138.3000030517578,22069,0.0,0,0,0
220510256001,24,b2,0,2,99.0,30.1291385829941,5,91.65143573528267,1,1,5,91.65143573528267,22051,0.05823747,1,1,1
220510263001,23,b2,0,2,92.0,29.9814200747891,5,90.58797301471068,1,1,6,90.58797301471068,22051,0.05823747,1,1,1
220510279023,23,b2,0,2,160.0,39.1878559233351,4,86.0,2,1,4,86.0,22051,0.05823747,1,1,1
221210202001,4,b2,0,2,109.0,33.4070522397486,4,85.0999984741211,2,1,1,85.0999984741211,22121,0.36837128,0,0,1
221210203002,20,b2,0,2,113.0,33.5609232208717,4,77.19999694824219,2,1,1,77.19999694824219,22121,0.36837128,0,0,1
220510251032,8,b2,0,2,109.0,30.2579085852593,5,93.23210789478,1,1,3,93.23210789478,22051,0.05823747,1,1,1
220510251042,13,b2,0,2,67.0,30.2697014817193,5,95.04506052995404,1,1,3,95.04506052995404,22051,0.05823747,1,1,1
220510252012,16,b2,0,2,122.0,30.2138015140442,5,88.29193230290117,1,1,5,88.29193230290117,22051,0.05823747,1,1,1
220510255002,8,b2,0,2,63.0,30.1355815842744,5,90.4894927475196,1,1,5,90.4894927475196,22051,0.05823747,1,1,1
220510282002,4,b2,0,2,53.0,29.4154770067855,5,102.5999984741211,1,1,4,102.5999984741211,22051,0.05823747,1,1,1
220510205122,11,b2,0,2,122.0,29.0827984106589,5,125.4702725997778,1,1,3,125.4702725997778,22051,0.05823747,1,1,1
220850007003,8,b2,0,2,84.0,43.4809660048621,3,168.1199951171875,2,2,2,168.1199951171875,22085,0.0,0,0,0
220850001002,4,b2,0,2,100.0,41.4489914843731,3,184.3933258056641,2,2,1,184.3933258056641,22085,0.0,0,0,0
220850007001,21,b2,0,2,185.0,42.2493965159433,3,158.59999084472656,2,2,2,158.59999084472656,22085,0.0,0,0,0
220510239032,24,b2,0,2,138.0,29.2409214288909,5,108.3000030517578,1,1,1,108.3000030517578,22051,0.05823747,1,1,1
220510275012,32,b2,0,2,174.0,29.08134792643,5,115.3000030517578,1,1,4,115.3000030517578,22051,0.05823747,1,1,1
220090305001,23,b2,0,2,196.0,32.4751005074156,3,139.5,1,1,2,139.5,22009,1.52021072,0,0,0
220090303002,16,b2,0,2,146.0,31.0873018778859,3,131.5,1,1,2,131.5,22009,1.52021072,0,0,0
220510271001,22,b2,0,2,82.0,29.6350128259874,5,96.12828550039536,1,1,5,96.12828550039536,22051,0.05823747,1,1,1
220510230031,4,b2,0,2,68.0,29.4133563340251,5,102.11767495662862,1,1,1,102.11767495662862,22051,0.05823747,1,1,1
220550014051,16,b2,0,2,180.0,36.0291540636243,3,159.73978524181047,2,2,2,159.73978524181047,22055,1.5760870500000002,0,0,1
220550014052,4,b2,0,2,67.0,36.0197318356965,3,160.98229748616788,2,2,3,160.98229748616788,22055,1.5760870500000002,0,0,1
220550014053,26,b2,0,2,225.0,36.0726097224169,3,156.79133318432372,2,2,2,156.79133318432372,22055,1.5760870500000002,0,0,1
220550014054,8,b2,0,2,103.0,36.1836018519131,3,154.94962981045623,2,2,3,154.94962981045623,22055,1.5760870500000002,0,0,1
220550014061,21,b2,0,2,331.0,35.9860030125018,3,161.5,2,2,2,161.5,22055,1.5760870500000002,0,0,1
220550014062,47,b2,0,2,434.0,36.6530947927938,3,156.0770668001573,2,2,2,156.0770668001573,22055,1.5760870500000002,0,0,1
220550014044,59,b2,0,2,327.0,36.3130540528646,3,154.75423397588267,2,2,3,154.75423397588267,22055,1.5760870500000002,0,0,1
220279505003,12,b2,0,2,55.0,25.4532743020724,3,114.47272491455078,1,1,2,114.47272491455078,22027,0.0,0,0,0
220839703002,28,b2,0,2,112.0,20.3387091916461,0,193.6066741943359,1,2,0,193.6066741943359,22083,0.01253687,0,0,0
221139508001,4,b2,0,2,47.0,39.5570132040169,3,143.61578288304298,2,1,3,143.61578288304298,22113,12.34417553,0,1,0
220659602001,12,b2,0,2,143.0,21.4483326477693,1,122.07291412353516,1,1,1,122.07291412353516,22065,0.00606983,0,0,0
220659601001,4,b2,0,2,141.0,21.9175493142472,1,89.86571502685547,1,1,1,89.86571502685547,22065,0.00606983,0,0,0
220510278041,23,b2,0,2,119.0,30.1735036122371,5,91.16785184061912,1,1,3,91.16785184061912,22051,0.05823747,1,1,1
220530004005,18,b2,0,2,180.0,43.4138937996005,3,222.9888916015625,2,2,3,222.9888916015625,22053,34.29631719,0,1,0
220530002002,25,b2,0,2,55.0,50.8126997970484,3,251.1374969482422,2,2,0,251.1374969482422,22053,34.29631719,1,1,0
220530004001,16,b2,0,2,160.0,47.2268155793696,3,247.57142639160156,2,2,2,247.57142639160156,22053,34.29631719,1,1,0
220530004004,9,b2,0,2,63.0,44.2345314218685,3,275.4840193928816,2,2,2,275.4840193928816,22053,34.29631719,0,1,0
220530001001,19,b2,0,2,177.0,42.160155583313,2,236.60714721679688,2,2,2,236.60714721679688,22053,34.29631719,0,1,0
220530001002,8,b2,0,2,62.0,46.2521643131165,2,299.2333068847656,2,2,2,299.2333068847656,22053,34.29631719,0,1,0
220530004003,13,b2,0,2,68.0,44.0028102561836,3,270.0544341112724,2,2,2,270.0544341112724,22053,34.29631719,0,1,0
220530001003,43,b2,0,2,253.0,42.7727373504686,2,228.489990234375,2,2,3,228.489990234375,22053,34.29631719,0,1,0
220530003003,12,b2,0,2,86.0,49.4901191800436,2,238.7022524986039,2,2,2,238.7022524986039,22053,34.29631719,0,1,0
220530003001,21,b2,0,2,129.0,49.2746970120414,2,258.00665283203125,2,2,2,258.00665283203125,22053,34.29631719,0,1,0
220530002001,24,b2,0,2,140.0,49.4184332982443,2,376.3055419921875,2,2,0,376.3055419921875,22053,34.29631719,0,1,0
220530003004,16,b2,0,2,100.0,50.7331065348309,2,253.8999938964844,2,2,2,253.8999938964844,22053,34.29631719,0,1,0
220530002003,43,b2,0,2,223.0,48.4612758779873,2,300.55712890625,2,2,0,300.55712890625,22053,34.29631719,0,1,0
221159503003,27,b2,0,2,153.0,46.6314002619208,3,171.83531188964844,2,2,3,171.83531188964844,22115,19.00196373,0,0,0
221159504003,8,b2,0,2,39.0,41.7440986647486,2,143.83218284923487,2,1,4,143.83218284923487,22115,19.00196373,0,0,0
221159509003,15,b2,0,2,91.0,49.6063680219255,2,163.15713500976562,2,2,1,163.15713500976562,22115,19.00196373,0,0,0
221159501006,12,b2,0,2,104.0,40.2771072002137,2,205.68182373046875,2,2,1,205.68182373046875,22115,19.00196373,0,0,0
221159501004,10,b2,0,2,73.0,39.7438746886303,2,158.5749969482422,2,2,3,158.5749969482422,22115,19.00196373,0,0,0
221159501005,5,b2,0,2,104.0,38.0976053061336,2,172.63999938964844,2,2,2,172.63999938964844,22115,19.00196373,0,0,0
220530005001,26,b2,0,2,156.0,43.0158407609505,2,222.5,2,2,3,222.5,22053,34.29631719,0,1,0
220530005002,12,b2,0,2,164.0,42.1968681194877,2,220.5407847904835,2,2,3,220.5407847904835,22053,34.29631719,0,1,0
220530005004,21,b2,0,2,71.0,41.6077004606196,3,220.2148729115792,2,2,3,220.2148729115792,22053,34.29631719,0,1,0
220530006002,4,b2,0,2,42.0,43.1053842629853,2,222.58379083014864,2,2,3,222.58379083014864,22053,34.29631719,0,1,0
221159505004,9,b2,0,2,104.0,49.7915768637325,2,149.25,2,1,4,149.25,22115,19.00196373,0,0,0
221159501003,9,b2,0,2,65.0,38.7066094856808,2,147.0,2,1,4,147.0,22115,19.00196373,0,0,0
221159505005,27,b2,0,2,145.0,39.034559658428,2,156.0,2,2,3,156.0,22115,19.00196373,0,0,0
221159501002,12,b2,0,2,50.0,39.1147749964512,2,141.8333282470703,2,1,3,141.8333282470703,22115,19.00196373,0,0,0
221159508005,13,b2,0,2,67.0,45.3036476410477,3,158.65455627441406,2,2,3,158.65455627441406,22115,19.00196373,0,0,0
220510212002,42,b2,0,2,96.0,29.1644379975336,5,119.7934828676909,1,1,2,119.7934828676909,22051,0.05823747,1,1,1
221179504003,28,b2,0,2,147.0,36.4621551397095,2,103.47142791748048,2,1,1,103.47142791748048,22117,0.0022141099999999,0,0,0
221179505003,75,b2,0,2,244.0,41.0421288035692,3,113.09285736083984,2,1,2,113.09285736083984,22117,0.0022141099999999,0,0,0
220070505001,13,b2,0,2,63.0,40.5719665291002,3,109.75999450683594,2,1,1,109.75999450683594,22007,0.2395300699999999,1,1,1
220070506001,14,b2,0,2,96.0,38.9577338020374,3,97.0897103767368,2,1,1,97.0897103767368,22007,0.2395300699999999,1,1,1
220550006032,16,b2,0,2,122.0,37.6314707944001,3,163.51055270988215,2,2,2,163.51055270988215,22055,1.5760870500000002,0,0,1
220510236002,17,b2,0,2,66.0,29.2010636080926,5,111.1975213702824,1,1,2,111.1975213702824,22051,0.05823747,1,1,1
220510205022,46,b2,0,2,152.0,29.1353876289099,5,123.53549231916588,1,1,2,123.53549231916588,22051,0.05823747,1,1,1
220510277033,13,b2,0,2,62.0,30.3866396220416,5,88.9526450943743,1,1,5,88.9526450943743,22051,0.05823747,1,1,1
220510261002,23,b2,0,2,92.0,30.0800156387115,5,90.24288486429224,1,1,4,90.24288486429224,22051,0.05823747,1,1,1
220510272002,23,b2,0,2,59.0,29.61784168822,5,98.82008850882444,1,1,5,98.82008850882444,22051,0.05823747,1,1,1
220710140004,4,b2,0,2,15.0,29.994276980913,5,158.52012762903843,1,2,4,158.52012762903843,22071,0.06577263,1,1,1
220710017492,4,b2,0,2,40.0,34.6997153510278,4,93.08243272565672,2,1,5,93.08243272565672,22071,0.06577263,1,1,0
220070504002,4,b2,0,2,73.0,41.9894026817797,3,51.400001525878906,2,1,0,51.400001525878906,22007,0.2395300699999999,1,1,1
220510205082,28,b2,0,2,111.0,28.9426469423204,5,140.47632430127868,1,1,3,140.47632430127868,22051,0.05823747,1,1,1
220510205153,8,b2,0,2,54.0,28.9531738293301,5,140.14891195458662,1,1,3,140.14891195458662,22051,0.05823747,1,1,1
220510205152,15,b2,0,2,75.0,28.9145573193396,5,142.33901154084916,1,1,3,142.33901154084916,22051,0.05823747,1,1,1
220510205173,24,b2,0,2,91.0,29.0561421536476,5,132.39269661147117,1,1,3,132.39269661147117,22051,0.05823747,1,1,1
220330043021,25,b2,0,2,141.0,29.672597008481,4,222.6000061035156,1,2,1,222.6000061035156,22033,0.02202799,0,0,1
220510205171,20,b2,0,2,70.0,29.0935321839,5,124.06205544530316,1,1,2,124.06205544530316,22051,0.05823747,1,1,1
220510205111,8,b2,0,2,90.0,29.0469210431381,5,132.33033936927126,1,1,3,132.33033936927126,22051,0.05823747,1,1,1
220510205112,8,b2,0,2,80.0,29.0696599331867,5,124.50969914823256,1,1,2,124.50969914823256,22051,0.05823747,1,1,1
220510205113,12,b2,0,2,60.0,29.09955029888,5,122.8053620047282,1,1,2,122.8053620047282,22051,0.05823747,1,1,1
220510205121,10,b2,0,2,67.0,29.0355533714245,5,136.98695396072137,1,1,3,136.98695396072137,22051,0.05823747,1,1,1
220510205131,14,b2,0,2,91.0,29.1906318850226,5,111.69026034842948,1,1,2,111.69026034842948,22051,0.05823747,1,1,1
220510240013,12,b2,0,2,93.0,29.2432028586817,5,110.08569110045092,1,1,3,110.08569110045092,22051,0.05823747,1,1,1
220510240021,28,b2,0,2,79.0,29.2135238944,5,111.6500356752332,1,1,4,111.6500356752332,22051,0.05823747,1,1,1
220510241001,8,b2,0,2,137.0,29.3153469116468,5,106.47435402424982,1,1,4,106.47435402424982,22051,0.05823747,1,1,1
220510269001,18,b2,0,2,41.0,29.7960956376982,5,102.9656354807858,1,1,5,102.9656354807858,22051,0.05823747,1,1,1
220510270002,16,b2,0,2,142.0,29.6949613472441,5,92.8346815376451,1,1,5,92.8346815376451,22051,0.05823747,1,1,1
220510270003,18,b2,0,2,51.0,29.7571823832237,5,97.63360481420774,1,1,5,97.63360481420774,22051,0.05823747,1,1,1
220510271002,4,b2,0,2,74.0,29.6132349522679,5,97.1452134737942,1,1,5,97.1452134737942,22051,0.05823747,1,1,1
220510272003,21,b2,0,2,49.0,29.5956304778693,5,108.22082003436536,1,1,5,108.22082003436536,22051,0.05823747,1,1,1
220510272005,39,b2,0,2,82.0,29.6676745170558,5,107.80308083236778,1,1,5,107.80308083236778,22051,0.05823747,1,1,1
220619601002,10,b2,0,2,63.0,28.1461533292851,3,107.30769348144533,1,1,3,107.30769348144533,22061,0.0,0,0,0
220510282001,16,b2,0,2,57.0,29.6047925206832,5,117.0999984741211,1,1,5,117.0999984741211,22051,0.05823747,1,1,1
220619604002,31,b2,0,2,230.0,28.6381380212219,3,107.4000015258789,1,1,2,107.4000015258789,22061,0.0,0,0,0
220619601003,4,b2,0,2,44.0,28.0835814646241,2,106.8000030517578,1,1,3,106.8000030517578,22061,0.0,0,0,0
220619607001,20,b2,0,2,162.0,28.3678481521721,2,107.24444580078124,1,1,2,107.24444580078124,22061,0.0,0,0,0
220619606002,4,b2,0,2,35.0,27.4811777764826,2,123.08958609737824,1,1,2,123.08958609737824,22061,0.0,0,0,0
220619601001,33,b2,0,2,186.0,28.5361806687834,3,109.1374969482422,1,1,2,109.1374969482422,22061,0.0,0,0,0
220619605003,9,b2,0,2,140.0,29.4801070461039,3,109.1992153308379,1,1,2,109.1992153308379,22061,0.0,0,0,0
220619607003,55,b2,0,2,224.0,26.7976479945766,2,106.87777709960938,1,1,2,106.87777709960938,22061,0.0,0,0,0
220619605002,47,b2,0,2,201.0,29.7531514632018,3,109.13570086538591,1,1,2,109.13570086538591,22061,0.0,0,0,0
220570216013,29,b2,0,2,127.0,33.8544220386893,3,159.25,2,2,2,159.25,22057,0.52554993,1,1,1
220619602002,21,b2,0,2,94.0,28.1473566985651,3,105.8375015258789,1,1,2,105.8375015258789,22061,0.0,0,0,0
220619602003,8,b2,0,2,49.0,24.1437304891915,3,106.11111450195312,1,1,2,106.11111450195312,22061,0.0,0,0,0
220619603003,4,b2,0,2,51.0,27.8826018929032,3,104.93210842844712,1,1,1,104.93210842844712,22061,0.0,0,0,0
220619605001,22,b2,0,2,148.0,29.7728476034009,3,109.3000030517578,1,1,2,109.3000030517578,22061,0.0,0,0,0
220619606004,4,b2,0,2,60.0,26.5452100440558,3,115.26307841970896,1,1,2,115.26307841970896,22061,0.0,0,0,0
220570202022,38,b2,0,2,219.0,39.1995030824033,3,88.30000305175781,2,1,2,88.30000305175781,22057,0.52554993,1,1,1
220170215001,8,b2,0,2,90.0,33.2957951718977,1,43.100574019845126,2,1,0,43.100574019845126,22017,0.0,0,0,0
220170226003,4,b2,0,2,73.0,33.3280251366673,1,42.89926258650475,2,1,0,42.89926258650475,22017,0.0,0,0,0
220890632001,39,b2,0,2,204.0,35.5901550282635,4,120.32414245605467,2,1,4,120.32414245605467,22089,0.19315147,1,1,1
220890623023,20,b2,0,2,146.0,27.9508102280538,5,134.38627845331274,1,1,4,134.38627845331274,22089,0.19315147,1,1,1
220890629001,8,b2,0,2,110.0,28.2149426580921,5,124.91463557524088,1,1,4,124.91463557524088,22089,0.19315147,1,1,1
220890631001,49,b2,0,2,304.0,30.612169147462,5,116.6500015258789,1,1,5,116.6500015258789,22089,0.19315147,1,1,1
220890601001,51,b2,0,2,196.0,28.471586255986,5,143.24444580078125,1,1,2,143.24444580078125,22089,0.19315147,1,1,1
220890632004,41,b2,0,2,117.0,32.6807750148489,4,159.89999389648438,1,2,2,159.89999389648438,22089,0.19315147,1,1,1
220619609002,6,b2,0,2,103.0,26.5926592127842,3,118.18810268976478,1,1,2,118.18810268976478,22061,0.0,0,0,0
220619610001,8,b2,0,2,61.0,26.3245018786064,3,113.4000015258789,1,1,2,113.4000015258789,22061,0.0,0,0,0
220619610003,8,b2,0,2,101.0,27.2517922218716,3,113.74056086601692,1,1,2,113.74056086601692,22061,0.0,0,0,0
220170241062,8,b2,0,2,42.0,32.8652480843307,2,50.92509156419361,1,1,0,50.92509156419361,22017,0.0,0,0,0
220170242011,25,b2,0,2,128.0,32.1320456122399,2,47.901684220643595,1,1,0,47.901684220643595,22017,0.0,0,0,0
220570207031,45,b2,0,2,283.0,37.886218582657,3,93.9000015258789,2,1,2,93.9000015258789,22057,0.52554993,1,1,1
220570207043,12,b2,0,2,73.0,38.859558827844,3,101.25,2,1,1,101.25,22057,0.52554993,1,1,1
220570210001,19,b2,0,2,93.0,33.0489898455305,3,147.3874969482422,2,1,3,147.3874969482422,22057,0.52554993,1,1,1
220570216011,76,b2,0,2,226.0,33.4234745419908,3,144.29618471843318,2,1,3,144.29618471843318,22057,0.52554993,1,1,1
220570212002,33,b2,0,2,185.0,40.065243056365,3,110.97900390625,2,1,3,110.97900390625,22057,0.52554993,1,1,1
220570211001,102,b2,0,2,325.0,38.5819342327528,3,122.03408813476562,2,1,3,122.03408813476562,22057,0.52554993,1,1,1
220570219012,133,b2,0,2,474.0,34.4645152972347,4,150.89999389648438,2,2,1,150.89999389648438,22057,0.52554993,1,1,1
220570213002,19,b2,0,2,80.0,37.5186566874923,4,106.85032182012016,2,1,5,106.85032182012016,22057,0.52554993,1,1,1
220570219022,23,b2,0,2,120.0,34.4705685206279,2,140.23333740234375,2,1,2,140.23333740234375,22057,0.52554993,1,1,1
220690007003,8,b2,0,2,62.0,31.4612992140645,4,142.56486048139956,1,1,3,142.56486048139956,22069,0.0,0,0,0
220570216014,49,b2,0,2,197.0,33.3486373532091,3,136.39999389648438,2,1,3,136.39999389648438,22057,0.52554993,1,1,1
220170239051,39,b2,0,2,363.0,33.9805833122266,1,45.099998474121094,2,1,0,45.099998474121094,22017,0.0,0,0,0
220170241071,16,b2,0,2,139.0,32.9996113030151,2,48.92448184005175,1,1,0,48.92448184005175,22017,0.0,0,0,0
220190020004,94,b2,0,2,285.0,47.9703604206348,2,264.463134765625,2,2,0,264.463134765625,22019,32.47305225,1,1,0
220550014102,104,b2,0,2,598.0,41.4835422563579,3,169.73333740234375,2,2,3,169.73333740234375,22055,1.5760870500000002,0,0,1
220550019012,12,b2,0,2,160.0,40.400469371008,4,134.24424097236783,2,1,3,134.24424097236783,22055,1.5760870500000002,0,0,0
220550019013,20,b2,0,2,90.0,40.3629261211236,4,135.43058262133675,2,1,3,135.43058262133675,22055,1.5760870500000002,0,0,0
220550019014,19,b2,0,2,105.0,40.3339112513436,3,142.0500030517578,2,1,3,142.0500030517578,22055,1.5760870500000002,0,0,0
220550019021,14,b2,0,2,208.0,39.5251621881777,3,136.0,2,1,3,136.0,22055,1.5760870500000002,0,0,1
220550019022,12,b2,0,2,190.0,38.4392551872832,3,173.39999389648438,2,2,2,173.39999389648438,22055,1.5760870500000002,0,0,1
220550019023,8,b2,0,2,116.0,37.9753877719514,3,169.0894079081803,2,2,2,169.0894079081803,22055,1.5760870500000002,0,0,1
220550019031,32,b2,0,2,84.0,40.0756625758638,3,133.39999389648438,2,1,3,133.39999389648438,22055,1.5760870500000002,0,0,1
220710103004,4,b2,0,2,11.0,29.8986481266865,5,171.4586888106226,1,2,3,171.4586888106226,22071,0.06577263,1,1,1
220510270004,12,b2,0,2,48.0,29.7190734459523,5,98.51512415320464,1,1,5,98.51512415320464,22051,0.05823747,1,1,1
220930406002,5,b2,0,2,66.0,43.9385822333499,4,123.8249969482422,2,1,2,123.8249969482422,22093,0.29947926,1,1,1
220930403001,38,b2,0,2,253.0,42.8207607452742,4,133.89999389648438,2,1,2,133.89999389648438,22093,0.29947926,1,1,1
220550019033,20,b2,0,2,135.0,39.3589800567263,3,134.0,2,1,3,134.0,22055,1.5760870500000002,0,0,1
220550019042,20,b2,0,2,159.0,38.3434352810239,3,145.25618830672718,2,1,3,145.25618830672718,22055,1.5760870500000002,0,0,1
220550019051,36,b2,0,2,193.0,39.8571900562111,3,142.5,2,1,3,142.5,22055,1.5760870500000002,0,0,1
220550019052,4,b2,0,2,114.0,38.6532714536918,3,139.05972141665652,2,1,3,139.05972141665652,22055,1.5760870500000002,0,0,1
220550019053,13,b2,0,2,117.0,40.5338671583408,3,131.10000610351562,2,1,3,131.10000610351562,22055,1.5760870500000002,0,0,0
220550020011,12,b2,0,2,116.0,40.5061782710953,4,131.10000610351562,2,1,3,131.10000610351562,22055,1.5760870500000002,0,0,0
221030402011,72,b2,0,2,424.0,35.3580293069958,4,125.9000015258789,2,1,1,125.9000015258789,22103,0.05873937,0,1,0
221030413002,15,b2,0,2,83.0,29.3854925545451,5,104.53479251215036,1,1,3,104.53479251215036,22103,0.05873937,1,1,0
221030402021,40,b2,0,2,226.0,38.6813416283326,3,114.15999603271484,2,1,3,114.15999603271484,22103,0.05873937,0,1,0
221030412044,26,b2,0,2,178.0,29.8343483682584,4,117.4499969482422,1,1,5,117.4499969482422,22103,0.05873937,1,1,0
221030401026,25,b2,0,2,148.0,29.4666014841599,4,90.3000030517578,1,1,2,90.3000030517578,22103,0.05873937,0,1,0
221030403032,24,b2,0,2,195.0,29.2915351577038,5,110.96321945663968,1,1,3,110.96321945663968,22103,0.05873937,1,1,0
221030406011,26,b2,0,2,184.0,29.0783979189304,5,118.45253538438614,1,1,3,118.45253538438614,22103,0.05873937,0,1,0
221030412022,6,b2,0,2,66.0,29.8830229215906,5,116.46666717529295,1,1,3,116.46666717529295,22103,0.05873937,1,1,0
221030411031,8,b2,0,2,125.0,30.6237359059122,4,206.2629223782902,1,2,2,206.2629223782902,22103,0.05873937,1,1,0
221030408032,17,b2,0,2,108.0,31.0240253675842,4,250.5,1,2,2,250.5,22103,0.05873937,1,1,0
221030412092,15,b2,0,2,137.0,29.4711838474051,5,101.7675027211785,1,1,2,101.7675027211785,22103,0.05873937,1,1,0
221030412072,30,b2,0,2,221.0,29.3202172191365,5,103.02879081799416,1,1,2,103.02879081799416,22103,0.05873937,1,1,0
221030407051,18,b2,0,2,167.0,30.7822779986566,4,211.4431457880476,1,2,4,211.4431457880476,22103,0.05873937,0,1,0
221030412042,43,b2,0,2,302.0,30.0957099641296,4,126.25,1,1,5,126.25,22103,0.05873937,1,1,0
221030406051,23,b2,0,2,127.0,29.1750359724692,4,115.16877248631825,1,1,2,115.16877248631825,22103,0.05873937,0,1,0
221030404001,20,b2,0,2,199.0,33.9684340874506,4,117.5,2,1,2,117.5,22103,0.05873937,0,1,0
221030403053,55,b2,0,2,440.0,31.5648811273833,5,125.45676458535682,1,1,3,125.45676458535682,22103,0.05873937,1,1,0
221030403033,18,b2,0,2,136.0,29.3440243717394,5,105.99092458855232,1,1,3,105.99092458855232,22103,0.05873937,1,1,0
220170249001,4,b2,0,2,53.0,24.9967781587539,2,41.42727279663086,1,1,0,41.42727279663086,22017,0.0,0,0,0
220510278122,12,b2,0,2,42.0,30.0144191806862,5,89.21103627745848,1,1,3,89.21103627745848,22051,0.05823747,1,1,1
220510279012,55,b2,0,2,233.0,37.8671252728103,4,90.6750030517578,2,1,3,90.6750030517578,22051,0.05823747,1,1,1
221139510013,33,b2,0,2,223.0,41.0629809001867,3,183.2527418752064,2,2,2,183.2527418752064,22113,12.34417553,0,1,0
221139511001,17,b2,0,2,80.0,38.4676315994853,2,113.95581817626952,2,1,4,113.95581817626952,22113,12.34417553,1,1,0
220530007002,13,b2,0,2,72.0,41.5441827162868,3,221.06797146673463,2,2,3,221.06797146673463,22053,34.29631719,0,1,0
220530003002,4,b2,0,2,74.0,49.4388573150938,2,248.23513098846695,2,2,2,248.23513098846695,22053,34.29631719,0,1,0
220550014071,16,b2,0,2,250.0,36.2401441887189,3,158.89334344441153,2,2,2,158.89334344441153,22055,1.5760870500000002,0,0,1
220550014072,29,b2,0,2,538.0,36.9229578897233,3,153.87763154702128,2,2,2,153.87763154702128,22055,1.5760870500000002,0,0,1
220550014111,32,b2,0,2,346.0,36.2026672082777,3,158.3000030517578,2,2,3,158.3000030517578,22055,1.5760870500000002,0,0,1
220550014092,12,b2,0,2,143.0,37.0763659110884,3,147.07702611211178,2,1,4,147.07702611211178,22055,1.5760870500000002,0,0,1
220550014093,47,b2,0,2,272.0,36.7966495191931,3,146.52976463163282,2,1,4,146.52976463163282,22055,1.5760870500000002,0,0,1
220550014094,30,b2,0,2,192.0,36.5199818317913,3,149.06264877458418,2,1,4,149.06264877458418,22055,1.5760870500000002,0,0,1
220550017005,13,b2,0,2,105.0,37.8074970395996,3,138.3144725975872,2,1,3,138.3144725975872,22055,1.5760870500000002,0,0,1
220550017001,16,b2,0,2,159.0,37.4256595234372,3,142.33251196674118,2,1,3,142.33251196674118,22055,1.5760870500000002,0,0,1
220550018021,4,b2,0,2,113.0,36.8553912782267,3,161.5274444572038,2,2,2,161.5274444572038,22055,1.5760870500000002,0,0,1
220550018023,8,b2,0,2,91.0,37.231301290338,3,159.6433378165486,2,2,2,159.6433378165486,22055,1.5760870500000002,0,0,1
220550017004,4,b2,0,2,78.0,37.5641592528339,3,142.8000030517578,2,1,3,142.8000030517578,22055,1.5760870500000002,0,0,1
220550018012,8,b2,0,2,72.0,37.7825696006942,3,146.91413466508362,2,1,3,146.91413466508362,22055,1.5760870500000002,0,0,1
220510251041,10,b2,0,2,90.0,30.2385733382232,5,94.40499801274592,1,1,3,94.40499801274592,22051,0.05823747,1,1,1
220510268002,17,b2,0,2,51.0,29.8201357195675,5,89.72370698763997,1,1,6,89.72370698763997,22051,0.05823747,1,1,1
220510278091,22,b2,0,2,105.0,30.63899896661,5,86.75255935998995,1,1,5,86.75255935998995,22051,0.05823747,1,1,1
220510201012,21,b2,0,2,113.0,29.7623510333635,5,98.86065124093246,1,1,2,98.86065124093246,22051,0.05823747,1,1,1
220510277031,9,b2,0,2,63.0,29.7690805617885,5,88.26916003309881,1,1,5,88.26916003309881,22051,0.05823747,1,1,1
220510277032,12,b2,0,2,57.0,30.2223121857882,5,88.2390739300308,1,1,5,88.2390739300308,22051,0.05823747,1,1,1
220510280003,18,b2,0,2,99.0,30.9166106495337,5,92.10714474750256,1,1,4,92.10714474750256,22051,0.05823747,1,1,1
220510280002,66,b2,0,2,304.0,32.228419070529,5,83.51590460785704,1,1,4,83.51590460785704,22051,0.05823747,1,1,1
220510278031,8,b2,0,2,118.0,30.1470413033966,5,89.73426705461357,1,1,3,89.73426705461357,22051,0.05823747,1,1,1
220510201023,12,b2,0,2,56.0,29.7164273622019,5,99.21204453138331,1,1,2,99.21204453138331,22051,0.05823747,1,1,1
220510202021,8,b2,0,2,76.0,29.6030189940248,5,98.88658728428273,1,1,3,98.88658728428273,22051,0.05823747,1,1,1
220170205002,13,b2,0,2,123.0,30.946403342062,2,38.51575779246478,1,1,0,38.51575779246478,22017,0.0,0,0,0
220170228001,4,b2,0,2,67.0,34.0042390376238,1,45.99614354366386,2,1,0,45.99614354366386,22017,0.0,0,0,0
220570206001,15,b2,0,2,109.0,37.9989780705615,3,82.04104890175691,2,1,2,82.04104890175691,22057,0.52554993,1,1,1
220630404012,28,b2,0,2,343.0,36.3513953289271,4,119.0201272524488,2,1,1,119.0201272524488,22063,0.03585767,0,1,1
220630403032,46,b2,0,2,284.0,32.7779143639339,5,194.37241506904115,1,2,1,194.37241506904115,22063,0.03585767,0,1,1
220630403031,53,b2,0,2,237.0,32.9163259995129,5,184.3000030517578,1,2,1,184.3000030517578,22063,0.03585767,0,1,1
220630408052,49,b2,0,2,369.0,35.511854425085,4,129.89999389648438,2,1,1,129.89999389648438,22063,0.03585767,0,1,1
220630403014,34,b2,0,2,253.0,32.6993275359528,5,191.1000061035156,1,2,1,191.1000061035156,22063,0.03585767,0,1,1
220630403033,92,b2,0,2,560.0,32.2528168928422,5,199.0,1,2,1,199.0,22063,0.03585767,0,1,1
220630403042,51,b2,0,2,211.0,33.9413103485453,4,157.39999389648438,2,2,0,157.39999389648438,22063,0.03585767,0,1,1
220630408042,87,b2,0,2,660.0,36.1656577855588,4,103.5999984741211,2,1,1,103.5999984741211,22063,0.03585767,0,1,1
220630408043,121,b2,0,2,585.0,35.622271858411,4,74.80000305175781,2,1,1,74.80000305175781,22063,0.03585767,0,1,1
220630407003,46,b2,0,2,286.0,34.1969716237468,4,136.0438678620318,2,1,1,136.0438678620318,22063,0.03585767,0,1,1
221030406041,12,b2,0,2,110.0,29.2598096410031,5,104.6113802550588,1,1,2,104.6113802550588,22103,0.05873937,0,1,0
220570201003,12,b2,0,2,64.0,38.1935454743853,3,83.27806682744368,2,1,2,83.27806682744368,22057,0.52554993,1,1,1
220890623011,54,b2,0,2,204.0,28.4226448667643,5,133.3000030517578,1,1,4,133.3000030517578,22089,0.19315147,1,1,1
220890623021,39,b2,0,2,129.0,27.8914047530696,5,142.4707751687989,1,1,4,142.4707751687989,22089,0.19315147,1,1,1
220170253002,12,b2,0,2,91.0,32.0875578990318,2,39.80057234053505,1,1,0,39.80057234053505,22017,0.0,0,0,0
220890623022,8,b2,0,2,75.0,27.9282805592692,5,142.26259428222272,1,1,4,142.26259428222272,22089,0.19315147,1,1,1
220890624002,8,b2,0,2,88.0,28.5491291562245,4,151.60812868254018,1,2,3,151.60812868254018,22089,0.19315147,1,1,1
220890625001,8,b2,0,2,46.0,29.4856639022568,4,149.0,1,1,3,149.0,22089,0.19315147,1,1,1
220890625002,30,b2,0,2,156.0,29.6379615508051,4,156.54484163911644,1,2,2,156.54484163911644,22089,0.19315147,1,1,1
220890625004,9,b2,0,2,53.0,28.9821039768128,4,161.16494431677918,1,2,2,161.16494431677918,22089,0.19315147,1,1,1
220890627003,22,b2,0,2,143.0,28.3476763303604,4,161.5500030517578,1,2,3,161.5500030517578,22089,0.19315147,1,1,1
220170239042,4,b2,0,2,79.0,34.141766190014,1,44.54105571494309,2,1,0,44.54105571494309,22017,0.0,0,0,0
220319502003,4,b2,0,2,77.0,34.9994944515428,1,91.39121785729527,2,1,2,91.39121785729527,22031,0.0,0,0,0
220790124002,24,b2,0,2,90.0,32.2787178213987,3,210.6000061035156,1,2,1,210.6000061035156,22079,4.49269524,0,0,0
221159507032,12,b2,0,2,116.0,39.9695009037556,2,166.60000610351562,2,2,2,166.60000610351562,22115,19.00196373,0,0,0
221159507021,9,b2,0,2,47.0,36.2448274983319,2,154.54680314591354,2,2,3,154.54680314591354,22115,19.00196373,0,0,0
220330017002,4,b2,0,2,63.0,32.9441866924847,4,117.56992168275396,1,1,1,117.56992168275396,22033,0.02202799,0,0,1
220330039061,17,b2,0,2,71.0,33.1783553019939,4,112.91825222548408,2,1,1,112.91825222548408,22033,0.02202799,0,0,1
220170246011,13,b2,0,2,99.0,30.9264171175174,2,35.25,1,1,0,35.25,22017,0.0,0,0,0
220170244003,8,b2,0,2,58.0,30.8358256281,2,41.71018796476609,1,1,0,41.71018796476609,22017,0.0,0,0,0
220990203021,12,b2,0,2,187.0,37.6403305227169,2,124.23333740234376,2,1,2,124.23333740234376,22099,2.17976609,0,1,1
220990206001,17,b2,0,2,73.0,37.8963720076512,3,129.6999969482422,2,1,4,129.6999969482422,22099,2.17976609,0,1,1
220190026002,24,b2,0,2,107.0,52.6969886003344,2,203.11287917395185,2,2,3,203.11287917395185,22019,32.47305225,0,1,0
220190024004,4,b2,0,2,67.0,51.5899464171027,3,192.60875467710324,2,2,2,192.60875467710324,22019,32.47305225,0,1,0
220190007004,8,b2,0,2,77.0,54.2566180960939,4,226.9052588045076,2,2,2,226.9052588045076,22019,32.47305225,0,1,0
220190009001,10,b2,0,2,74.0,48.7758117189892,2,268.43922159730965,2,2,1,268.43922159730965,22019,32.47305225,0,1,0
220190020002,42,b2,0,2,236.0,45.3829520928881,2,372.3714294433594,2,2,0,372.3714294433594,22019,32.47305225,0,1,0
220190036002,12,b2,0,2,213.0,51.5812042761659,2,358.03997802734375,2,2,1,358.03997802734375,22019,32.47305225,0,1,0
220190036001,4,b2,0,2,109.0,51.7357449603443,3,269.3999938964844,2,2,1,269.3999938964844,22019,32.47305225,0,1,0
220190001001,4,b2,0,2,99.0,52.4720419492275,2,252.97546068516843,2,2,1,252.97546068516843,22019,32.47305225,0,1,0
220190009003,12,b2,0,2,92.0,49.1846322608526,2,252.6630044024704,2,2,1,252.6630044024704,22019,32.47305225,0,1,0
220450303011,19,b2,0,2,157.0,39.2283223638366,4,114.3000030517578,2,1,3,114.3000030517578,22045,3.09661809,0,1,1
220050310001,8,b2,0,2,146.0,37.6117055897039,3,91.6500015258789,2,1,1,91.6500015258789,22005,0.01186332,1,1,1
220050310003,4,b2,0,2,71.0,36.9259764728283,3,74.05615134292283,2,1,1,74.05615134292283,22005,0.01186332,0,1,1
220170226001,4,b2,0,2,49.0,33.0926890875907,1,41.45874741679758,2,1,0,41.45874741679758,22017,0.0,0,0,0
220170227001,8,b2,0,2,69.0,33.6802280095686,1,43.38063225961397,2,1,0,43.38063225961397,22017,0.0,0,0,0
220170228002,8,b2,0,2,74.0,33.5581415583707,1,45.22894965986231,2,1,0,45.22894965986231,22017,0.0,0,0,0
220170228004,9,b2,0,2,78.0,34.0334593546726,1,46.30519284165554,2,1,0,46.30519284165554,22017,0.0,0,0,0
220170229002,17,b2,0,2,113.0,34.2832893411661,1,48.10976102426832,2,1,0,48.10976102426832,22017,0.0,0,0,0
220170230001,17,b2,0,2,93.0,34.3448740039,1,46.400001525878906,2,1,0,46.400001525878906,22017,0.0,0,0,0
220170230002,14,b2,0,2,151.0,34.1952360672544,1,46.012156200138186,2,1,0,46.012156200138186,22017,0.0,0,0,0
220170230003,12,b2,0,2,119.0,34.0414274815428,1,43.77811388518763,2,1,0,43.77811388518763,22017,0.0,0,0,0
220570204002,4,b2,0,2,35.0,38.554094680054,3,85.50927941945699,2,1,2,85.50927941945699,22057,0.52554993,1,1,1
220570220002,12,b2,0,2,67.0,38.3000370855269,3,86.7300911738001,2,1,2,86.7300911738001,22057,0.52554993,1,1,1
220570202021,20,b2,0,2,120.0,39.6287509854651,3,113.89718661226526,2,1,2,113.89718661226526,22057,0.52554993,1,1,1
220170231002,12,b2,0,2,73.0,34.061241837254,1,43.432423510873456,2,1,0,43.432423510873456,22017,0.0,0,0,0
220190010001,24,b2,0,2,107.0,55.2294969751128,3,238.06745696872193,2,2,2,238.06745696872193,22019,32.47305225,0,1,0
220190010002,10,b2,0,2,79.0,54.8607751767589,4,221.8664060651116,2,2,2,221.8664060651116,22019,32.47305225,0,1,0
220190012011,4,b2,0,2,56.0,47.6166186061711,2,266.014062276034,2,2,1,266.014062276034,22019,32.47305225,0,1,0
220190011001,16,b2,0,2,75.0,54.9215567848516,3,243.73447392944965,2,2,2,243.73447392944965,22019,32.47305225,0,1,0
220190011002,16,b2,0,2,86.0,55.2806011698414,3,245.5850015392569,2,2,2,245.5850015392569,22019,32.47305225,0,1,0
220190012012,12,b2,0,2,62.0,55.014262724784,3,248.5,2,2,1,248.5,22019,32.47305225,0,1,0
220190012013,12,b2,0,2,59.0,55.6476104199838,3,258.8725696301061,2,2,1,258.8725696301061,22019,32.47305225,0,1,0
220570219023,12,b2,0,2,128.0,35.2145363101372,3,133.9604220799964,2,1,2,133.9604220799964,22057,0.52554993,1,1,1
220570216012,37,b2,0,2,140.0,33.544467354754,3,160.6999969482422,2,2,2,160.6999969482422,22057,0.52554993,1,1,1
220570207041,23,b2,0,2,186.0,40.2485997650272,3,124.10000610351562,2,1,1,124.10000610351562,22057,0.52554993,1,1,1
220570207021,17,b2,0,2,141.0,39.1113416808622,3,84.29999542236328,2,1,2,84.29999542236328,22057,0.52554993,1,1,1
220570214003,48,b2,0,2,129.0,33.1063443404296,4,119.25,2,1,4,119.25,22057,0.52554993,1,1,1
220570211002,35,b2,0,2,178.0,32.1934148658976,5,128.89999389648438,1,1,5,128.89999389648438,22057,0.52554993,1,1,1
220570208002,9,b2,0,2,121.0,40.8389162158325,3,128.875,2,1,3,128.875,22057,0.52554993,1,1,1
220570201002,19,b2,0,2,89.0,38.3673499593299,3,82.26914249840661,2,1,2,82.26914249840661,22057,0.52554993,1,1,1
220570210003,29,b2,0,2,100.0,32.55825334132,5,124.0199966430664,1,1,4,124.0199966430664,22057,0.52554993,1,1,1
220570212001,36,b2,0,2,169.0,38.8590185908436,4,114.63333129882812,2,1,5,114.63333129882812,22057,0.52554993,1,1,1
220570208003,14,b2,0,2,78.0,38.0828943830954,2,138.1444549560547,2,1,2,138.1444549560547,22057,0.52554993,1,1,1
220570210002,34,b2,0,2,99.0,35.1574141889017,4,138.43809509277344,2,1,4,138.43809509277344,22057,0.52554993,1,1,1
220570207042,24,b2,0,2,221.0,40.3844027089688,3,99.46666717529295,2,1,2,99.46666717529295,22057,0.52554993,1,1,1
220570211004,47,b2,0,2,114.0,36.8517067644908,4,98.9111099243164,2,1,4,98.9111099243164,22057,0.52554993,1,1,1
220570216022,38,b2,0,2,171.0,34.128734374626,3,100.34000396728516,2,1,5,100.34000396728516,22057,0.52554993,1,1,1
220570209001,18,b2,0,2,73.0,35.5975295171152,2,154.0500030517578,2,2,1,154.0500030517578,22057,0.52554993,1,1,1
220570214001,26,b2,0,2,147.0,32.3454948101759,5,112.0,1,1,6,112.0,22057,0.52554993,1,1,1
220570219021,33,b2,0,2,109.0,33.9531603169804,2,171.3000030517578,2,2,2,171.3000030517578,22057,0.52554993,1,1,1
220170243013,20,b2,0,2,103.0,30.4180014959066,2,39.900001525878906,1,1,0,39.900001525878906,22017,0.0,0,0,0
220170241045,8,b2,0,2,121.0,33.7018269784376,1,51.27217273093236,2,1,0,51.27217273093236,22017,0.0,0,0,0
220890631004,33,b2,0,2,112.0,28.6178045418502,5,127.3000030517578,1,1,5,127.3000030517578,22089,0.19315147,1,1,1
220510224001,9,b2,0,2,110.0,29.7395467648871,5,102.03458767622156,1,1,3,102.03458767622156,22051,0.05823747,1,1,1
220510224002,4,b2,0,2,74.0,29.7744637289116,5,102.19529667645467,1,1,4,102.19529667645467,22051,0.05823747,1,1,1
220570213001,25,b2,0,2,78.0,37.1576715940514,4,117.8000030517578,2,1,5,117.8000030517578,22057,0.52554993,1,1,1
220570214002,37,b2,0,2,129.0,32.3462265414085,5,125.3000030517578,1,1,3,125.3000030517578,22057,0.52554993,1,1,1
220510244001,4,b2,0,2,72.0,29.5457058868467,5,103.00053054457368,1,1,3,103.00053054457368,22051,0.05823747,1,1,1
220170238005,12,b2,0,2,119.0,34.1133638015394,1,43.26297643898928,2,1,0,43.26297643898928,22017,0.0,0,0,0
220170228003,8,b2,0,2,44.0,33.7427345798687,1,45.24801750552549,2,1,0,45.24801750552549,22017,0.0,0,0,0
220170249002,17,b2,0,2,110.0,25.9415194075972,2,67.76667022705078,1,1,0,67.76667022705078,22017,0.0,0,0,0
220170242031,16,b2,0,2,96.0,30.3929431603978,2,60.96000289916992,1,1,0,60.96000289916992,22017,0.0,0,0,0
220170245043,34,b2,0,2,181.0,28.1404967738444,2,95.5500030517578,1,1,1,95.5500030517578,22017,0.0,0,0,0
220510276011,12,b2,0,2,75.0,29.2898747587197,5,106.23844086417373,1,1,4,106.23844086417373,22051,0.05823747,1,1,1
220510271003,12,b2,0,2,46.0,29.5656201163459,5,98.04387335672732,1,1,5,98.04387335672732,22051,0.05823747,1,1,1
221059540011,27,b2,0,2,190.0,36.0874488539004,3,121.54091856585528,2,1,1,121.54091856585528,22105,0.00826522,0,1,1
220690008005,12,b2,0,2,96.0,32.9213456706394,4,136.9166717529297,1,1,3,136.9166717529297,22069,0.0,0,0,0
220690008001,8,b2,0,2,67.0,35.8463838100633,3,128.00714111328125,2,1,3,128.00714111328125,22069,0.0,0,0,0
220190013004,4,b2,0,2,48.0,56.2500923258283,3,245.70076888581684,2,2,3,245.70076888581684,22019,32.47305225,0,1,0
220190013002,5,b2,0,2,103.0,56.1009861295843,3,241.84185019062664,2,2,3,241.84185019062664,22019,32.47305225,0,1,0
220190013003,28,b2,0,2,94.0,56.5742719062994,3,244.5789824614398,2,2,3,244.5789824614398,22019,32.47305225,0,1,0
220190013001,40,b2,0,2,149.0,57.2545339415996,3,247.0122909220048,2,2,3,247.0122909220048,22019,32.47305225,0,1,0
220890627001,20,b2,0,2,127.0,28.2104212516352,4,168.10000610351562,1,2,3,168.10000610351562,22089,0.19315147,1,1,1
220890628001,16,b2,0,2,123.0,28.1707431823594,5,137.57319719945733,1,1,4,137.57319719945733,22089,0.19315147,1,1,1
220890628003,16,b2,0,2,173.0,29.7795875233045,5,151.67614847045877,1,2,3,151.67614847045877,22089,0.19315147,1,1,1
220290004005,8,b2,0,2,110.0,28.7729930380114,3,60.98033690498866,1,1,0,60.98033690498866,22029,0.00757152,0,0,0
220290004004,9,b2,0,2,105.0,28.6849601382771,3,62.248301130463894,1,1,0,62.248301130463894,22029,0.00757152,0,0,0
220570218002,20,b2,0,2,91.0,34.951565313528,2,160.70878484601707,2,2,2,160.70878484601707,22057,0.52554993,1,1,1
221030401031,32,b2,0,2,156.0,29.3106948091227,4,118.5999984741211,1,1,3,118.5999984741211,22103,0.05873937,0,1,0
221030402022,60,b2,0,2,283.0,28.9069516999674,4,131.5,1,1,3,131.5,22103,0.05873937,0,1,0
221030401032,38,b2,0,2,148.0,29.1828927222248,4,114.9000015258789,1,1,3,114.9000015258789,22103,0.05873937,0,1,0
221030401033,17,b2,0,2,96.0,29.1977752899917,4,117.20000457763672,1,1,3,117.20000457763672,22103,0.05873937,0,1,0
221030401041,28,b2,0,2,236.0,29.9209927133837,4,108.0,1,1,3,108.0,22103,0.05873937,0,1,0
220890631002,20,b2,0,2,175.0,28.0953404330341,5,124.43337923393514,1,1,5,124.43337923393514,22089,0.19315147,1,1,1
220890631003,34,b2,0,2,255.0,28.3045686220094,5,129.7163149763157,1,1,5,129.7163149763157,22089,0.19315147,1,1,1
220450304005,24,b2,0,2,179.0,38.546132136362,4,118.8000030517578,2,1,3,118.8000030517578,22045,3.09661809,1,1,1
220890632003,12,b2,0,2,131.0,31.3346507944716,4,162.10000610351562,1,2,3,162.10000610351562,22089,0.19315147,1,1,1
220170229003,14,b2,0,2,94.0,33.6645791168938,1,45.856817259643755,2,1,0,45.856817259643755,22017,0.0,0,0,0
220990204001,37,b2,0,2,121.0,37.254554793222,3,113.70000457763672,2,1,2,113.70000457763672,22099,2.17976609,0,1,1
220990201001,4,b2,0,2,94.0,36.5699744835519,2,111.93478393554688,2,1,1,111.93478393554688,22099,2.17976609,0,1,1
220990201004,10,b2,0,2,109.0,36.0832947594527,4,104.83333587646484,2,1,2,104.83333587646484,22099,2.17976609,0,1,1
220990203011,12,b2,0,2,234.0,37.8013641773775,2,114.0,2,1,4,114.0,22099,2.17976609,0,1,1
220990203012,23,b2,0,2,140.0,36.9152832657866,2,161.1999969482422,2,2,2,161.1999969482422,22099,2.17976609,0,1,1
220990203022,20,b2,0,2,186.0,38.2423497481379,3,110.1999969482422,2,1,3,110.1999969482422,22099,2.17976609,0,1,1
220990205011,26,b2,0,2,149.0,36.9999373663627,3,170.0,2,2,3,170.0,22099,2.17976609,0,1,1
220990203023,20,b2,0,2,145.0,38.3144213487041,1,127.9499969482422,2,1,3,127.9499969482422,22099,2.17976609,0,1,1
220990210002,13,b2,0,2,115.0,38.6827884538745,4,51.97142791748047,2,1,0,51.97142791748047,22099,2.17976609,1,1,1
220170254052,26,b2,0,2,189.0,29.3565467189169,2,59.443146182639936,1,1,0,59.443146182639936,22017,0.0,0,0,0
220990204004,4,b2,0,2,69.0,37.8275340541361,5,97.64775669361173,2,1,3,97.64775669361173,22099,2.17976609,0,1,1
220450304004,43,b2,0,2,290.0,37.8737420416521,5,121.5999984741211,2,1,3,121.5999984741211,22045,3.09661809,0,1,1
220450311002,24,b2,0,2,198.0,36.4346851514226,5,109.17846805423277,2,1,3,109.17846805423277,22045,3.09661809,0,1,1
220450312002,8,b2,0,2,110.0,36.8957171168837,5,120.0999984741211,2,1,3,120.0999984741211,22045,3.09661809,0,1,1
220510278121,18,b2,0,2,115.0,30.7090500617729,5,87.4000015258789,1,1,3,87.4000015258789,22051,0.05823747,1,1,1
220510278074,38,b2,0,2,174.0,29.8813810154937,5,85.4194790013376,1,1,4,85.4194790013376,22051,0.05823747,1,1,1
220330039071,17,b2,0,2,69.0,32.9085475574039,5,129.91242225052235,1,1,1,129.91242225052235,22033,0.02202799,0,0,1
220190001002,8,b2,0,2,59.0,52.9348857064076,2,247.2412314725617,2,2,1,247.2412314725617,22019,32.47305225,0,1,0
220190006005,8,b2,0,2,23.0,50.038520954964,2,266.8439948547782,2,2,1,266.8439948547782,22019,32.47305225,0,1,0
220190007002,8,b2,0,2,59.0,54.0375264433002,4,229.96093480610728,2,2,2,229.96093480610728,22019,32.47305225,0,1,0
220570215001,40,b2,0,2,115.0,32.6582644545465,5,117.56280759578486,1,1,5,117.56280759578486,22057,0.52554993,1,1,1
220170241091,10,b2,0,2,73.0,33.8429258074615,1,54.29387037156131,2,1,0,54.29387037156131,22017,0.0,0,0,0
220170242021,34,b2,0,2,180.0,32.1086376678524,2,46.79999923706055,1,1,0,46.79999923706055,22017,0.0,0,0,0
220170243011,14,b2,0,2,98.0,29.2194806807744,2,52.5,1,1,0,52.5,22017,0.0,0,0,0
220170244002,24,b2,0,2,120.0,30.4569220302925,2,40.44999694824219,1,1,0,40.44999694824219,22017,0.0,0,0,0
220170245041,35,b2,0,2,241.0,26.6842183220177,2,65.06363677978516,1,1,0,65.06363677978516,22017,0.0,0,0,0
220170205001,8,b2,0,2,40.0,30.673501356362,2,37.71174894112258,1,1,0,37.71174894112258,22017,0.0,0,0,0
220170210001,14,b2,0,2,118.0,32.2730866794717,2,39.92998042104629,1,1,0,39.92998042104629,22017,0.0,0,0,0
220170212001,8,b2,0,2,51.0,32.7030716269544,2,40.94553232382734,1,1,0,40.94553232382734,22017,0.0,0,0,0
220170213001,4,b2,0,2,70.0,32.699762780988,2,41.765111963315654,1,1,0,41.765111963315654,22017,0.0,0,0,0
221119603001,36,b2,0,2,144.0,27.7115975256119,2,104.1199951171875,1,1,3,104.1199951171875,22111,0.0,0,0,0
220570205004,36,b2,0,2,183.0,38.530750177878,3,81.3601124957907,2,1,2,81.3601124957907,22057,0.52554993,1,1,1
220570207033,12,b2,0,2,53.0,37.9069011496699,3,86.09416419394177,2,1,2,86.09416419394177,22057,0.52554993,1,1,1
220570207032,33,b2,0,2,232.0,37.9437159171342,3,92.4008410137669,2,1,2,92.4008410137669,22057,0.52554993,1,1,1
220570212003,28,b2,0,2,162.0,34.5594355305346,4,124.642145220595,2,1,4,124.642145220595,22057,0.52554993,1,1,1
220570218003,12,b2,0,2,60.0,34.954076334556,2,160.13633897241968,2,2,2,160.13633897241968,22057,0.52554993,1,1,1
220050304011,45,b2,0,2,263.0,39.3963549699863,4,86.0999984741211,2,1,1,86.0999984741211,22005,0.01186332,0,1,1
220510205162,25,b2,0,2,87.0,28.9737616866372,5,138.9779492699864,1,1,3,138.9779492699864,22051,0.05823747,1,1,1
220510205163,10,b2,0,2,62.0,28.9294710381583,5,140.83861941110732,1,1,3,140.83861941110732,22051,0.05823747,1,1,1
220190014004,17,b2,0,2,124.0,50.3483694689436,2,326.8333435058594,2,2,0,326.8333435058594,22019,32.47305225,0,1,0
220170243014,4,b2,0,2,106.0,30.4576093795234,2,41.79999923706055,1,1,0,41.79999923706055,22017,0.0,0,0,0
220170243031,13,b2,0,2,256.0,31.337064562567,2,43.599998474121094,1,1,0,43.599998474121094,22017,0.0,0,0,0
220170243032,8,b2,0,2,142.0,30.3954077490028,2,40.88705407554339,1,1,0,40.88705407554339,22017,0.0,0,0,0
220170243033,8,b2,0,2,72.0,31.2490689560588,2,43.45972646412596,1,1,0,43.45972646412596,22017,0.0,0,0,0
220170243034,14,b2,0,2,92.0,31.0103662616716,2,42.24091101476446,1,1,0,42.24091101476446,22017,0.0,0,0,0
221119606001,47,b2,0,2,143.0,25.2620289600465,2,100.5,1,1,2,100.5,22111,0.0,0,0,0
221119606002,35,b2,0,2,169.0,27.8726330558493,2,100.8874969482422,1,1,2,100.8874969482422,22111,0.0,0,0,0
221119603003,4,b2,0,2,48.0,24.9889298322403,2,125.66666412353516,1,1,2,125.66666412353516,22111,0.0,0,0,0
221119605001,13,b2,0,2,42.0,23.7589518906576,1,86.57499694824219,1,1,2,86.57499694824219,22111,0.0,0,0,0
221119602004,11,b2,0,2,52.0,25.4480887832057,2,104.5749969482422,1,1,3,104.5749969482422,22111,0.0,0,0,0
221119604001,9,b2,0,2,85.0,29.1508489364408,2,102.00085914655251,1,1,2,102.00085914655251,22111,0.0,0,0,0
221119602003,4,b2,0,2,54.0,23.7958495818826,2,99.4250030517578,1,1,2,99.4250030517578,22111,0.0,0,0,0
221119601001,8,b2,0,2,55.0,23.6275119350425,2,89.37222290039062,1,1,2,89.37222290039062,22111,0.0,0,0,0
221119603002,25,b2,0,2,44.0,24.3155804609473,2,102.53333282470705,1,1,3,102.53333282470705,22111,0.0,0,0,0
221119601003,22,b2,0,2,72.0,27.9775149223697,2,101.91364288330078,1,1,3,101.91364288330078,22111,0.0,0,0,0
221119605002,37,b2,0,2,227.0,25.6043856281564,2,97.44615936279295,1,1,2,97.44615936279295,22111,0.0,0,0,0
220790132002,38,b2,0,2,185.0,29.9866917579858,3,211.0363616943359,1,2,1,211.0363616943359,22079,4.49269524,0,0,0
221119604002,21,b2,0,2,109.0,29.8556579298096,2,101.7371560788356,1,1,2,101.7371560788356,22111,0.0,0,0,0
221119602001,14,b2,0,2,94.0,24.1732285161251,2,129.91818237304688,1,1,2,129.91818237304688,22111,0.0,0,0,0
221119601004,28,b2,0,2,148.0,26.8784440331872,2,103.6300048828125,1,1,3,103.6300048828125,22111,0.0,0,0,0
220790106002,15,b2,0,2,105.0,37.0306489507409,3,211.8000030517578,2,2,1,211.8000030517578,22079,4.49269524,0,0,0
220790133004,17,b2,0,2,108.0,33.4332193021857,3,222.15789794921875,2,2,1,222.15789794921875,22079,4.49269524,0,0,0
220790137003,20,b2,0,2,118.0,30.4377329853218,3,229.8999938964844,1,2,0,229.8999938964844,22079,4.49269524,0,0,0
220790133001,22,b2,0,2,161.0,33.0427882644183,2,212.3500061035156,2,2,1,212.3500061035156,22079,4.49269524,0,0,0
220790101002,34,b2,0,2,220.0,30.8386918980793,3,245.3000030517578,1,2,0,245.3000030517578,22079,4.49269524,0,0,0
220790132004,33,b2,0,2,204.0,30.1616650366906,3,233.4150494901325,1,2,1,233.4150494901325,22079,4.49269524,0,0,0
220790137001,8,b2,0,2,45.0,30.1844474648661,3,240.0833282470703,1,2,0,240.0833282470703,22079,4.49269524,0,0,0
220790103002,15,b2,0,2,168.0,30.6682327331232,3,225.0,1,2,1,225.0,22079,4.49269524,0,0,0
220170216002,12,b2,0,2,61.0,33.0252902209184,1,40.67964864996649,2,1,0,40.67964864996649,22017,0.0,0,0,0
220170241072,18,b2,0,2,124.0,33.2971552013828,1,52.34460475912267,2,1,0,52.34460475912267,22017,0.0,0,0,0
220550007002,8,b2,0,2,120.0,37.1108440340983,3,162.43124648420817,2,2,2,162.43124648420817,22055,1.5760870500000002,0,0,1
220330040092,67,b2,0,2,634.0,34.3274156650172,4,81.80000305175781,2,1,1,81.80000305175781,22033,0.02202799,0,0,1
220510267001,19,b2,0,2,47.0,29.8600600554577,5,89.0926141865458,1,1,6,89.0926141865458,22051,0.05823747,1,1,1
220510268001,9,b2,0,2,58.0,29.8112696352624,5,89.16079779569944,1,1,6,89.16079779569944,22051,0.05823747,1,1,1
220510278093,9,b2,0,2,78.0,31.0127788542015,5,84.38403924982305,1,1,5,84.38403924982305,22051,0.05823747,1,1,1
220550022002,33,b2,0,2,257.0,35.9057003622843,3,164.3000030517578,2,2,2,164.3000030517578,22055,1.5760870500000002,0,0,1
220550005002,8,b2,0,2,37.0,36.0396926714117,3,164.58988654802167,2,2,2,164.58988654802167,22055,1.5760870500000002,0,0,1
220550005004,8,b2,0,2,58.0,36.490333568477,3,161.3334073305901,2,2,2,161.3334073305901,22055,1.5760870500000002,0,0,1
220170215002,4,b2,0,2,59.0,33.0888090963594,1,42.702912551192426,2,1,0,42.702912551192426,22017,0.0,0,0,0
220570218001,23,b2,0,2,89.0,33.4579536499997,3,145.8000030517578,2,1,3,145.8000030517578,22057,0.52554993,1,1,1
220170216003,4,b2,0,2,52.0,32.8064992093555,2,40.43876362917654,1,1,0,40.43876362917654,22017,0.0,0,0,0
220170217002,8,b2,0,2,148.0,32.4972003053529,2,39.76364162994974,1,1,0,39.76364162994974,22017,0.0,0,0,0
220510278064,22,b2,0,2,101.0,29.8202168144645,5,86.01807210474911,1,1,5,86.01807210474911,22051,0.05823747,1,1,1
220510278075,15,b2,0,2,130.0,29.9001193998009,5,85.9251729721274,1,1,5,85.9251729721274,22051,0.05823747,1,1,1
220550006041,16,b2,0,2,116.0,37.4318731800796,3,161.65052920391707,2,2,2,161.65052920391707,22055,1.5760870500000002,0,0,1
220550006023,4,b2,0,2,162.0,36.6246775277546,3,165.54612218285683,2,2,2,165.54612218285683,22055,1.5760870500000002,0,0,1
220550007001,23,b2,0,2,138.0,36.4014248663406,3,163.90078030935214,2,2,2,163.90078030935214,22055,1.5760870500000002,0,0,1
220570219011,38,b2,0,2,192.0,33.9270817673307,3,173.85805854719413,2,2,2,173.85805854719413,22057,0.52554993,1,1,1
220170241073,5,b2,0,2,75.0,33.506269179033,1,52.67949173892209,2,1,0,52.67949173892209,22017,0.0,0,0,0
220170241083,8,b2,0,2,82.0,33.7971564962265,1,53.47473702824963,2,1,0,53.47473702824963,22017,0.0,0,0,0
220170241085,17,b2,0,2,192.0,33.7866888212355,1,56.05379198415497,2,1,0,56.05379198415497,22017,0.0,0,0,0
220170254051,62,b2,0,2,262.0,30.3757750750592,2,35.0772816847572,1,1,0,35.0772816847572,22017,0.0,0,0,0
220190016002,4,b2,0,2,56.0,49.5111252394649,2,293.54309231224494,2,2,1,293.54309231224494,22019,32.47305225,0,1,0
220330038023,8,b2,0,2,79.0,32.4045482830915,6,134.78909007186198,1,1,1,134.78909007186198,22033,0.02202799,0,0,1
220330039072,16,b2,0,2,59.0,32.9230737438513,5,118.25435813835124,1,1,1,118.25435813835124,22033,0.02202799,0,0,1
220330039073,12,b2,0,2,59.0,33.1680641065209,4,117.92263566652402,2,1,1,117.92263566652402,22033,0.02202799,0,0,1
220330039081,4,b2,0,2,58.0,33.0090662878329,4,135.58874539153695,2,1,1,135.58874539153695,22033,0.02202799,0,0,1
220330039082,14,b2,0,2,82.0,33.3756640502822,4,118.09093910770063,2,1,1,118.09093910770063,22033,0.02202799,0,0,1
220330039083,8,b2,0,2,102.0,33.5753378153667,4,113.8874066943002,2,1,1,113.8874066943002,22033,0.02202799,0,0,1
220330040051,17,b2,0,2,135.0,32.8686639685551,6,88.51780523211211,1,1,1,88.51780523211211,22033,0.02202799,0,0,1
220319507003,4,b2,0,2,66.0,36.8859753908555,1,104.4800033569336,2,1,1,104.4800033569336,22031,0.0,0,0,0
220319501001,45,b2,0,2,228.0,35.8311044962194,1,89.89166259765625,2,1,1,89.89166259765625,22031,0.0,0,0,0
220330040052,8,b2,0,2,30.0,33.2804438004911,4,63.55691503150518,2,1,0,63.55691503150518,22033,0.02202799,0,0,1
220330040061,18,b2,0,2,253.0,32.6460960643427,6,92.0966498931004,1,1,1,92.0966498931004,22033,0.02202799,0,0,1
220319505001,4,b2,0,2,55.0,39.696689133325,2,139.08570861816406,2,1,2,139.08570861816406,22031,0.0,0,0,0
220319503001,4,b2,0,2,94.0,34.887135048388,1,110.94285583496094,2,1,1,110.94285583496094,22031,0.0,0,0,0
220330051001,4,b2,0,2,71.0,33.2890054049763,3,103.04896009325928,2,1,1,103.04896009325928,22033,0.02202799,0,0,1
220330046031,4,b2,0,2,27.0,32.6697383173238,5,103.61666870117188,1,1,1,103.61666870117188,22033,0.02202799,0,0,1
220330017001,16,b2,0,2,117.0,33.0919709433858,4,96.22837645487614,2,1,1,96.22837645487614,22033,0.02202799,0,0,1
220330019001,12,b2,0,2,86.0,32.5035055029546,6,127.18420402770452,1,1,1,127.18420402770452,22033,0.02202799,0,0,1
221179501011,12,b2,0,2,90.0,29.7792651548206,4,111.875,1,1,3,111.875,22117,0.0022141099999999,0,0,0
221179510003,4,b2,0,2,82.0,30.0012898810476,4,127.0,1,1,4,127.0,22117,0.0022141099999999,0,0,0
220330019002,12,b2,0,2,64.0,32.6583852110551,5,125.3621864846719,1,1,1,125.3621864846719,22033,0.02202799,0,0,1
220330019003,4,b2,0,2,60.0,32.8720973597352,5,116.91227707725432,1,1,1,116.91227707725432,22033,0.02202799,0,0,1
220330020001,15,b2,0,2,137.0,32.0920577284131,6,142.83503349472343,1,1,1,142.83503349472343,22033,0.02202799,0,0,1
220330020002,32,b2,0,2,133.0,32.3057968814909,6,136.75964604473407,1,1,1,136.75964604473407,22033,0.02202799,0,0,1
220330037023,12,b2,0,2,76.0,31.9267399163083,5,148.91311407122768,1,1,2,148.91311407122768,22033,0.02202799,0,0,1
220330037031,12,b2,0,2,74.0,32.2802341166539,5,145.4331293787855,1,1,1,145.4331293787855,22033,0.02202799,0,0,1
220330037032,8,b2,0,2,83.0,32.225237451734,5,146.03874296230745,1,1,2,146.03874296230745,22033,0.02202799,0,0,1
220330037034,12,b2,0,2,86.0,32.0682811568486,5,148.07712521134718,1,1,2,148.07712521134718,22033,0.02202799,0,0,1
220330025004,4,b2,0,2,109.0,33.5292242543982,4,60.626308262967555,2,1,0,60.626308262967555,22033,0.02202799,0,0,1
220330026011,16,b2,0,2,108.0,33.3202986767749,4,62.74111207119013,2,1,0,62.74111207119013,22033,0.02202799,0,0,1
220330038013,31,b2,0,2,639.0,32.9011110279927,5,100.0,1,1,1,100.0,22033,0.02202799,0,0,1
220330026012,8,b2,0,2,124.0,33.3283556651697,4,71.12537271549098,2,1,1,71.12537271549098,22033,0.02202799,0,0,1
220330026022,4,b2,0,2,124.0,33.2434870320704,4,75.19899821358169,2,1,1,75.19899821358169,22033,0.02202799,0,0,1
220330027001,8,b2,0,2,49.0,33.1492776610729,4,94.05925428551323,2,1,1,94.05925428551323,22033,0.02202799,0,0,1
220330052002,12,b2,0,2,133.0,33.5453485528003,3,66.04858704948782,2,1,0,66.04858704948782,22033,0.02202799,0,0,1
221030410043,37,b2,0,2,138.0,30.7220911053399,4,207.6248480932955,1,2,3,207.6248480932955,22103,0.05873937,1,1,0
220330044013,20,b2,0,2,155.0,30.7115879712388,4,186.8000030517578,1,2,1,186.8000030517578,22033,0.02202799,0,0,1
220330045051,44,b2,0,2,237.0,34.7298669564906,4,98.73708486483724,2,1,1,98.73708486483724,22033,0.02202799,0,0,1
220330044011,15,b2,0,2,142.0,30.5524543769135,4,183.58217335065768,1,2,1,183.58217335065768,22033,0.02202799,0,0,1
220330018001,4,b2,0,2,36.0,32.4317724268771,5,128.54620701735217,1,1,1,128.54620701735217,22033,0.02202799,0,0,1
220330042033,4,b2,0,2,41.0,32.3322691706157,4,159.56373618743868,1,2,0,159.56373618743868,22033,0.02202799,0,0,1
220330047001,12,b2,0,2,96.0,31.2195093900139,5,203.0800018310547,1,2,1,203.0800018310547,22033,0.02202799,0,0,1
220330044035,4,b2,0,2,42.0,32.2947007720699,4,148.46162529260505,1,1,1,148.46162529260505,22033,0.02202799,0,0,1
220330030002,6,b2,0,2,35.0,33.2804287443352,4,94.6999969482422,2,1,1,94.6999969482422,22033,0.02202799,0,0,1
220330030001,4,b2,0,2,26.0,32.6639148555085,4,135.93743614192647,1,1,1,135.93743614192647,22033,0.02202799,0,0,1
220330032022,8,b2,0,2,83.0,31.0542145143367,4,176.0202854746227,1,2,0,176.0202854746227,22033,0.02202799,0,0,1
220330044032,4,b2,0,2,71.0,32.8135431802028,5,159.3000030517578,1,2,0,159.3000030517578,22033,0.02202799,0,0,1
220330044033,8,b2,0,2,94.0,31.904084324471,4,160.16349973257593,1,2,0,160.16349973257593,22033,0.02202799,0,0,1
220330047002,13,b2,0,2,71.0,28.8608243551536,4,226.26666259765625,1,2,0,226.26666259765625,22033,0.02202799,0,0,1
220330043012,4,b2,0,2,160.0,30.1884269764317,5,199.3999938964844,1,2,1,199.3999938964844,22033,0.02202799,0,0,1
220330044012,12,b2,0,2,99.0,30.7068776307229,5,197.6000061035156,1,2,0,197.6000061035156,22033,0.02202799,0,0,1
220330039041,12,b2,0,2,67.0,32.8280809598166,5,135.71365222594753,1,1,1,135.71365222594753,22033,0.02202799,0,0,1
220330040054,16,b2,0,2,152.0,33.1255200482188,5,80.30000305175781,2,1,1,80.30000305175781,22033,0.02202799,0,0,1
220330035064,20,b2,0,2,107.0,31.6946967401666,5,153.37613121039897,1,2,0,153.37613121039897,22033,0.02202799,0,0,1
220710006042,4,b2,0,2,53.0,30.3143565796536,5,86.95978018672155,1,1,3,86.95978018672155,22071,0.06577263,1,1,1
220330040161,24,b2,0,2,226.0,34.6640383741269,4,72.6645490529761,2,1,1,72.6645490529761,22033,0.02202799,0,0,1
220330042032,9,b2,0,2,55.0,31.9664207999099,4,185.6000061035156,1,2,0,185.6000061035156,22033,0.02202799,0,0,1
220330043011,17,b2,0,2,140.0,29.9182445843471,4,216.8000030517578,1,2,0,216.8000030517578,22033,0.02202799,0,0,1
220330044022,40,b2,0,2,235.0,31.468810256221,4,158.89999389648438,1,2,0,158.89999389648438,22033,0.02202799,0,0,1
220730009001,10,b2,0,2,55.0,22.8492331204497,1,122.32038997654756,1,1,1,122.32038997654756,22073,0.0,0,0,0
220170247001,8,b2,0,2,49.0,30.993929776163,2,37.900001525878906,1,1,0,37.900001525878906,22017,0.0,0,0,0
220170247002,10,b2,0,2,64.0,30.6445324250574,2,36.84088610191386,1,1,0,36.84088610191386,22017,0.0,0,0,0
220170250003,12,b2,0,2,121.0,23.6367809382924,2,43.099998474121094,1,1,0,43.099998474121094,22017,0.0,0,0,0
220170239032,38,b2,0,2,205.0,33.8336641169265,1,48.94275836535587,2,1,0,48.94275836535587,22017,0.0,0,0,0
220170239033,16,b2,0,2,144.0,33.6175468916472,1,60.599998474121094,2,1,0,60.599998474121094,22017,0.0,0,0,0
220170240003,24,b2,0,2,254.0,33.0310679297231,1,74.30000305175781,2,1,1,74.30000305175781,22017,0.0,0,0,0
220170243042,18,b2,0,2,148.0,30.2480748279872,2,56.79999923706055,1,1,0,56.79999923706055,22017,0.0,0,0,0
220170244001,9,b2,0,2,111.0,30.2999741397073,2,37.82255914756373,1,1,0,37.82255914756373,22017,0.0,0,0,0
220170246022,4,b2,0,2,41.0,30.470157283199,2,43.0,1,1,0,43.0,22017,0.0,0,0,0
220170246025,8,b2,0,2,62.0,30.5736989726371,2,39.79999923706055,1,1,0,39.79999923706055,22017,0.0,0,0,0
221179503003,22,b2,0,2,74.0,37.4071268445763,3,106.9000015258789,2,1,1,106.9000015258789,22117,0.0022141099999999,0,0,0
221059540012,9,b2,0,2,51.0,35.5671508704467,3,126.80183654193256,2,1,1,126.80183654193256,22105,0.00826522,0,1,1
221059540022,24,b2,0,2,106.0,36.321835753286,3,99.5,2,1,1,99.5,22105,0.00826522,0,1,1
221179501012,4,b2,0,2,89.0,29.5298955394749,4,117.8000030517578,1,1,2,117.8000030517578,22117,0.0022141099999999,0,0,0
221179509001,8,b2,0,2,104.0,29.8792314718631,4,113.3300652118802,1,1,4,113.3300652118802,22117,0.0022141099999999,0,0,0
221179501021,33,b2,0,2,141.0,33.8420860418056,3,76.37857818603516,2,1,1,76.37857818603516,22117,0.0022141099999999,0,0,0
221139501001,77,b2,0,2,277.0,39.1509505278698,3,130.5500030517578,2,1,3,130.5500030517578,22113,12.34417553,0,1,0
221139505002,15,b2,0,2,116.0,36.7582963345498,4,110.0500030517578,2,1,4,110.0500030517578,22113,12.34417553,0,1,0
221139509021,28,b2,0,2,217.0,41.0561895788716,3,160.3000030517578,2,2,3,160.3000030517578,22113,12.34417553,0,1,1
220399501002,4,b2,0,2,75.0,35.0647563066007,2,307.7699890136719,2,2,2,307.7699890136719,22039,4.6647587800000005,0,0,0
220190022012,38,b2,0,2,240.0,46.7470135773595,2,267.8999938964844,2,2,0,267.8999938964844,22019,32.47305225,0,1,0
220190022032,31,b2,0,2,238.0,48.2628877345777,2,288.7257669794793,2,2,1,288.7257669794793,22019,32.47305225,0,1,0
220190022042,25,b2,0,2,180.0,46.9053319479305,3,292.9065651496242,2,2,0,292.9065651496242,22019,32.47305225,0,1,0
220190022043,25,b2,0,2,135.0,47.4341204388293,3,350.3999938964844,2,2,0,350.3999938964844,22019,32.47305225,0,1,0
220510217004,15,b2,0,2,111.0,29.3814806030843,5,96.8000030517578,1,1,3,96.8000030517578,22051,0.05823747,1,1,1
220510230011,12,b2,0,2,135.0,29.5234035279067,5,102.20974104024523,1,1,2,102.20974104024523,22051,0.05823747,1,1,1
220330039042,4,b2,0,2,92.0,32.3689867923559,5,144.07425957486512,1,1,2,144.07425957486512,22033,0.02202799,0,0,1
220330001001,13,b2,0,2,39.0,32.4849627868639,4,156.4416547576295,1,2,0,156.4416547576295,22033,0.02202799,0,0,1
221139504003,8,b2,0,2,76.0,36.1488606292061,3,113.20333397734883,2,1,4,113.20333397734883,22113,12.34417553,0,1,0
220330003001,4,b2,0,2,52.0,32.6508466809526,4,139.41368410216072,1,1,1,139.41368410216072,22033,0.02202799,0,0,1
220690004002,8,b2,0,2,51.0,34.3215770197746,3,144.10000610351562,2,1,4,144.10000610351562,22069,0.0,0,0,0
220190018011,54,b2,0,2,139.0,54.727386399093,3,179.16000366210938,2,2,0,179.16000366210938,22019,32.47305225,1,1,0
221010408001,26,b2,0,2,223.0,37.1903060846942,4,68.84782409667969,2,1,0,68.84782409667969,22101,0.68496657,1,1,1
221010405001,45,b2,0,2,120.0,37.6584418755019,5,57.525573974471904,2,1,0,57.525573974471904,22101,0.68496657,1,1,1
221010402002,28,b2,0,2,174.0,37.1340431966497,4,59.571059716359485,2,1,0,59.571059716359485,22101,0.68496657,1,1,1
221010409001,24,b2,0,2,105.0,36.3540937031294,5,73.8778568613431,2,1,1,73.8778568613431,22101,0.68496657,1,1,1
221010407003,19,b2,0,2,98.0,38.8163896585292,5,63.51609012636737,2,1,0,63.51609012636737,22101,0.68496657,1,1,1
221010405002,52,b2,0,2,252.0,38.2357647364549,5,57.400001525878906,2,1,0,57.400001525878906,22101,0.68496657,1,1,1
220430201002,8,b2,0,2,50.0,28.8727910183769,3,183.7611083984375,1,2,0,183.7611083984375,22043,0.0,0,0,0
220430204014,6,b2,0,2,54.0,32.4675338707661,3,166.0600128173828,1,2,1,166.0600128173828,22043,0.0,0,0,0
220430202001,9,b2,0,2,131.0,36.5915764859228,3,122.9888916015625,2,1,2,122.9888916015625,22043,0.0,0,0,0
220430204012,14,b2,0,2,143.0,28.1840336238,3,227.1999969482422,1,2,0,227.1999969482422,22043,0.0,0,0,0
220430202002,4,b2,0,2,42.0,34.0789706299588,1,135.74444580078125,2,1,2,135.74444580078125,22043,0.0,0,0,0
220430204013,16,b2,0,2,101.0,32.220275982463,3,177.33749389648438,1,2,0,177.33749389648438,22043,0.0,0,0,0
220430204021,36,b2,0,2,294.0,31.4262156618189,3,204.6999969482422,1,2,1,204.6999969482422,22043,0.0,0,0,0
220430201001,4,b2,0,2,73.0,28.9518394586438,3,142.0785675048828,1,1,2,142.0785675048828,22043,0.0,0,0,0
220430204011,12,b2,0,2,47.0,27.2261050428041,3,219.3999938964844,1,2,0,219.3999938964844,22043,0.0,0,0,0
220430203001,8,b2,0,2,57.0,36.7506708031778,2,175.0625,2,2,1,175.0625,22043,0.0,0,0,0
220430204015,14,b2,0,2,144.0,30.7288555352094,3,206.8666534423828,1,2,0,206.8666534423828,22043,0.0,0,0,0
220239702013,8,b2,0,2,140.0,51.0368307955479,3,170.89999389648438,2,2,4,170.89999389648438,22023,89.29875362,1,1,0
220570211005,19,b2,0,2,89.0,33.0599060072619,4,113.60000610351562,2,1,4,113.60000610351562,22057,0.52554993,1,1,1
220570215002,23,b2,0,2,63.0,32.982070401465,5,118.5999984741211,1,1,5,118.5999984741211,22057,0.52554993,1,1,1
220570215003,17,b2,0,2,94.0,32.3504695940799,5,116.74321456142326,1,1,5,116.74321456142326,22057,0.52554993,1,1,1
220570215004,23,b2,0,2,87.0,32.4328940397964,5,113.00643297210722,1,1,5,113.00643297210722,22057,0.52554993,1,1,1
220690002002,8,b2,0,2,93.0,31.9134408728635,4,180.51251220703125,1,2,3,180.51251220703125,22069,0.0,0,0,0
220690005002,14,b2,0,2,84.0,32.7633255830777,4,146.39280954234107,1,1,3,146.39280954234107,22069,0.0,0,0,0
221059535002,8,b2,0,2,67.0,34.7424984359942,3,128.6333465576172,2,1,1,128.6333465576172,22105,0.00826522,0,1,0
221059539002,12,b2,0,2,89.0,35.6848573901613,3,186.0,2,2,0,186.0,22105,0.00826522,0,1,1
221059539004,21,b2,0,2,169.0,35.8644581524286,3,164.60000610351562,2,2,0,164.60000610351562,22105,0.00826522,0,1,1
220690006003,8,b2,0,2,64.0,31.2143900110048,4,136.98282677093633,1,1,3,136.98282677093633,22069,0.0,0,0,0
221090009004,9,b2,0,2,69.0,34.2652821684249,3,178.1844730968932,2,2,2,178.1844730968932,22109,0.7674244,1,1,1
221010401002,8,b2,0,2,72.0,37.4092673652784,4,80.69999694824219,2,1,1,80.69999694824219,22101,0.68496657,1,1,1
220190026001,19,b2,0,2,119.0,52.7056503000529,2,226.7216503502075,2,2,3,226.7216503502075,22019,32.47305225,0,1,0
220190026004,8,b2,0,2,69.0,52.6898405792431,2,218.1426460923869,2,2,3,218.1426460923869,22019,32.47305225,0,1,0
220190027004,56,b2,0,2,269.0,52.5782397196604,3,190.16000366210935,2,2,3,190.16000366210935,22019,32.47305225,0,1,0
220190028003,16,b2,0,2,70.0,51.7024705315725,2,188.9426338032699,2,2,3,188.9426338032699,22019,32.47305225,0,1,0
220190028001,35,b2,0,2,110.0,51.9511857393497,3,188.17641839872272,2,2,3,188.17641839872272,22019,32.47305225,0,1,0
220710017301,17,b2,0,2,54.0,38.6519197235223,4,132.25,2,1,4,132.25,22071,0.06577263,1,1,0
220399503003,20,b2,0,2,82.0,35.0915736114522,3,228.61001586914065,2,2,2,228.61001586914065,22039,4.6647587800000005,0,0,0
220399502002,12,b2,0,2,73.0,34.5221128915169,4,379.6466674804687,2,2,2,379.6466674804687,22039,4.6647587800000005,0,0,0
220399501004,12,b2,0,2,151.0,34.8756765624208,3,253.65554809570312,2,2,2,253.65554809570312,22039,4.6647587800000005,0,0,0
220399508002,12,b2,0,2,89.0,34.8817338432353,3,194.4142913818359,2,2,2,194.4142913818359,22039,4.6647587800000005,0,0,1
220399501003,20,b2,0,2,188.0,34.7277910613631,2,333.5999755859375,2,2,2,333.5999755859375,22039,4.6647587800000005,0,0,0
220399504001,24,b2,0,2,142.0,34.5770451157875,3,259.3000183105469,2,2,2,259.3000183105469,22039,4.6647587800000005,0,0,0
220399508003,12,b2,0,2,90.0,38.4705038226852,3,207.44285583496097,2,2,2,207.44285583496097,22039,4.6647587800000005,0,0,0
220399507001,4,b2,0,2,83.0,36.0718519676635,3,172.8000030517578,2,2,1,172.8000030517578,22039,4.6647587800000005,0,0,1
220399504003,8,b2,0,2,96.0,37.476170439328,3,237.98974714766015,2,2,2,237.98974714766015,22039,4.6647587800000005,0,0,0
220450303012,8,b2,0,2,103.0,37.6950363663854,5,111.06754930248654,2,1,3,111.06754930248654,22045,3.09661809,0,1,1
220419501001,25,b2,0,2,107.0,20.7104504406168,0,148.1266632080078,1,1,1,148.1266632080078,22041,0.00585853,0,0,0
220550020012,32,b2,0,2,158.0,39.1972387228926,3,141.39999389648438,2,1,3,141.39999389648438,22055,1.5760870500000002,0,0,1
220550020013,8,b2,0,2,104.0,38.0167611131249,4,174.99616204740042,2,2,2,174.99616204740042,22055,1.5760870500000002,0,0,1
220550020021,16,b2,0,2,180.0,37.0764562280364,3,194.3999938964844,2,2,2,194.3999938964844,22055,1.5760870500000002,0,0,1
220550020022,19,b2,0,2,88.0,38.1692952721252,3,159.42377302334654,2,2,2,159.42377302334654,22055,1.5760870500000002,0,0,1
220550020023,12,b2,0,2,104.0,37.6408360676154,3,156.8000030517578,2,2,2,156.8000030517578,22055,1.5760870500000002,0,0,1
220550021011,21,b2,0,2,145.0,37.8364017406003,4,183.3000030517578,2,2,2,183.3000030517578,22055,1.5760870500000002,0,0,1
220710017254,4,b2,0,2,71.0,32.3967541521437,5,91.02217186191425,1,1,3,91.02217186191425,22071,0.06577263,1,1,0
220550021012,22,b2,0,2,203.0,36.5189991802365,3,175.40778165698305,2,2,2,175.40778165698305,22055,1.5760870500000002,0,0,1
220550021013,4,b2,0,2,78.0,36.5623242826234,3,182.097585274542,2,2,2,182.097585274542,22055,1.5760870500000002,0,0,1
220550021022,19,b2,0,2,195.0,36.7773052212361,2,160.60000610351562,2,2,2,160.60000610351562,22055,1.5760870500000002,0,0,1
220550021032,8,b2,0,2,69.0,35.3961052893119,3,173.33918858092665,2,2,2,173.33918858092665,22055,1.5760870500000002,0,0,1
220550021033,20,b2,0,2,134.0,35.3544962552674,3,176.5,2,2,2,176.5,22055,1.5760870500000002,0,0,1
220550016001,8,b2,0,2,78.0,36.7711880261618,3,155.7242131759676,2,2,2,155.7242131759676,22055,1.5760870500000002,0,0,1
220870307001,10,b2,0,2,47.0,30.6701299717272,5,93.62617546320487,1,1,3,93.62617546320487,22087,1.14608952,1,1,0
220950709002,16,b2,0,2,64.0,31.7412529425598,4,144.3000030517578,1,1,3,144.3000030517578,22095,0.2488945099999999,1,1,1
220950702003,16,b2,0,2,87.0,32.8788591393623,4,149.58553700576138,1,1,2,149.58553700576138,22095,0.2488945099999999,1,1,1
220870301031,8,b2,0,2,33.0,32.9577911341113,5,113.4000015258789,1,1,3,113.4000015258789,22087,1.14608952,1,1,0
220870302083,16,b2,0,2,81.0,32.2332928515884,5,108.1175599186162,1,1,3,108.1175599186162,22087,1.14608952,1,1,0
220870301042,18,b2,0,2,79.0,38.3263470264634,4,132.18552878108642,2,1,5,132.18552878108642,22087,1.14608952,1,1,0
220870302094,5,b2,0,2,52.0,31.5346073304616,5,106.67311814595485,1,1,3,106.67311814595485,22087,1.14608952,1,1,0
220870301041,9,b2,0,2,96.0,38.5959919746648,4,135.0,2,1,5,135.0,22087,1.14608952,1,1,0
220419506001,12,b2,0,2,83.0,26.4532320527168,2,169.89999389648438,1,2,0,169.89999389648438,22041,0.00585853,0,0,0
220419502002,12,b2,0,2,62.0,24.4719305442412,2,187.5666656494141,1,2,0,187.5666656494141,22041,0.00585853,0,0,0
220419501002,31,b2,0,2,160.0,20.6042062464231,0,174.63333129882812,1,2,0,174.63333129882812,22041,0.00585853,0,0,0
220419505002,16,b2,0,2,79.0,26.9775090752288,2,163.5,1,2,0,163.5,22041,0.00585853,0,0,0
220419502003,26,b2,0,2,115.0,24.7766776521987,2,172.9666748046875,1,2,0,172.9666748046875,22041,0.00585853,0,0,0
220419501003,22,b2,0,2,121.0,20.9147980926143,0,135.89999389648438,1,1,1,135.89999389648438,22041,0.00585853,0,0,0
220950707003,8,b2,0,2,47.0,31.0811231712239,4,143.4784220790153,1,1,2,143.4784220790153,22095,0.2488945099999999,1,1,1
220419503001,12,b2,0,2,122.0,23.1543731249961,1,178.63714868690113,1,2,0,178.63714868690113,22041,0.00585853,0,0,0
220419504003,9,b2,0,2,103.0,24.9685742675564,2,164.34999084472656,1,2,0,164.34999084472656,22041,0.00585853,0,0,0
221059534003,32,b2,0,2,197.0,36.8210542898658,3,139.8000030517578,2,1,2,139.8000030517578,22105,0.00826522,0,1,0
220419503004,4,b2,0,2,49.0,24.0040660076986,1,179.91748167824923,1,2,0,179.91748167824923,22041,0.00585853,0,0,0
220419503005,8,b2,0,2,69.0,23.7572142846087,1,176.99456940544923,1,2,0,176.99456940544923,22041,0.00585853,0,0,0
220419505001,8,b2,0,2,103.0,24.5215180018469,1,173.1374969482422,1,2,0,173.1374969482422,22041,0.00585853,0,0,0
220419506002,17,b2,0,2,80.0,27.4441235201959,2,195.54286193847656,1,2,0,195.54286193847656,22041,0.00585853,0,0,0
221059539001,18,b2,0,2,127.0,35.5626509024012,3,137.10000610351562,2,1,1,137.10000610351562,22105,0.00826522,0,1,1
221010408002,16,b2,0,2,149.0,39.5928060503343,5,53.25714111328125,2,1,0,53.25714111328125,22101,0.68496657,1,1,1
220550014011,55,b2,0,2,463.0,38.0410323218666,3,132.26815128070507,2,1,3,132.26815128070507,22055,1.5760870500000002,0,0,1
220550014012,36,b2,0,2,208.0,38.5055663962111,3,130.68541097144998,2,1,3,130.68541097144998,22055,1.5760870500000002,0,0,1
220550014013,43,b2,0,2,254.0,39.1085325238978,3,133.8058679310558,2,1,3,133.8058679310558,22055,1.5760870500000002,0,0,0
220550014022,41,b2,0,2,299.0,37.2088598337277,3,144.10249085013623,2,1,4,144.10249085013623,22055,1.5760870500000002,0,0,1
220550014023,26,b2,0,2,219.0,40.5282542323184,3,142.10000610351562,2,1,4,142.10000610351562,22055,1.5760870500000002,0,0,1
220550014031,16,b2,0,2,216.0,37.7182831732738,3,135.05877689388447,2,1,3,135.05877689388447,22055,1.5760870500000002,0,0,1
220550014021,22,b2,0,2,249.0,38.2495652004602,3,130.1559233933103,2,1,4,130.1559233933103,22055,1.5760870500000002,0,0,1
220750502003,12,b2,0,2,134.0,30.4462790303824,5,100.67566365824676,1,1,3,100.67566365824676,22075,1.49824733,1,1,1
220750502004,42,b2,0,2,148.0,30.428991832924,5,100.6611597288687,1,1,3,100.6611597288687,22075,1.49824733,1,1,1
220750502005,15,b2,0,2,112.0,30.4641338156342,5,99.96198382764712,1,1,3,99.96198382764712,22075,1.49824733,1,1,1
220750503001,12,b2,0,2,155.0,30.4510253220063,5,100.1999969482422,1,1,3,100.1999969482422,22075,1.49824733,1,1,1
220750503003,16,b2,0,2,78.0,30.4282752679341,5,94.15058865672522,1,1,3,94.15058865672522,22075,1.49824733,1,1,1
220750504002,49,b2,0,2,248.0,32.8943731523951,5,95.3499984741211,1,1,6,95.3499984741211,22075,1.49824733,1,1,1
220150111103,49,b2,0,2,190.0,30.6604539300851,2,38.0,1,1,0,38.0,22015,0.0,0,0,0
220750508002,13,b2,0,2,90.0,37.2690595138772,4,98.96466669517922,2,1,2,98.96466669517922,22075,1.49824733,1,1,0
220730109002,4,b2,0,2,68.0,22.8223981541438,1,139.5583266634925,1,1,1,139.5583266634925,22073,0.0,0,0,0
220990202002,4,b2,0,2,66.0,34.1190233694353,2,124.1500015258789,2,1,3,124.1500015258789,22099,2.17976609,0,1,1
220990202001,13,b2,0,2,125.0,34.2540837609811,2,165.73333740234375,2,2,3,165.73333740234375,22099,2.17976609,0,1,1
220990204003,24,b2,0,2,161.0,38.3123798381407,4,120.3000030517578,2,1,4,120.3000030517578,22099,2.17976609,0,1,1
220990208001,12,b2,0,2,76.0,36.7348431789264,4,103.63333129882812,2,1,2,103.63333129882812,22099,2.17976609,0,1,1
220550014032,43,b2,0,2,354.0,37.2511140859742,3,144.12506232161974,2,1,3,144.12506232161974,22055,1.5760870500000002,0,0,1
220550014041,21,b2,0,2,209.0,36.4289791974062,3,157.5,2,2,2,157.5,22055,1.5760870500000002,0,0,1
220730052031,8,b2,0,2,92.0,22.8807986553696,1,103.72464963155645,1,1,2,103.72464963155645,22073,0.0,0,0,0
220730105022,21,b2,0,2,112.0,24.2072594107471,2,138.3000030517578,1,1,1,138.3000030517578,22073,0.0,0,0,0
220730102021,64,b2,0,2,385.0,21.453063979572,1,95.4499969482422,1,1,1,95.4499969482422,22073,0.0,0,0,0
220730102023,35,b2,0,2,161.0,20.8820792201821,0,122.0,1,1,1,122.0,22073,0.0,0,0,0
220730104003,34,b2,0,2,121.0,25.9105852293547,2,110.75,1,1,2,110.75,22073,0.0,0,0,0
220479527002,20,b2,0,2,130.0,35.0863979502265,4,63.491780109225495,2,1,0,63.491780109225495,22047,0.33403865,0,1,1
220730052012,53,b2,0,2,329.0,25.5112611684083,2,96.25,1,1,2,96.25,22073,0.0,0,0,0
220730103022,8,b2,0,2,64.0,23.2988867182918,1,100.5500030517578,1,1,2,100.5500030517578,22073,0.0,0,0,0
220730051002,25,b2,0,2,116.0,23.316499923348,1,91.66666412353516,1,1,2,91.66666412353516,22073,0.0,0,0,0
220730054002,20,b2,0,2,134.0,22.8131260291577,2,104.84904122873168,1,1,2,104.84904122873168,22073,0.0,0,0,0
220730105021,50,b2,0,2,260.0,24.722094126051,2,119.0999984741211,1,1,2,119.0999984741211,22073,0.0,0,0,0
220730104006,29,b2,0,2,208.0,25.2046160704824,2,99.5999984741211,1,1,2,99.5999984741211,22073,0.0,0,0,0
220730104005,31,b2,0,2,178.0,28.845330449471,2,112.5999984741211,1,1,2,112.5999984741211,22073,0.0,0,0,0
220730006001,5,b2,0,2,59.0,22.9667403298489,1,151.24314442065608,1,2,0,151.24314442065608,22073,0.0,0,0,0
220730105045,8,b2,0,2,58.0,22.6909699427662,2,108.5,1,1,2,108.5,22073,0.0,0,0,0
220730059002,9,b2,0,2,78.0,22.2900086340891,2,111.0,1,1,1,111.0,22073,0.0,0,0,0
220730103011,28,b2,0,2,203.0,23.195798360587,1,111.4000015258789,1,1,1,111.4000015258789,22073,0.0,0,0,0
220730104002,25,b2,0,2,137.0,26.1216271875401,2,104.5,1,1,2,104.5,22073,0.0,0,0,0
220730104004,39,b2,0,2,195.0,27.7717078826513,2,107.4749984741211,1,1,2,107.4749984741211,22073,0.0,0,0,0
220730105042,21,b2,0,2,142.0,24.7601661066937,2,113.3000030517578,1,1,2,113.3000030517578,22073,0.0,0,0,0
220730106042,4,b2,0,2,41.0,21.3450331551362,1,167.58889770507812,1,2,0,167.58889770507812,22073,0.0,0,0,0
220730001002,12,b2,0,2,64.0,22.8718822975349,2,112.59183739002248,1,1,2,112.59183739002248,22073,0.0,0,0,0
220730001003,4,b2,0,2,40.0,22.8396375152293,2,113.3753690358277,1,1,2,113.3753690358277,22073,0.0,0,0,0
220730001004,8,b2,0,2,66.0,22.9050601050714,2,115.729071607576,1,1,2,115.729071607576,22073,0.0,0,0,0
220950704001,39,b2,0,2,214.0,33.0053094448495,3,140.2086829946503,2,1,2,140.2086829946503,22095,0.2488945099999999,1,1,1
220950703001,6,b2,0,2,64.0,32.1852487488425,4,145.5044424817555,1,1,3,145.5044424817555,22095,0.2488945099999999,1,1,1
220950703002,10,b2,0,2,63.0,32.4633594496835,4,151.62154702963343,1,2,1,151.62154702963343,22095,0.2488945099999999,1,1,1
220950703003,13,b2,0,2,87.0,32.193971479458,4,151.5279036681175,1,2,1,151.5279036681175,22095,0.2488945099999999,1,1,1
220950707002,14,b2,0,2,103.0,31.6924772131949,4,141.7020000081169,1,1,2,141.7020000081169,22095,0.2488945099999999,1,1,1
220950707004,9,b2,0,2,40.0,31.4443106435892,4,143.44929105668027,1,1,2,143.44929105668027,22095,0.2488945099999999,1,1,1
220730106041,8,b2,0,2,40.0,22.1327932300715,1,143.60000610351562,1,1,1,143.60000610351562,22073,0.0,0,0,0
220950709001,4,b2,0,2,30.0,31.3053536005629,4,146.8860709456028,1,1,3,146.8860709456028,22095,0.2488945099999999,1,1,1
220730109001,6,b2,0,2,101.0,22.8338479154686,1,138.60000610351562,1,1,1,138.60000610351562,22073,0.0,0,0,0
220730011002,8,b2,0,2,65.0,22.6836788575819,1,131.18089329284328,1,1,1,131.18089329284328,22073,0.0,0,0,0
220570217003,25,b2,0,2,86.0,33.3387740703098,3,133.24368045484783,2,1,3,133.24368045484783,22057,0.52554993,1,1,1
220730001005,4,b2,0,2,90.0,22.9346404510108,2,114.62208269326574,1,1,2,114.62208269326574,22073,0.0,0,0,0
220730002003,8,b2,0,2,79.0,23.1349432578739,1,111.3020632933904,1,1,2,111.3020632933904,22073,0.0,0,0,0
220730103021,33,b2,0,2,142.0,23.639185665523,1,89.9000015258789,1,1,3,89.9000015258789,22073,0.0,0,0,0
220730052041,17,b2,0,2,151.0,22.8511145166255,1,102.83867849349464,1,1,2,102.83867849349464,22073,0.0,0,0,0
220730002004,27,b2,0,2,172.0,23.0372261812999,1,104.56340365219374,1,1,2,104.56340365219374,22073,0.0,0,0,0
220730101013,12,b2,0,2,158.0,21.401584020163,1,117.2249984741211,1,1,1,117.2249984741211,22073,0.0,0,0,0
220730105041,19,b2,0,2,120.0,24.9851775054071,2,110.0,1,1,2,110.0,22073,0.0,0,0,0
220730106034,8,b2,0,2,51.0,20.1098802090819,0,139.85000610351562,1,1,1,139.85000610351562,22073,0.0,0,0,0
220510279022,86,b2,0,2,392.0,39.3204107056526,3,110.81663484671016,2,1,1,110.81663484671016,22051,0.05823747,1,1,1
220510220012,4,b2,0,2,76.0,29.5729279392104,5,103.6108777418706,1,1,3,103.6108777418706,22051,0.05823747,1,1,1
220510250023,17,b2,0,2,60.0,30.2775591378095,5,88.65877372937503,1,1,3,88.65877372937503,22051,0.05823747,1,1,1
220690003003,32,b2,0,2,201.0,31.8775577818053,4,161.46665954589844,1,2,3,161.46665954589844,22069,0.0,0,0,0
220170240004,15,b2,0,2,202.0,33.3752049367171,1,62.88426697894491,2,1,0,62.88426697894491,22017,0.0,0,0,0
220730002002,8,b2,0,2,81.0,23.0805234894965,1,110.72536275828088,1,1,2,110.72536275828088,22073,0.0,0,0,0
220730053011,48,b2,0,2,310.0,25.3411232326212,1,101.5999984741211,1,1,2,101.5999984741211,22073,0.0,0,0,0
220950704002,4,b2,0,2,66.0,32.4479994159861,4,144.41785096183003,1,1,3,144.41785096183003,22095,0.2488945099999999,1,1,1
220950710001,12,b2,0,2,77.0,31.1380297330368,4,157.26312935194736,1,2,1,157.26312935194736,22095,0.2488945099999999,1,1,1
220730002005,8,b2,0,2,55.0,23.1169108256817,1,111.91107555082122,1,1,2,111.91107555082122,22073,0.0,0,0,0
220570218004,35,b2,0,2,121.0,33.4472293996514,3,157.68642173208914,2,2,2,157.68642173208914,22057,0.52554993,1,1,1
220730052032,4,b2,0,2,80.0,22.9496091291887,1,101.66442592576048,1,1,2,101.66442592576048,22073,0.0,0,0,0
220779521002,12,b2,0,2,124.0,34.4791721569816,3,73.5666732788086,2,1,1,73.5666732788086,22077,0.4857803799999999,0,0,1
220779524001,16,b2,0,2,144.0,35.0214063094814,1,62.54999923706055,2,1,0,62.54999923706055,22077,0.4857803799999999,0,0,1
220779524003,12,b2,0,2,107.0,35.328499659366,1,89.52000427246094,2,1,1,89.52000427246094,22077,0.4857803799999999,0,0,1
220730001001,8,b2,0,2,74.0,22.9251731066465,2,108.74341463644896,1,1,2,108.74341463644896,22073,0.0,0,0,0
220510278043,19,b2,0,2,100.0,30.1893329886863,5,93.20959292586146,1,1,3,93.20959292586146,22051,0.05823747,1,1,1
220510278051,25,b2,0,2,140.0,30.1261697411552,5,90.89511383841084,1,1,3,90.89511383841084,22051,0.05823747,1,1,1
220510278062,36,b2,0,2,127.0,29.8337931193379,5,88.84145167356179,1,1,5,88.84145167356179,22051,0.05823747,1,1,1
220510278063,51,b2,0,2,197.0,29.8337975595675,5,88.85241708460006,1,1,5,88.85241708460006,22051,0.05823747,1,1,1
220510278071,36,b2,0,2,181.0,29.9633981650607,5,88.3549605740331,1,1,4,88.3549605740331,22051,0.05823747,1,1,1
220479531013,8,b2,0,2,91.0,34.8450853502043,4,60.29999923706055,2,1,0,60.29999923706055,22047,0.33403865,0,1,1
221190316002,61,b2,0,2,218.0,33.7660316366157,1,150.5500030517578,2,2,1,150.5500030517578,22119,0.0,0,0,0
221190319003,8,b2,0,2,47.0,35.3355237902041,1,131.71790602346027,2,1,2,131.71790602346027,22119,0.0,0,0,0
220510278073,33,b2,0,2,145.0,29.9208650004379,5,86.2973276466364,1,1,4,86.2973276466364,22051,0.05823747,1,1,1
220510278072,28,b2,0,2,142.0,30.3170853295813,5,87.63334310249921,1,1,5,87.63334310249921,22051,0.05823747,1,1,1
220510278092,47,b2,0,2,247.0,30.9778753189539,5,87.88460065977509,1,1,5,87.88460065977509,22051,0.05823747,1,1,1
220510278094,63,b2,0,2,186.0,32.7561642462197,5,85.0,1,1,4,85.0,22051,0.05823747,1,1,1
220510278103,29,b2,0,2,70.0,29.9526543432112,5,88.06562037590592,1,1,4,88.06562037590592,22051,0.05823747,1,1,1
220510278111,17,b2,0,2,49.0,29.9930528657495,5,88.67632672561706,1,1,4,88.67632672561706,22051,0.05823747,1,1,1
220990205021,12,b2,0,2,60.0,37.8512211401455,2,128.78367633022273,2,1,4,128.78367633022273,22099,2.17976609,0,1,1
220990205013,18,b2,0,2,106.0,37.2569472193895,3,149.6800079345703,2,1,4,149.6800079345703,22099,2.17976609,0,1,1
221030406042,34,b2,0,2,294.0,29.1926817959605,5,113.48641044251416,1,1,2,113.48641044251416,22103,0.05873937,0,1,0
220479527001,29,b2,0,2,154.0,34.4317966302726,4,68.0999984741211,2,1,0,68.0999984741211,22047,0.33403865,0,1,1
220479527003,4,b2,0,2,94.0,34.9774320465518,4,58.34798858371682,2,1,0,58.34798858371682,22047,0.33403865,0,1,1
220790132003,32,b2,0,2,224.0,30.4205021022614,4,224.22000122070312,1,2,1,224.22000122070312,22079,4.49269524,0,0,0
220510278052,8,b2,0,2,119.0,30.1196224742309,5,90.86626854859888,1,1,3,90.86626854859888,22051,0.05823747,1,1,1
220510278061,12,b2,0,2,74.0,29.8315769539231,5,88.93009920423307,1,1,6,88.93009920423307,22051,0.05823747,1,1,1
220510205084,39,b2,0,2,159.0,28.9969747343852,5,135.32234039383698,1,1,3,135.32234039383698,22051,0.05823747,1,1,1
221159504002,8,b2,0,2,61.0,41.6682273086348,2,150.17428469441816,2,2,3,150.17428469441816,22115,19.00196373,0,0,0
221159503001,13,b2,0,2,113.0,46.1568634032703,3,137.9250030517578,2,1,4,137.9250030517578,22115,19.00196373,0,0,0
221159502003,12,b2,0,2,98.0,48.5770938887981,3,191.8999938964844,2,2,2,191.8999938964844,22115,19.00196373,0,0,0
221159508002,12,b2,0,2,57.0,40.8050776137518,3,216.4199981689453,2,2,3,216.4199981689453,22115,19.00196373,0,0,0
221159502001,7,b2,0,2,76.0,34.0969170330617,2,144.52000427246094,2,1,3,144.52000427246094,22115,19.00196373,0,0,0
221159509004,12,b2,0,2,116.0,49.1323921301483,2,157.8249969482422,2,2,3,157.8249969482422,22115,19.00196373,0,0,0
221159506003,14,b2,0,2,84.0,40.6963666921014,2,164.4499969482422,2,2,3,164.4499969482422,22115,19.00196373,0,0,0
221159501001,12,b2,0,2,59.0,40.1121416250561,2,151.55862426757812,2,2,2,151.55862426757812,22115,19.00196373,0,0,0
221190312003,19,b2,0,2,125.0,29.7401345642439,2,59.4666633605957,1,1,0,59.4666633605957,22119,0.0,0,0,0
220550021034,8,b2,0,2,85.0,35.5850905150505,3,173.86196701813003,2,2,2,173.86196701813003,22055,1.5760870500000002,0,0,1
221190314003,11,b2,0,2,121.0,30.3259151064754,2,50.133331298828125,1,1,0,50.133331298828125,22119,0.0,0,0,0
220450301001,17,b2,0,2,157.0,31.9449120919024,5,72.05172729492188,1,1,2,72.05172729492188,22045,3.09661809,1,1,1
220450304001,8,b2,0,2,48.0,37.9627681075558,4,112.22856903076172,2,1,3,112.22856903076172,22045,3.09661809,1,1,1
220790115001,18,b2,0,2,142.0,31.4606462428086,3,235.13423510723223,1,2,1,235.13423510723223,22079,4.49269524,0,0,0
220790134002,19,b2,0,2,198.0,32.8567656968545,4,262.6666564941406,1,2,1,262.6666564941406,22079,4.49269524,0,0,0
220790105003,12,b2,0,2,195.0,31.5952812529325,3,229.1000061035156,1,2,1,229.1000061035156,22079,4.49269524,0,0,0
220790107002,12,b2,0,2,99.0,32.7439668607997,4,228.5,1,2,2,228.5,22079,4.49269524,0,0,0
220790136003,13,b2,0,2,61.0,42.5539533117008,3,404.6727294921875,2,2,2,404.6727294921875,22079,4.49269524,0,0,0
220790104002,8,b2,0,2,101.0,31.8533594205353,3,210.6000061035156,1,2,1,210.6000061035156,22079,4.49269524,0,0,0
220790113002,10,b2,0,2,132.0,31.1752579109746,3,237.3000030517578,1,2,1,237.3000030517578,22079,4.49269524,0,0,0
220790138003,27,b2,0,2,181.0,32.2888013172732,3,216.5,1,2,1,216.5,22079,4.49269524,0,0,0
220790135001,24,b2,0,2,150.0,33.2415146655412,3,299.81427001953125,2,2,2,299.81427001953125,22079,4.49269524,0,0,0
221059537003,48,b2,0,2,275.0,37.2977616346546,3,147.42498779296875,2,1,1,147.42498779296875,22105,0.00826522,0,1,0
221059546001,43,b2,0,2,352.0,32.5631050798884,4,119.31999206542967,1,1,2,119.31999206542967,22105,0.00826522,1,1,0
221059535001,21,b2,0,2,116.0,36.5651096992628,2,104.54999542236328,2,1,1,104.54999542236328,22105,0.00826522,0,1,0
221059539003,20,b2,0,2,165.0,35.2068605263528,3,237.5,2,2,1,237.5,22105,0.00826522,0,1,1
221059540021,38,b2,0,2,218.0,36.6568106564202,3,102.76666259765624,2,1,1,102.76666259765624,22105,0.00826522,0,1,0
221059546004,15,b2,0,2,162.0,31.9693675038023,4,103.5,1,1,1,103.5,22105,0.00826522,0,1,0
221059537004,65,b2,0,2,445.0,35.5463812343629,3,112.0749969482422,2,1,1,112.0749969482422,22105,0.00826522,0,1,0
221059545024,31,b2,0,2,113.0,39.3035638365671,3,100.45342475481796,2,1,2,100.45342475481796,22105,0.00826522,0,1,1
221059541022,30,b2,0,2,232.0,37.7734925302363,3,110.5999984741211,2,1,2,110.5999984741211,22105,0.00826522,0,1,1
221059535003,8,b2,0,2,68.0,35.3708569237315,3,141.3199920654297,2,1,2,141.3199920654297,22105,0.00826522,0,1,0
221059532002,16,b2,0,2,88.0,34.4879575722831,2,96.4000015258789,2,1,1,96.4000015258789,22105,0.00826522,0,1,0
221059537002,17,b2,0,2,109.0,38.9188347264577,3,157.95999145507812,2,2,1,157.95999145507812,22105,0.00826522,0,1,0
221059546005,24,b2,0,2,128.0,29.5446827677143,5,130.75,1,1,2,130.75,22105,0.00826522,1,1,0
221059537001,17,b2,0,2,146.0,38.1779600389973,3,113.78333282470705,2,1,2,113.78333282470705,22105,0.00826522,0,1,0
221059546003,21,b2,0,2,149.0,39.7700289589753,3,106.1500015258789,2,1,1,106.1500015258789,22105,0.00826522,0,1,1
221059541012,8,b2,0,2,99.0,36.1707057635368,3,225.6000061035156,2,2,1,225.6000061035156,22105,0.00826522,0,1,1
221059534002,16,b2,0,2,86.0,36.0541538273943,3,143.0500030517578,2,1,2,143.0500030517578,22105,0.00826522,0,1,0
221059535005,12,b2,0,2,86.0,39.1745611727278,3,104.84000396728516,2,1,2,104.84000396728516,22105,0.00826522,0,1,0
221059532001,30,b2,0,2,102.0,35.621162111428,2,67.41666412353516,2,1,0,67.41666412353516,22105,0.00826522,0,1,0
221059533001,16,b2,0,2,71.0,34.5135364387222,4,73.9333267211914,2,1,1,73.9333267211914,22105,0.00826522,0,1,0
221059534001,15,b2,0,2,81.0,34.7574433518313,3,112.6999969482422,2,1,2,112.6999969482422,22105,0.00826522,0,1,0
221059541023,50,b2,0,2,263.0,39.1322395514366,3,103.0863817694348,2,1,2,103.0863817694348,22105,0.00826522,0,1,1
220510259003,16,b2,0,2,50.0,30.1217769051517,5,96.5039923725174,1,1,4,96.5039923725174,22051,0.05823747,1,1,1
220510280001,27,b2,0,2,106.0,36.3738071560807,4,93.9000015258789,2,1,4,93.9000015258789,22051,0.05823747,1,1,1
220690008003,4,b2,0,2,119.0,29.3049726490719,4,143.23333740234375,1,1,3,143.23333740234375,22069,0.0,0,0,0
220690001002,20,b2,0,2,59.0,30.5493557104952,4,203.4166717529297,1,2,3,203.4166717529297,22069,0.0,0,0,0
220039501002,16,b2,0,2,92.0,42.2312977970711,2,427.5,2,2,2,427.5,22003,22.13319891,0,0,0
220850003001,25,b2,0,2,73.0,40.1477335676918,3,191.0,2,2,2,191.0,22085,0.0,0,0,0
220039504004,4,b2,0,2,65.0,40.2923970679689,2,375.4200134277344,2,2,2,375.4200134277344,22003,22.13319891,0,0,0
220850007002,4,b2,0,2,63.0,48.2258997940148,3,199.5749969482422,2,2,2,199.5749969482422,22085,0.0,0,0,0
220850004003,19,b2,0,2,151.0,43.1292599159022,3,184.30714416503903,2,2,1,184.30714416503903,22085,0.0,0,0,0
221139509011,12,b2,0,2,124.0,39.5277730862087,3,153.7421229410183,2,2,2,153.7421229410183,22113,12.34417553,0,1,0
220690008004,12,b2,0,2,157.0,32.1248585747386,4,142.44000244140625,1,1,3,142.44000244140625,22069,0.0,0,0,0
220279501003,4,b2,0,2,138.0,24.5932015462944,3,105.0250015258789,1,1,2,105.0250015258789,22027,0.0,0,0,0
221190315005,15,b2,0,2,80.0,33.9328221797762,1,79.0,2,1,2,79.0,22119,0.0,0,0,0
220319503002,29,b2,0,2,149.0,39.8767185963325,2,130.7085723876953,2,1,2,130.7085723876953,22031,0.0,0,0,0
220679503001,14,b2,0,2,96.0,20.4555350526114,0,87.9000015258789,1,1,1,87.9000015258789,22067,0.00512676,0,0,0
220679506004,4,b2,0,2,76.0,20.4319751352745,0,101.5500030517578,1,1,1,101.5500030517578,22067,0.00512676,0,0,0
220679502002,19,b2,0,2,183.0,20.7105321969818,0,91.85000610351562,1,1,1,91.85000610351562,22067,0.00512676,0,0,0
221190318003,4,b2,0,2,76.0,34.8758369374338,1,137.28683018897985,2,1,2,137.28683018897985,22119,0.0,0,0,0
221190313005,21,b2,0,2,106.0,30.3804546559929,2,60.71914745221762,1,1,0,60.71914745221762,22119,0.0,0,0,0
220730105044,59,b2,0,2,276.0,25.2651241354643,2,101.5,1,1,2,101.5,22073,0.0,0,0,0
220730053012,66,b2,0,2,350.0,25.3654799218538,2,101.49978631537422,1,1,2,101.49978631537422,22073,0.0,0,0,0
220730058002,54,b2,0,2,485.0,22.5947872058752,2,103.6033440208064,1,1,2,103.6033440208064,22073,0.0,0,0,0
220730052042,52,b2,0,2,256.0,23.1218322851593,1,98.0500030517578,1,1,2,98.0500030517578,22073,0.0,0,0,0
221139502005,17,b2,0,2,140.0,38.6916283269621,4,117.45333862304688,2,1,5,117.45333862304688,22113,12.34417553,1,1,0
221139511002,17,b2,0,2,83.0,41.9148868606208,3,175.88888549804688,2,2,3,175.88888549804688,22113,12.34417553,1,1,0
221139509012,18,b2,0,2,122.0,40.2353729004831,3,180.3999938964844,2,2,2,180.3999938964844,22113,12.34417553,0,1,0
221139510024,5,b2,0,2,100.0,40.775902682414,3,190.2571563720703,2,2,2,190.2571563720703,22113,12.34417553,1,1,0
221139509023,39,b2,0,2,346.0,39.9468308313656,3,145.89999389648438,2,1,3,145.89999389648438,22113,12.34417553,0,1,0
221139509022,38,b2,0,2,161.0,40.9658447221275,3,181.76666259765625,2,2,2,181.76666259765625,22113,12.34417553,0,1,0
220150112005,29,b2,0,2,72.0,29.3315755600178,2,40.78571319580078,1,1,0,40.78571319580078,22015,0.0,0,0,0
220319502005,20,b2,0,2,96.0,35.0601578048118,1,73.97777557373047,2,1,1,73.97777557373047,22031,0.0,0,0,0
220319504003,17,b2,0,2,94.0,38.0240774327887,2,116.8000030517578,2,1,2,116.8000030517578,22031,0.0,0,0,0
220730102022,26,b2,0,2,105.0,20.5876458752669,0,130.96883442423402,1,1,1,130.96883442423402,22073,0.0,0,0,0
220150108062,8,b2,0,2,81.0,33.6860636467913,1,53.60020084941085,2,1,0,53.60020084941085,22015,0.0,0,0,0
220150111102,40,b2,0,2,162.0,30.6339596738202,2,42.73084064832363,1,1,0,42.73084064832363,22015,0.0,0,0,0
220150110011,60,b2,0,2,259.0,34.0342446273783,1,80.44285583496094,2,1,1,80.44285583496094,22015,0.0,0,0,0
220150104002,31,b2,0,2,401.0,31.2144134954799,2,38.34981772647372,1,1,0,38.34981772647372,22015,0.0,0,0,0
220150107011,23,b2,0,2,76.0,32.6941921231131,2,62.599998474121094,1,1,0,62.599998474121094,22015,0.0,0,0,0
220150107013,4,b2,0,2,47.0,32.5405261432233,2,52.60147339933672,1,1,0,52.60147339933672,22015,0.0,0,0,0
220150107014,16,b2,0,2,89.0,32.4228549268222,2,49.58464704793831,1,1,0,49.58464704793831,22015,0.0,0,0,0
220150107023,15,b2,0,2,130.0,33.0012362366411,1,60.78619121762681,2,1,0,60.78619121762681,22015,0.0,0,0,0
220150108011,12,b2,0,2,51.0,32.4649962233356,2,45.807566340096926,1,1,0,45.807566340096926,22015,0.0,0,0,0
220150104001,8,b2,0,2,34.0,31.3843442253317,2,38.022165716454865,1,1,0,38.022165716454865,22015,0.0,0,0,0
220150105001,45,b2,0,2,136.0,31.2674001848553,2,38.36340102453479,1,1,0,38.36340102453479,22015,0.0,0,0,0
220150105002,13,b2,0,2,68.0,31.5670366529335,2,38.42097783082167,1,1,0,38.42097783082167,22015,0.0,0,0,0
220150111071,14,b2,0,2,84.0,30.4647192250437,2,40.748426660170026,1,1,0,40.748426660170026,22015,0.0,0,0,0
220150107012,4,b2,0,2,48.0,32.5964440193172,2,55.84712930232949,1,1,0,55.84712930232949,22015,0.0,0,0,0
220150111051,10,b2,0,2,84.0,33.1812123087945,1,108.19453816136748,2,1,1,108.19453816136748,22015,0.0,0,0,0
220150110021,12,b2,0,2,63.0,36.6093485335491,1,91.5,2,1,2,91.5,22015,0.0,0,0,0
220150111053,14,b2,0,2,101.0,33.3820112586876,1,70.43822784335653,2,1,1,70.43822784335653,22015,0.0,0,0,0
220150111061,20,b2,0,2,171.0,33.8056374380585,1,87.86000061035156,2,1,1,87.86000061035156,22015,0.0,0,0,0
220730053024,15,b2,0,2,120.0,22.7275645247427,2,105.9000015258789,1,1,2,105.9000015258789,22073,0.0,0,0,0
220150108051,18,b2,0,2,128.0,33.990059449709,1,48.099998474121094,2,1,0,48.099998474121094,22015,0.0,0,0,0
220150108052,16,b2,0,2,67.0,34.2325904168583,1,49.15318942756043,2,1,0,49.15318942756043,22015,0.0,0,0,0
220150111063,23,b2,0,2,85.0,33.3621365607418,1,113.5999984741211,2,1,1,113.5999984741211,22015,0.0,0,0,0
220150111062,57,b2,0,2,188.0,32.9640821184245,2,99.6999969482422,1,1,1,99.6999969482422,22015,0.0,0,0,0
220150108043,53,b2,0,2,363.0,34.4315112429887,1,59.09908293352012,2,1,0,59.09908293352012,22015,0.0,0,0,0
220150108061,12,b2,0,2,85.0,34.4406204622292,1,54.420688932441976,2,1,0,54.420688932441976,22015,0.0,0,0,0
220150111031,39,b2,0,2,134.0,31.9069804258809,2,51.89999771118164,1,1,0,51.89999771118164,22015,0.0,0,0,0
220150112001,17,b2,0,2,78.0,29.3212963814414,2,53.95454406738281,1,1,0,53.95454406738281,22015,0.0,0,0,0
220150112006,33,b2,0,2,114.0,30.8787734694832,2,50.98999786376953,1,1,0,50.98999786376953,22015,0.0,0,0,0
220150108063,11,b2,0,2,138.0,34.0316855433897,1,53.58189744641821,2,1,0,53.58189744641821,22015,0.0,0,0,0
220150108064,4,b2,0,2,69.0,34.2373895310897,1,54.14923122985547,2,1,0,54.14923122985547,22015,0.0,0,0,0
220150108041,16,b2,0,2,137.0,34.4599353645046,1,51.45633332958975,2,1,0,51.45633332958975,22015,0.0,0,0,0
220330039043,8,b2,0,2,92.0,32.6994754141119,5,148.89999389648438,1,1,1,148.89999389648438,22033,0.02202799,0,0,1
220330039074,26,b2,0,2,146.0,32.6536524289719,5,134.83637143080273,1,1,1,134.83637143080273,22033,0.02202799,0,0,1
220630406002,14,b2,0,2,88.0,33.9027843444251,4,156.91328103450812,2,2,0,156.91328103450812,22063,0.03585767,0,1,1
220150105003,8,b2,0,2,41.0,31.6358434443349,2,43.10905549771355,1,1,0,43.10905549771355,22015,0.0,0,0,0
220150105004,12,b2,0,2,73.0,31.2153291409062,2,38.26564159635465,1,1,0,38.26564159635465,22015,0.0,0,0,0
220150106012,22,b2,0,2,124.0,32.3372010569622,2,48.63075474491762,1,1,0,48.63075474491762,22015,0.0,0,0,0
220730053023,15,b2,0,2,144.0,22.8034450918547,2,104.13789824649518,1,1,2,104.13789824649518,22073,0.0,0,0,0
220450304003,4,b2,0,2,56.0,37.5360977795681,4,123.4000015258789,2,1,3,123.4000015258789,22045,3.09661809,1,1,1
220250002002,4,b2,0,2,80.0,28.8414558649533,3,184.4863777393644,1,2,0,184.4863777393644,22025,0.01476176,0,0,0
220250003001,12,b2,0,2,117.0,30.9692519360301,3,166.6658477783203,1,2,0,166.6658477783203,22025,0.01476176,0,0,0
220330047003,12,b2,0,2,101.0,29.0899552027515,4,230.9499969482422,1,2,0,230.9499969482422,22033,0.02202799,0,0,1
220730055001,25,b2,0,2,158.0,22.7475244037757,2,105.12906100657624,1,1,2,105.12906100657624,22073,0.0,0,0,0
220730111003,8,b2,0,2,63.0,22.6717350651241,2,112.9000015258789,1,1,2,112.9000015258789,22073,0.0,0,0,0
220730058001,15,b2,0,2,97.0,22.5665946533655,2,105.8000030517578,1,1,2,105.8000030517578,22073,0.0,0,0,0
220039501001,13,b2,0,2,141.0,43.132672491201,3,361.795654296875,2,2,1,361.795654296875,22003,22.13319891,0,0,0
220039501003,26,b2,0,2,127.0,45.2992422431889,3,393.316650390625,2,2,2,393.316650390625,22003,22.13319891,0,0,0
220039505004,4,b2,0,2,95.0,44.3372289047198,3,340.4818115234375,2,2,2,340.4818115234375,22003,22.13319891,0,0,0
220039505003,44,b2,0,2,527.0,48.2101696982805,3,428.1384582519531,2,2,2,428.1384582519531,22003,22.13319891,0,0,0
221010403001,4,b2,0,2,61.0,36.9647547871973,4,64.5999984741211,2,1,0,64.5999984741211,22101,0.68496657,1,1,1
221010410003,19,b2,0,2,194.0,31.7446888790648,5,94.0999984741211,1,1,2,94.0999984741211,22101,0.68496657,1,1,1
220730101011,30,b2,0,2,126.0,20.6418279017906,0,137.43106751102778,1,1,1,137.43106751102778,22073,0.0,0,0,0
220730101012,18,b2,0,2,104.0,20.9595561814564,0,131.8925669307703,1,1,1,131.8925669307703,22073,0.0,0,0,0
220379515011,12,b2,0,2,89.0,31.4779600213188,5,134.10000610351562,1,1,1,134.10000610351562,22037,0.25808331,0,0,1
220039502003,14,b2,0,2,95.0,35.1836359955844,3,461.1499938964844,2,2,2,461.1499938964844,22003,22.13319891,0,0,0
220039503001,11,b2,0,2,88.0,36.3492751634019,3,449.1830938700702,2,2,2,449.1830938700702,22003,22.13319891,0,0,0
220039504002,13,b2,0,2,141.0,35.7428571955361,2,420.9000244140625,2,2,2,420.9000244140625,22003,22.13319891,0,0,0
221159505003,6,b2,0,2,42.0,40.2980409128684,2,151.99005252137286,2,2,3,151.99005252137286,22115,19.00196373,0,0,0
220730101022,16,b2,0,2,96.0,20.3999577530647,0,139.0,1,1,1,139.0,22073,0.0,0,0,0
220730101023,23,b2,0,2,130.0,20.4630563486852,0,145.78301926692177,1,1,1,145.78301926692177,22073,0.0,0,0,0
220730101024,22,b2,0,2,125.0,20.6765854381826,0,146.5500030517578,1,1,1,146.5500030517578,22073,0.0,0,0,0
220730102012,24,b2,0,2,156.0,20.5309839011214,0,119.03362635180174,1,1,1,119.03362635180174,22073,0.0,0,0,0
220039504003,8,b2,0,2,61.0,44.1247978911971,3,393.0736402053229,2,2,2,393.0736402053229,22003,22.13319891,0,0,0
220730102011,14,b2,0,2,124.0,20.434640942205,0,115.09482952001206,1,1,1,115.09482952001206,22073,0.0,0,0,0
220730103012,9,b2,0,2,121.0,23.2136370324188,1,114.5062764591739,1,1,1,114.5062764591739,22073,0.0,0,0,0
220979605001,34,b2,0,2,221.0,34.6673208656061,1,140.5111083984375,2,1,3,140.5111083984375,22097,1.46434272,0,0,1
220979604002,23,b2,0,2,137.0,34.7655051501173,2,118.77692413330078,2,1,3,118.77692413330078,22097,1.46434272,0,0,1
220979601003,13,b2,0,2,87.0,33.9003121206565,1,128.5279998779297,2,1,2,128.5279998779297,22097,1.46434272,0,0,1
220790125002,4,b2,0,2,49.0,32.2475470316956,3,211.7976314676752,1,2,1,211.7976314676752,22079,4.49269524,0,0,0
220790126001,29,b2,0,2,232.0,32.3173764033248,3,222.31293609539577,1,2,1,222.31293609539577,22079,4.49269524,0,0,0
220790125001,13,b2,0,2,132.0,32.2925930650482,3,214.9830976922221,1,2,1,214.9830976922221,22079,4.49269524,0,0,0
220330039062,14,b2,0,2,95.0,33.2640959162852,4,109.52756783230718,2,1,1,109.52756783230718,22033,0.02202799,0,0,1
220330035061,4,b2,0,2,72.0,31.0468399593564,4,157.70137433243818,1,2,0,157.70137433243818,22033,0.02202799,0,0,1
220150111065,20,b2,0,2,157.0,35.2915139119378,1,87.43688843993547,2,1,1,87.43688843993547,22015,0.0,0,0,0
220790130002,4,b2,0,2,72.0,32.3642193695225,3,223.1673478925683,1,2,1,223.1673478925683,22079,4.49269524,0,0,0
220779522002,24,b2,0,2,226.0,33.9598088910297,3,66.70000457763672,2,1,0,66.70000457763672,22077,0.4857803799999999,0,0,1
220779520002,20,b2,0,2,74.0,32.5751694113362,3,107.73076629638672,1,1,1,107.73076629638672,22077,0.4857803799999999,0,0,1
220090306002,4,b2,0,2,98.0,34.2741622918086,3,177.06055191961133,2,2,1,177.06055191961133,22009,1.52021072,0,0,0
220190024001,4,b2,0,2,100.0,51.2925937260114,3,211.5,2,2,2,211.5,22019,32.47305225,0,1,0
220190024002,8,b2,0,2,117.0,51.2694659296725,3,187.7749938964844,2,2,2,187.7749938964844,22019,32.47305225,0,1,0
220190024003,12,b2,0,2,82.0,51.5692445806952,3,191.18906620973135,2,2,2,191.18906620973135,22019,32.47305225,0,1,0
220190024006,4,b2,0,2,63.0,51.1662938240653,3,194.6257872978331,2,2,2,194.6257872978331,22019,32.47305225,0,1,0
220190025002,26,b2,0,2,182.0,53.5440407822235,2,207.6000061035156,2,2,2,207.6000061035156,22019,32.47305225,0,1,0
220399503002,16,b2,0,2,74.0,37.9867784996329,3,273.0142822265625,2,2,2,273.0142822265625,22039,4.6647587800000005,0,0,0
220399507004,8,b2,0,2,68.0,34.8652959136764,3,191.62828095075872,2,2,1,191.62828095075872,22039,4.6647587800000005,0,0,1
220839703003,18,b2,0,2,90.0,20.46496883311,0,182.40000915527344,1,2,0,182.40000915527344,22083,0.01253687,0,0,0
220839705004,26,b2,0,2,106.0,20.3253923262544,0,185.3831153364829,1,2,0,185.3831153364829,22083,0.01253687,0,0,0
220839701003,12,b2,0,2,141.0,20.7270104173425,0,155.69432163803333,1,2,0,155.69432163803333,22083,0.01253687,0,0,0
220839703001,23,b2,0,2,75.0,20.2859743249436,0,174.1999969482422,1,2,0,174.1999969482422,22083,0.01253687,0,0,0
220839706001,17,b2,0,2,98.0,20.4429361137853,0,191.3800048828125,1,2,0,191.3800048828125,22083,0.01253687,0,0,0
220839705001,14,b2,0,2,51.0,20.2954829163339,0,188.0,1,2,0,188.0,22083,0.01253687,0,0,0
220839701002,16,b2,0,2,63.0,20.6740208968356,0,160.0,1,2,0,160.0,22083,0.01253687,0,0,0
220839702001,23,b2,0,2,119.0,20.5546378948806,0,179.4888916015625,1,2,0,179.4888916015625,22083,0.01253687,0,0,0
220839705002,15,b2,0,2,74.0,20.1911487753376,0,175.60000610351562,1,2,0,175.60000610351562,22083,0.01253687,0,0,0
220839702002,12,b2,0,2,95.0,20.6187205248133,0,181.11668395996097,1,2,0,181.11668395996097,22083,0.01253687,0,0,0
220839704001,46,b2,0,2,177.0,20.1239378970271,0,178.4199981689453,1,2,0,178.4199981689453,22083,0.01253687,0,0,0
220839706002,22,b2,0,2,124.0,20.2944827906334,0,183.35714721679688,1,2,0,183.35714721679688,22083,0.01253687,0,0,0
220839706003,28,b2,0,2,135.0,21.6712579525489,1,209.3473663330078,1,2,0,209.3473663330078,22083,0.01253687,0,0,0
220839705003,30,b2,0,2,122.0,20.2329406062373,0,172.0254681518247,1,2,0,172.0254681518247,22083,0.01253687,0,0,0
220839704002,35,b2,0,2,118.0,20.0798661209265,0,170.5357208251953,1,2,0,170.5357208251953,22083,0.01253687,0,0,0
220659605001,4,b2,0,2,131.0,21.3637955143646,1,137.89999389648438,1,1,1,137.89999389648438,22065,0.00606983,0,0,0
220990206004,21,b2,0,2,160.0,39.4924261624687,3,126.0,2,1,4,126.0,22099,2.17976609,0,1,1
221139510011,10,b2,0,2,69.0,41.5466835664356,3,178.60000610351562,2,2,2,178.60000610351562,22113,12.34417553,1,1,0
221139510022,9,b2,0,2,79.0,41.7555521103737,3,196.36249402392264,2,2,2,196.36249402392264,22113,12.34417553,1,1,0
221139510023,23,b2,0,2,152.0,41.7816809026807,3,218.5,2,2,2,218.5,22113,12.34417553,1,1,0
221139510012,27,b2,0,2,180.0,41.1664925693422,3,175.10000610351562,2,2,2,175.10000610351562,22113,12.34417553,0,1,0
220710006151,4,b2,0,2,82.0,30.3715397781924,5,87.0999984741211,1,1,3,87.0999984741211,22071,0.06577263,1,1,1
220710006181,16,b2,0,2,76.0,30.3633780471712,5,88.45991072768031,1,1,3,88.45991072768031,22071,0.06577263,1,1,1
220170218002,12,b2,0,2,135.0,32.0914857097306,2,38.9166053204158,1,1,0,38.9166053204158,22017,0.0,0,0,0
220690005001,28,b2,0,2,194.0,31.7823988382082,4,140.4027489134933,1,1,3,140.4027489134933,22069,0.0,0,0,0
220950706001,4,b2,0,2,94.0,43.083524670127,3,158.60000610351562,2,2,1,158.60000610351562,22095,0.2488945099999999,1,1,1
220950707001,22,b2,0,2,90.0,32.0721141836832,4,153.0,1,2,1,153.0,22095,0.2488945099999999,1,1,1
220690006002,9,b2,0,2,156.0,31.7326775409098,4,136.52778549023105,1,1,3,136.52778549023105,22069,0.0,0,0,0
220690009001,8,b2,0,2,36.0,34.5864718918038,2,134.586669921875,2,1,3,134.586669921875,22069,0.0,0,0,0
220870306021,17,b2,0,2,96.0,30.6879416272426,5,87.94251866745796,1,1,4,87.94251866745796,22087,1.14608952,1,1,0
220870306022,14,b2,0,2,107.0,30.4369646163441,5,85.87394932160653,1,1,3,85.87394932160653,22087,1.14608952,1,1,0
220870306031,8,b2,0,2,51.0,30.8145314180655,5,90.51743242262806,1,1,3,90.51743242262806,22087,1.14608952,1,1,0
220870307002,4,b2,0,2,36.0,30.7231746233357,5,93.0194209282655,1,1,3,93.0194209282655,22087,1.14608952,1,1,0
220870308001,22,b2,0,2,79.0,30.9569361191239,5,91.43976473236138,1,1,3,91.43976473236138,22087,1.14608952,1,1,0
220870308003,5,b2,0,2,63.0,30.7370967640892,5,92.80304333951656,1,1,3,92.80304333951656,22087,1.14608952,1,1,0
220430203002,8,b2,0,2,102.0,36.5487071932496,2,128.46665954589844,2,1,2,128.46665954589844,22043,0.0,0,0,0
220790125003,18,b2,0,2,146.0,32.2714935723254,3,208.0,1,2,1,208.0,22079,4.49269524,0,0,0
220790137002,14,b2,0,2,171.0,30.9174603465124,3,236.8000030517578,1,2,0,236.8000030517578,22079,4.49269524,0,0,0
220710017511,12,b2,0,2,136.0,35.2029215721439,4,126.33333587646484,2,1,5,126.33333587646484,22071,0.06577263,1,1,0
220710017341,16,b2,0,2,117.0,34.4259889670283,4,253.484619140625,2,2,3,253.484619140625,22071,0.06577263,1,1,0
220730005002,8,b2,0,2,78.0,20.2041911807312,0,151.0554749774972,1,2,0,151.0554749774972,22073,0.0,0,0,0
220950702001,30,b2,0,2,200.0,32.7249478912908,4,152.0803941995599,1,2,0,152.0803941995599,22095,0.2488945099999999,1,1,1
220950702002,6,b2,0,2,73.0,32.2869241028226,4,152.67572474882803,1,2,1,152.67572474882803,22095,0.2488945099999999,1,1,1
220779521003,28,b2,0,2,175.0,34.7785895240772,1,66.84000396728516,2,1,0,66.84000396728516,22077,0.4857803799999999,0,0,1
220779519001,24,b2,0,2,118.0,33.2640228943503,3,65.2249984741211,2,1,0,65.2249984741211,22077,0.4857803799999999,0,0,1
220779523001,30,b2,0,2,145.0,33.4290304494,1,62.79999923706055,2,1,0,62.79999923706055,22077,0.4857803799999999,0,0,1
220779520001,12,b2,0,2,123.0,34.0219930410179,2,82.13947296142578,2,1,1,82.13947296142578,22077,0.4857803799999999,0,0,1
220779521001,8,b2,0,2,103.0,34.0715620338786,4,62.2599983215332,2,1,0,62.2599983215332,22077,0.4857803799999999,0,0,1
220779519003,12,b2,0,2,85.0,35.2332117880217,1,81.04000091552734,2,1,1,81.04000091552734,22077,0.4857803799999999,0,0,1
220779524002,16,b2,0,2,155.0,35.0567001012482,3,65.5,2,1,0,65.5,22077,0.4857803799999999,0,0,1
220779522001,9,b2,0,2,109.0,33.2839952370637,4,61.94999694824219,2,1,0,61.94999694824219,22077,0.4857803799999999,0,0,1
221030405022,9,b2,0,2,61.0,29.1936623425391,4,104.9000015258789,1,1,2,104.9000015258789,22103,0.05873937,0,1,0
221030405023,4,b2,0,2,66.0,29.1326953946255,4,113.4954233944359,1,1,2,113.4954233944359,22103,0.05873937,0,1,0
221030406021,8,b2,0,2,82.0,29.0782655755826,5,119.61506495901192,1,1,2,119.61506495901192,22103,0.05873937,0,1,0
221030407062,30,b2,0,2,115.0,30.8748070219419,4,212.2954794886645,1,2,3,212.2954794886645,22103,0.05873937,0,1,0
221030407081,68,b2,0,2,380.0,30.9422298395093,4,242.95135200745435,1,2,3,242.95135200745435,22103,0.05873937,1,1,0
220990202004,32,b2,0,2,173.0,35.1119527051983,1,118.38231758402574,2,1,3,118.38231758402574,22099,2.17976609,0,1,1
220990208002,9,b2,0,2,95.0,36.5315819244083,4,104.6500015258789,2,1,3,104.6500015258789,22099,2.17976609,0,1,1
220990204002,8,b2,0,2,103.0,38.4980500916659,4,106.8000030517578,2,1,4,106.8000030517578,22099,2.17976609,0,1,1
220990202003,4,b2,0,2,102.0,34.7275737162605,1,145.5500030517578,2,1,3,145.5500030517578,22099,2.17976609,0,1,1
220990206002,12,b2,0,2,131.0,38.4781433738891,5,114.5,2,1,4,114.5,22099,2.17976609,0,1,1
220990209002,8,b2,0,2,64.0,37.9416181786001,5,114.5999984741211,2,1,4,114.5999984741211,22099,2.17976609,0,1,1
220730017001,26,b2,0,2,167.0,23.0818590965938,1,126.61156701232944,1,1,1,126.61156701232944,22073,0.0,0,0,0
220730017002,4,b2,0,2,83.0,22.9992430196825,2,115.56893269381231,1,1,2,115.56893269381231,22073,0.0,0,0,0
220730017003,12,b2,0,2,84.0,23.0879267203327,1,130.8872190858312,1,1,1,130.8872190858312,22073,0.0,0,0,0
221030408021,35,b2,0,2,230.0,30.5791632955642,4,224.77336201802063,1,2,3,224.77336201802063,22103,0.05873937,1,1,0
221030408031,8,b2,0,2,134.0,30.7752261559037,4,240.8980252815384,1,2,2,240.8980252815384,22103,0.05873937,1,1,0
220279502002,4,b2,0,2,46.0,30.6798734888885,2,77.90666198730469,1,1,2,77.90666198730469,22027,0.0,0,0,0
220279505001,20,b2,0,2,91.0,32.5076648040105,2,133.20909118652344,1,1,2,133.20909118652344,22027,0.0,0,0,0
220279504004,4,b2,0,2,76.0,26.0835069461932,2,80.84309244513645,1,1,2,80.84309244513645,22027,0.0,0,0,0
221030408033,9,b2,0,2,217.0,30.9219668984814,4,243.38217725982997,1,2,2,243.38217725982997,22103,0.05873937,1,1,0
220679502004,27,b2,0,2,195.0,20.343694823897,0,95.8000030517578,1,1,1,95.8000030517578,22067,0.00512676,0,0,0
220679507002,13,b2,0,2,110.0,22.0877582348243,1,99.72000122070312,1,1,1,99.72000122070312,22067,0.00512676,0,0,0
220679503002,8,b2,0,2,97.0,22.3262545493737,1,81.00416564941406,1,1,2,81.00416564941406,22067,0.00512676,0,0,0
220679504001,5,b2,0,2,78.0,20.195722579154,0,93.71852492176036,1,1,1,93.71852492176036,22067,0.00512676,0,0,0
220679507001,12,b2,0,2,82.0,19.7783170856307,0,128.6199951171875,1,1,1,128.6199951171875,22067,0.00512676,0,0,0
220679501001,4,b2,0,2,52.0,19.8951758434442,0,121.39393615722656,1,1,1,121.39393615722656,22067,0.00512676,0,0,0
220730004021,9,b2,0,2,97.0,23.1504655165663,1,134.466209414161,1,1,1,134.466209414161,22073,0.0,0,0,0
220730005001,26,b2,0,2,129.0,20.2190655668918,0,135.78042581253612,1,1,1,135.78042581253612,22073,0.0,0,0,0
220730015001,4,b2,0,2,23.0,22.5383988458761,2,117.32387526626192,1,1,1,117.32387526626192,22073,0.0,0,0,0
220730105046,29,b2,0,2,215.0,25.0254183489519,2,111.8000030517578,1,1,2,111.8000030517578,22073,0.0,0,0,0
220510267002,17,b2,0,2,36.0,29.8533672751816,5,90.99457496635826,1,1,6,90.99457496635826,22051,0.05823747,1,1,1
220510263002,36,b2,0,2,111.0,29.9673225727752,5,91.19081809171598,1,1,6,91.19081809171598,22051,0.05823747,1,1,1
221030409003,4,b2,0,2,74.0,30.6412393039891,4,215.21204038143708,1,2,3,215.21204038143708,22103,0.05873937,1,1,0
221030403034,33,b2,0,2,200.0,29.3542903384148,5,107.01626118150088,1,1,3,107.01626118150088,22103,0.05873937,1,1,0
220730007001,8,b2,0,2,59.0,22.9850730279723,1,136.30887635834412,1,1,1,136.30887635834412,22073,0.0,0,0,0
220730007002,8,b2,0,2,39.0,22.9185661506883,1,132.99202922396745,1,1,1,132.99202922396745,22073,0.0,0,0,0
221030410022,13,b2,0,2,86.0,30.7050344077138,4,222.35467101135336,1,2,3,222.35467101135336,22103,0.05873937,1,1,0
221030410021,16,b2,0,2,108.0,30.6528212217939,4,212.87817610122957,1,2,3,212.87817610122957,22103,0.05873937,1,1,0
221030410031,21,b2,0,2,87.0,30.7046107446014,4,216.3000030517578,1,2,3,216.3000030517578,22103,0.05873937,1,1,0
221030401021,16,b2,0,2,100.0,33.0307230926686,3,123.26000213623048,2,1,4,123.26000213623048,22103,0.05873937,0,1,0
221030407012,12,b2,0,2,131.0,30.2781403083323,4,114.55999755859376,1,1,3,114.55999755859376,22103,0.05873937,0,1,0
221030410034,12,b2,0,2,61.0,30.717793443319,4,218.54360422742096,1,2,3,218.54360422742096,22103,0.05873937,1,1,0
221030410042,21,b2,0,2,156.0,30.7175890279945,4,220.30321094646337,1,2,3,220.30321094646337,22103,0.05873937,1,1,0
221030410041,32,b2,0,2,151.0,30.6686460209111,4,210.4246572286412,1,2,2,210.4246572286412,22103,0.05873937,1,1,0
221030411022,12,b2,0,2,56.0,30.5524218798813,4,188.54999785331069,1,2,3,188.54999785331069,22103,0.05873937,1,1,0
221030412101,18,b2,0,2,138.0,29.4711892452181,5,99.4000015258789,1,1,2,99.4000015258789,22103,0.05873937,1,1,0
221030407101,63,b2,0,2,351.0,30.8109040463768,4,236.1000061035156,1,2,2,236.1000061035156,22103,0.05873937,1,1,0
221119605003,52,b2,0,2,193.0,26.4558317044451,2,102.6374969482422,1,1,2,102.6374969482422,22111,0.0,0,0,0
220330039102,4,b2,0,2,97.0,32.486405640063,5,121.80561034793786,1,1,1,121.80561034793786,22033,0.02202799,0,0,1
220330038024,4,b2,0,2,85.0,32.2587385909954,6,122.25365859695016,1,1,1,122.25365859695016,22033,0.02202799,0,0,1
220330045084,38,b2,0,2,189.0,35.2177518942533,4,88.53061635444854,2,1,1,88.53061635444854,22033,0.02202799,0,0,1
220330038025,4,b2,0,2,105.0,32.0964622047495,6,126.88177699825114,1,1,1,126.88177699825114,22033,0.02202799,0,0,1
220330039094,4,b2,0,2,35.0,32.1237682436812,5,135.15454467288012,1,1,1,135.15454467288012,22033,0.02202799,0,0,1
220330039093,12,b2,0,2,118.0,32.3737844526721,5,134.40589122076742,1,1,1,134.40589122076742,22033,0.02202799,0,0,1
220330040101,13,b2,0,2,132.0,33.5689897512366,4,77.3571194493095,2,1,1,77.3571194493095,22033,0.02202799,0,0,1
220379515022,8,b2,0,2,54.0,28.4344167068026,4,232.23333740234375,1,2,0,232.23333740234375,22037,0.25808331,0,0,1
220379514002,9,b2,0,2,64.0,30.1832113430669,4,131.39999389648438,1,1,1,131.39999389648438,22037,0.25808331,0,0,1
220330045092,64,b2,0,2,292.0,34.1696119260262,4,91.26414739468152,2,1,1,91.26414739468152,22033,0.02202799,0,0,1
220790117003,4,b2,0,2,50.0,31.7755075032196,3,241.56349665309153,1,2,1,241.56349665309153,22079,4.49269524,0,0,0
220290004001,19,b2,0,2,192.0,28.6175734935575,3,64.04072766680368,1,1,0,64.04072766680368,22029,0.00757152,0,0,0
220290002005,4,b2,0,2,82.0,27.6942109046754,3,73.30329218463369,1,1,1,73.30329218463369,22029,0.00757152,0,0,0
220290005003,12,b2,0,2,101.0,29.6696155226282,3,104.55294036865234,1,1,1,104.55294036865234,22029,0.00757152,0,0,0
220290003001,8,b2,0,2,129.0,28.0555904928638,3,74.6500015258789,1,1,1,74.6500015258789,22029,0.00757152,0,0,0
220510220013,12,b2,0,2,74.0,29.5630947772826,5,103.9000015258789,1,1,3,103.9000015258789,22051,0.05823747,1,1,1
220330045091,16,b2,0,2,125.0,34.6437747913042,4,87.2878814999994,2,1,1,87.2878814999994,22033,0.02202799,0,0,1
220510215002,8,b2,0,2,68.0,29.3082319638825,5,102.48581805101531,1,1,3,102.48581805101531,22051,0.05823747,1,1,1
220510205161,9,b2,0,2,51.0,28.9298745664628,5,140.13492155969678,1,1,3,140.13492155969678,22051,0.05823747,1,1,1
220330045093,22,b2,0,2,143.0,35.5557051755047,4,76.92838464400151,2,1,1,76.92838464400151,22033,0.02202799,0,0,1
220790122002,8,b2,0,2,79.0,32.3345624990844,3,232.24331135354197,1,2,1,232.24331135354197,22079,4.49269524,0,0,0
220790122003,16,b2,0,2,53.0,32.329869227083,3,231.8999938964844,1,2,1,231.8999938964844,22079,4.49269524,0,0,0
220790123021,21,b2,0,2,225.0,32.3154681116715,3,224.6529093387123,1,2,1,224.6529093387123,22079,4.49269524,0,0,0
220790123011,17,b2,0,2,176.0,32.2439997608779,3,213.7856887220024,1,2,1,213.7856887220024,22079,4.49269524,0,0,0
220790120002,4,b2,0,2,29.0,32.3427017101716,3,223.59098741452615,1,2,1,223.59098741452615,22079,4.49269524,0,0,0
220790121001,10,b2,0,2,67.0,32.3363352717456,3,225.47326923938655,1,2,1,225.47326923938655,22079,4.49269524,0,0,0
220790121002,4,b2,0,2,68.0,32.3442194378011,3,234.9394925604529,1,2,1,234.9394925604529,22079,4.49269524,0,0,0
220790116001,5,b2,0,2,60.0,31.7177048548898,3,234.3000030517578,1,2,1,234.3000030517578,22079,4.49269524,0,0,0
220790116002,12,b2,0,2,67.0,31.9883151405749,3,236.97737486578623,1,2,1,236.97737486578623,22079,4.49269524,0,0,0
220330039064,21,b2,0,2,164.0,33.7837738947135,4,99.03835082459705,2,1,1,99.03835082459705,22033,0.02202799,0,0,1
220330038014,4,b2,0,2,72.0,32.5223184977266,6,124.87688623983516,1,1,1,124.87688623983516,22033,0.02202799,0,0,1
220330040142,13,b2,0,2,151.0,34.0803083188556,4,63.523356687403016,2,1,0,63.523356687403016,22033,0.02202799,0,0,1
220870304002,14,b2,0,2,92.0,30.5509733390886,5,86.1543653144144,1,1,3,86.1543653144144,22087,1.14608952,1,1,1
220890622001,33,b2,0,2,157.0,28.2301590193722,5,121.0999984741211,1,1,4,121.0999984741211,22089,0.19315147,1,1,1
220730111002,12,b2,0,2,74.0,22.7374434032348,2,113.05025241691668,1,1,2,113.05025241691668,22073,0.0,0,0,0
220890621002,22,b2,0,2,172.0,28.6742502905255,5,145.10000610351562,1,1,3,145.10000610351562,22089,0.19315147,1,1,1
220890623012,36,b2,0,2,121.0,28.2528276522393,5,125.87390666100336,1,1,4,125.87390666100336,22089,0.19315147,1,1,1
220890627002,4,b2,0,2,58.0,29.6072896042665,4,164.35000610351562,1,2,2,164.35000610351562,22089,0.19315147,1,1,1
220630402012,53,b2,0,2,186.0,36.0073948468781,4,57.05999755859375,2,1,0,57.05999755859375,22063,0.03585767,0,1,1
220630403013,28,b2,0,2,241.0,33.9630497026925,4,127.95000457763672,2,1,2,127.95000457763672,22063,0.03585767,0,1,1
220630402021,17,b2,0,2,120.0,36.842409553165,4,69.81999969482422,2,1,0,69.81999969482422,22063,0.03585767,0,1,1
220630403011,41,b2,0,2,263.0,32.2742343934712,5,206.82675796739417,1,2,1,206.82675796739417,22063,0.03585767,0,1,1
220630405001,28,b2,0,2,271.0,32.9720575572577,5,170.3000030517578,1,2,0,170.3000030517578,22063,0.03585767,0,1,1
220630408062,34,b2,0,2,239.0,35.1878987423731,4,108.70748555491916,2,1,1,108.70748555491916,22063,0.03585767,0,1,1
220630406003,6,b2,0,2,89.0,34.0910827093722,4,149.3000030517578,2,1,1,149.3000030517578,22063,0.03585767,0,1,1
220630406004,42,b2,0,2,253.0,34.3235214691712,4,150.74171515033976,2,2,0,150.74171515033976,22063,0.03585767,0,1,1
220630407002,11,b2,0,2,65.0,33.8829601151853,4,146.1617146178652,2,1,1,146.1617146178652,22063,0.03585767,0,1,1
220630402011,18,b2,0,2,174.0,35.6618070616029,4,116.6500015258789,2,1,2,116.6500015258789,22063,0.03585767,0,1,1
220630404022,56,b2,0,2,451.0,36.2121044030636,4,70.5,2,1,1,70.5,22063,0.03585767,0,1,1
220630404011,38,b2,0,2,305.0,35.2290389612901,4,138.8000030517578,2,1,1,138.8000030517578,22063,0.03585767,0,1,1
220630404023,39,b2,0,2,180.0,35.5208740443664,4,126.39571892421296,2,1,1,126.39571892421296,22063,0.03585767,0,1,1
220630408051,50,b2,0,2,202.0,35.9797185938851,4,104.5999984741211,2,1,1,104.5999984741211,22063,0.03585767,0,1,1
220630403041,38,b2,0,2,280.0,34.2392098291858,4,137.35000610351562,2,1,1,137.35000610351562,22063,0.03585767,0,1,1
220630402022,53,b2,0,2,366.0,35.307434400768,4,112.11249542236328,2,1,2,112.11249542236328,22063,0.03585767,0,1,1
220630409022,20,b2,0,2,105.0,39.4580496572777,3,135.14614868164062,2,1,2,135.14614868164062,22063,0.03585767,1,1,1
220630409024,18,b2,0,2,176.0,38.180745647287,3,153.98001098632812,2,2,1,153.98001098632812,22063,0.03585767,1,1,1
220890621001,12,b2,0,2,97.0,28.5440228679013,5,132.1049037164061,1,1,4,132.1049037164061,22089,0.19315147,1,1,1
220890623013,62,b2,0,2,217.0,28.0242949133728,5,132.40534272007392,1,1,4,132.40534272007392,22089,0.19315147,1,1,1
220630403012,22,b2,0,2,228.0,31.5016021428562,5,217.45001220703125,1,2,1,217.45001220703125,22063,0.03585767,0,1,1
220139701003,5,b2,0,2,45.0,29.0025019172143,3,100.8000030517578,1,1,1,100.8000030517578,22013,0.0,0,0,0
220139704001,4,b2,0,2,56.0,31.9897621557717,3,92.42499542236328,1,1,2,92.42499542236328,22013,0.0,0,0,0
221030412122,25,b2,0,2,132.0,29.5258413627527,5,101.55186422332676,1,1,2,101.55186422332676,22103,0.05873937,1,1,0
221159505006,16,b2,0,2,42.0,40.9318936944108,2,146.46330379099496,2,1,4,146.46330379099496,22115,19.00196373,0,0,0
220050301012,80,b2,0,2,375.0,37.8875518401583,4,86.5999984741211,2,1,1,86.5999984741211,22005,0.01186332,1,1,1
220050301032,48,b2,0,2,262.0,39.2992925487064,4,152.0,2,2,1,152.0,22005,0.01186332,1,1,1
220050302031,89,b2,0,2,563.0,35.5818888272607,4,61.79999923706055,2,1,0,61.79999923706055,22005,0.01186332,0,1,1
220050302032,48,b2,0,2,243.0,35.4659209741425,4,68.35495975028716,2,1,0,68.35495975028716,22005,0.01186332,0,1,1
220790110003,8,b2,0,2,49.0,32.3222960326429,3,234.32401352310256,1,2,1,234.32401352310256,22079,4.49269524,0,0,0
221030412102,29,b2,0,2,121.0,29.4832900545199,5,101.0767471710024,1,1,2,101.0767471710024,22103,0.05873937,1,1,0
221179502003,18,b2,0,2,98.0,35.1949295874832,3,90.5999984741211,2,1,1,90.5999984741211,22117,0.0022141099999999,0,0,0
221030412093,21,b2,0,2,77.0,29.4464323831,5,100.52131724564413,1,1,3,100.52131724564413,22103,0.05873937,1,1,0
220790113001,15,b2,0,2,189.0,31.0458275308039,3,231.2656968223113,1,2,1,231.2656968223113,22079,4.49269524,0,0,0
220790106001,12,b2,0,2,117.0,35.8722921703025,2,150.0238037109375,2,2,1,150.0238037109375,22079,4.49269524,0,0,0
220790107001,20,b2,0,2,161.0,32.2611469403894,3,218.3500061035156,1,2,1,218.3500061035156,22079,4.49269524,0,0,0
220790132001,25,b2,0,2,122.0,31.1142956337749,3,242.1000061035156,1,2,0,242.1000061035156,22079,4.49269524,0,0,0
220790136001,35,b2,0,2,95.0,39.5314476142821,3,325.58001708984375,2,2,1,325.58001708984375,22079,4.49269524,0,0,0
220790135005,12,b2,0,2,70.0,34.0091103311265,2,351.3249816894531,2,2,2,351.3249816894531,22079,4.49269524,0,0,0
220790115002,14,b2,0,2,161.0,31.8034804203151,3,236.1125470417003,1,2,1,236.1125470417003,22079,4.49269524,0,0,0
220790105004,4,b2,0,2,103.0,31.837893361757,3,222.3000030517578,1,2,1,222.3000030517578,22079,4.49269524,0,0,0
220790101004,16,b2,0,2,92.0,30.2389177068331,4,207.6333465576172,1,2,0,207.6333465576172,22079,4.49269524,0,0,0
220790135004,8,b2,0,2,44.0,34.124130834458,2,349.56762314529544,2,2,2,349.56762314529544,22079,4.49269524,0,0,0
220790104001,17,b2,0,2,156.0,31.3891592449343,3,216.3999938964844,1,2,1,216.3999938964844,22079,4.49269524,0,0,0
220139703001,8,b2,0,2,75.0,37.9516349363806,2,103.14286041259766,2,1,2,103.14286041259766,22013,0.0,0,0,0
220430201003,15,b2,0,2,69.0,36.8375299532597,2,141.27500915527344,2,1,2,141.27500915527344,22043,0.0,0,0,0
220430204022,24,b2,0,2,200.0,29.2986014316625,3,230.1499938964844,1,2,0,230.1499938964844,22043,0.0,0,0,0
220619608001,12,b2,0,2,131.0,27.444066679546,3,132.8000030517578,1,1,2,132.8000030517578,22061,0.0,0,0,0
220330042043,8,b2,0,2,56.0,31.1464688519715,4,206.5,1,2,0,206.5,22033,0.02202799,0,0,1
221030405021,16,b2,0,2,113.0,29.1879461732129,4,106.64009811790216,1,1,2,106.64009811790216,22103,0.05873937,0,1,0
221030413001,18,b2,0,2,208.0,29.4241169289564,5,101.81679029342506,1,1,3,101.81679029342506,22103,0.05873937,1,1,0
221030406022,8,b2,0,2,81.0,29.1011724563207,5,117.8000030517578,1,1,3,117.8000030517578,22103,0.05873937,0,1,0
220150111101,100,b2,0,2,432.0,30.5434461082729,2,42.599998474121094,1,1,0,42.599998474121094,22015,0.0,0,0,0
220150111091,64,b2,0,2,326.0,31.5954059449903,2,82.5,1,1,1,82.5,22015,0.0,0,0,0
220150111092,61,b2,0,2,326.0,32.1484614057748,2,70.56895406835223,1,1,1,70.56895406835223,22015,0.0,0,0,0
220150106014,50,b2,0,2,184.0,31.7599417707526,2,44.241064807048325,1,1,0,44.241064807048325,22015,0.0,0,0,0
220150111093,43,b2,0,2,311.0,32.9498831031472,2,65.19999694824219,1,1,0,65.19999694824219,22015,0.0,0,0,0
220150111064,18,b2,0,2,162.0,35.2021235537707,1,69.05000305175781,2,1,0,69.05000305175781,22015,0.0,0,0,0
220150110012,48,b2,0,2,268.0,33.9368594361929,1,81.1500015258789,2,1,1,81.1500015258789,22015,0.0,0,0,0
220150111034,25,b2,0,2,125.0,31.9182234073213,2,107.4000015258789,1,1,1,107.4000015258789,22015,0.0,0,0,0
220150111081,49,b2,0,2,161.0,31.8329408099301,2,39.400001525878906,1,1,0,39.400001525878906,22015,0.0,0,0,0
220150111084,102,b2,0,2,286.0,31.6756972808812,2,39.79999923706055,1,1,0,39.79999923706055,22015,0.0,0,0,0
220150111033,50,b2,0,2,252.0,32.4382079533906,2,90.85479903830344,1,1,1,90.85479903830344,22015,0.0,0,0,0
220150109002,13,b2,0,2,124.0,33.614347809759,1,61.2054576414811,2,1,0,61.2054576414811,22015,0.0,0,0,0
220150110023,20,b2,0,2,77.0,35.1305237760197,1,89.6142807006836,2,1,2,89.6142807006836,22015,0.0,0,0,0
220150110022,47,b2,0,2,339.0,33.61046213054,1,70.9000015258789,2,1,1,70.9000015258789,22015,0.0,0,0,0
221159507043,4,b2,0,2,23.0,37.2938565267747,2,161.25568182840118,2,2,2,161.25568182840118,22115,19.00196373,0,0,0
221159507042,9,b2,0,2,91.0,36.4338424959043,2,159.9078086916996,2,2,2,159.9078086916996,22115,19.00196373,0,0,0
221030407042,61,b2,0,2,222.0,30.6380001123141,4,156.5,1,2,4,156.5,22103,0.05873937,0,1,0
220330035072,12,b2,0,2,107.0,31.258954380646,4,164.93365402455984,1,2,0,164.93365402455984,22033,0.02202799,0,0,1
220330036012,12,b2,0,2,80.0,31.4916030639938,5,150.2793920154866,1,2,1,150.2793920154866,22033,0.02202799,0,0,1
221030406023,16,b2,0,2,164.0,29.051212938925,5,119.58387563777907,1,1,2,119.58387563777907,22103,0.05873937,0,1,0
221030403041,10,b2,0,2,112.0,29.2562918720314,5,109.57218042380823,1,1,3,109.57218042380823,22103,0.05873937,1,1,0
221030403042,11,b2,0,2,111.0,29.2682905370355,5,112.70393619920922,1,1,3,112.70393619920922,22103,0.05873937,1,1,0
221030413004,16,b2,0,2,135.0,29.5281994946517,5,105.26648101705008,1,1,2,105.26648101705008,22103,0.05873937,1,1,0
221030401022,24,b2,0,2,186.0,29.9642148916153,4,105.2199935913086,1,1,3,105.2199935913086,22103,0.05873937,0,1,0
221030407041,30,b2,0,2,176.0,30.6189677342,4,137.4499969482422,1,1,5,137.4499969482422,22103,0.05873937,0,1,0
221030401024,13,b2,0,2,101.0,31.8140955416297,4,134.3000030517578,1,1,5,134.3000030517578,22103,0.05873937,0,1,0
220510210002,16,b2,0,2,52.0,29.0672058079466,5,125.13814996188822,1,1,2,125.13814996188822,22051,0.05823747,1,1,1
220510250011,4,b2,0,2,86.0,30.3090112770935,5,89.13687417015043,1,1,3,89.13687417015043,22051,0.05823747,1,1,1
220330035071,4,b2,0,2,100.0,31.6015340165241,4,149.10546537814776,1,1,2,149.10546537814776,22033,0.02202799,0,0,1
220510230022,16,b2,0,2,101.0,29.4539590256106,5,101.21367238801206,1,1,2,101.21367238801206,22051,0.05823747,1,1,1
220510230023,16,b2,0,2,143.0,29.4499690759658,5,100.86696586127708,1,1,1,100.86696586127708,22051,0.05823747,1,1,1
220510218032,26,b2,0,2,73.0,29.5346236556211,5,102.49294279416009,1,1,3,102.49294279416009,22051,0.05823747,1,1,1
220510262001,12,b2,0,2,60.0,30.038980811941,5,88.4944662786101,1,1,4,88.4944662786101,22051,0.05823747,1,1,1
220510227003,8,b2,0,2,42.0,29.6366162705192,5,103.25488676093396,1,1,3,103.25488676093396,22051,0.05823747,1,1,1
220510207001,8,b2,0,2,124.0,28.913623518961,5,129.5,1,1,2,129.5,22051,0.05823747,1,1,1
220510202032,18,b2,0,2,204.0,29.5624304497989,5,97.9678102141774,1,1,3,97.9678102141774,22051,0.05823747,1,1,1
220510220022,12,b2,0,2,75.0,29.5628875883284,5,103.32699640880914,1,1,2,103.32699640880914,22051,0.05823747,1,1,1
221030406053,78,b2,0,2,570.0,29.1831107672891,5,114.28630254033392,1,1,3,114.28630254033392,22103,0.05873937,1,1,0
221030402013,29,b2,0,2,121.0,38.8317497887207,4,108.5500030517578,2,1,2,108.5500030517578,22103,0.05873937,0,1,0
221030403052,85,b2,0,2,689.0,30.6719270748827,5,135.3800048828125,1,1,3,135.3800048828125,22103,0.05873937,1,1,0
221030403031,51,b2,0,2,332.0,30.0297363897776,5,111.0999984741211,1,1,3,111.0999984741211,22103,0.05873937,1,1,0
221030403043,37,b2,0,2,209.0,31.2033080773193,5,116.5,1,1,3,116.5,22103,0.05873937,1,1,0
221030412041,23,b2,0,2,112.0,29.7183310578272,4,117.0999984741211,1,1,2,117.0999984741211,22103,0.05873937,1,1,0
221030412121,21,b2,0,2,271.0,29.6232982616862,5,111.9000015258789,1,1,3,111.9000015258789,22103,0.05873937,1,1,0
221030412081,32,b2,0,2,190.0,29.4206408445173,5,97.05948521007224,1,1,2,97.05948521007224,22103,0.05873937,1,1,0
221030411032,48,b2,0,2,289.0,30.50047618017,4,178.8000030517578,1,2,4,178.8000030517578,22103,0.05873937,1,1,0
221030408011,36,b2,0,2,301.0,30.6248194829168,4,224.510670460203,1,2,3,224.510670460203,22103,0.05873937,1,1,0
221030405011,25,b2,0,2,227.0,28.9933639520574,5,121.3000030517578,1,1,1,121.3000030517578,22103,0.05873937,0,1,0
220870301033,31,b2,0,2,82.0,32.9290459594346,5,113.87824182296364,1,1,3,113.87824182296364,22087,1.14608952,1,1,0
221030412021,21,b2,0,2,110.0,30.1241119616179,4,127.6750030517578,1,1,4,127.6750030517578,22103,0.05873937,1,1,0
221030412082,41,b2,0,2,279.0,29.3940018459514,5,101.1120778338089,1,1,2,101.1120778338089,22103,0.05873937,1,1,0
221030401042,39,b2,0,2,296.0,29.6174963842193,4,100.5625,1,1,2,100.5625,22103,0.05873937,0,1,0
221030412112,24,b2,0,2,178.0,29.5344713988585,5,115.3000030517578,1,1,2,115.3000030517578,22103,0.05873937,1,1,0
221030401025,21,b2,0,2,128.0,30.5020695072917,4,123.6999969482422,1,1,4,123.6999969482422,22103,0.05873937,0,1,0
221030402012,27,b2,0,2,185.0,36.915284422812,4,116.9250030517578,2,1,1,116.9250030517578,22103,0.05873937,0,1,0
221030411041,14,b2,0,2,99.0,30.342498122126,4,168.70001220703125,1,2,3,168.70001220703125,22103,0.05873937,1,1,0
221030402023,12,b2,0,2,56.0,29.0265268827661,4,119.0999984741211,1,1,2,119.0999984741211,22103,0.05873937,0,1,0
220870302045,15,b2,0,2,54.0,33.3531837292892,4,111.4625015258789,2,1,4,111.4625015258789,22087,1.14608952,1,1,0
221030412071,24,b2,0,2,207.0,29.3736251478636,5,106.5,1,1,3,106.5,22103,0.05873937,1,1,0
221030407082,62,b2,0,2,235.0,33.226284331184,3,271.8791809082031,2,2,3,271.8791809082031,22103,0.05873937,1,1,0
220979608003,36,b2,0,2,220.0,36.6510073008875,3,166.5500030517578,2,2,2,166.5500030517578,22097,1.46434272,0,0,0
220330046023,20,b2,0,2,185.0,30.5739431625433,4,221.0,1,2,0,221.0,22033,0.02202799,0,0,1
220330040053,9,b2,0,2,36.0,33.0246086508831,5,83.75624989431574,2,1,1,83.75624989431574,22033,0.02202799,0,0,1
220690009003,26,b2,0,2,217.0,31.6984595215832,4,133.6999969482422,1,1,3,133.6999969482422,22069,0.0,0,0,0
220190032001,62,b2,0,2,517.0,55.9945772937098,2,162.84375,2,2,2,162.84375,22019,32.47305225,1,1,0
220190036003,8,b2,0,2,90.0,54.2642807571248,3,263.9866638183594,2,2,0,263.9866638183594,22019,32.47305225,0,1,0
220510266002,26,b2,0,2,94.0,29.9152832974932,5,92.02439893346066,1,1,6,92.02439893346066,22051,0.05823747,1,1,1
220190017002,17,b2,0,2,121.0,45.1647246956534,2,261.3999938964844,2,2,3,261.3999938964844,22019,32.47305225,0,1,0
221030408012,20,b2,0,2,122.0,30.6217230822815,4,231.5,1,2,3,231.5,22103,0.05873937,1,1,0
221030406052,16,b2,0,2,176.0,29.1237378523093,5,116.4000015258789,1,1,1,116.4000015258789,22103,0.05873937,0,1,0
220399507002,16,b2,0,2,83.0,35.9412638446811,3,189.7250061035156,2,2,2,189.7250061035156,22039,4.6647587800000005,0,0,0
220979618003,4,b2,0,2,85.0,36.0749256132914,3,144.0,2,1,2,144.0,22097,1.46434272,0,0,1
220979617003,26,b2,0,2,172.0,36.408150201476,2,151.5,2,2,1,151.5,22097,1.46434272,0,0,1
220979603001,15,b2,0,2,75.0,35.2301991054312,1,129.53334045410156,2,1,3,129.53334045410156,22097,1.46434272,0,0,1
220979602003,8,b2,0,2,102.0,35.3859856926433,2,158.60000610351562,2,2,0,158.60000610351562,22097,1.46434272,0,0,0
220979604001,13,b2,0,2,116.0,35.8089464471968,1,146.5500030517578,2,1,1,146.5500030517578,22097,1.46434272,0,0,1
220979607001,12,b2,0,2,103.0,37.930411924395,3,169.8000030517578,2,2,1,169.8000030517578,22097,1.46434272,0,0,1
220979618001,20,b2,0,2,156.0,37.5260961264104,3,180.3999938964844,2,2,1,180.3999938964844,22097,1.46434272,0,0,1
220979618004,24,b2,0,2,204.0,37.4775839137268,2,155.8666534423828,2,2,2,155.8666534423828,22097,1.46434272,0,0,1
220979608001,8,b2,0,2,59.0,39.4382996452498,3,152.0,2,2,2,152.0,22097,1.46434272,0,0,0
220979612002,33,b2,0,2,243.0,36.0061308578229,3,141.0500030517578,2,1,2,141.0500030517578,22097,1.46434272,0,0,1
220690003004,9,b2,0,2,70.0,32.6138612128052,4,176.59091186523438,1,2,3,176.59091186523438,22069,0.0,0,0,0
220190017003,14,b2,0,2,115.0,46.4760706063139,2,258.4338599105638,2,2,1,258.4338599105638,22019,32.47305225,0,1,0
220190018015,31,b2,0,2,153.0,56.505178255071,3,202.1000061035156,2,2,2,202.1000061035156,22019,32.47305225,0,1,0
220190019041,32,b2,0,2,72.0,55.6599252372258,4,193.83666331862503,2,2,2,193.83666331862503,22019,32.47305225,0,1,0
220190022013,77,b2,0,2,416.0,57.1206067862137,2,270.03997802734375,2,2,1,270.03997802734375,22019,32.47305225,0,1,0
220190023001,44,b2,0,2,224.0,56.5043126798028,2,204.1937561035156,2,2,2,204.1937561035156,22019,32.47305225,0,1,0
220190019033,48,b2,0,2,164.0,57.2385627432672,3,222.4956329549739,2,2,2,222.4956329549739,22019,32.47305225,0,1,0
220190022011,18,b2,0,2,173.0,43.476293612658,3,300.05999755859375,2,2,0,300.05999755859375,22019,32.47305225,0,1,0
220190027003,18,b2,0,2,140.0,53.3227887133829,2,174.0,2,2,3,174.0,22019,32.47305225,0,1,0
220550008002,4,b2,0,2,38.0,35.9553312827393,3,163.80038425098746,2,2,1,163.80038425098746,22055,1.5760870500000002,0,0,1
220550016002,16,b2,0,2,65.0,36.9455282501444,3,154.70991787362036,2,2,2,154.70991787362036,22055,1.5760870500000002,0,0,1
220550021043,15,b2,0,2,111.0,35.9966254787237,2,168.14999389648438,2,2,2,168.14999389648438,22055,1.5760870500000002,0,0,1
220730052033,26,b2,0,2,133.0,22.9247962749933,1,103.29211750697074,1,1,2,103.29211750697074,22073,0.0,0,0,0
220190034001,19,b2,0,2,129.0,53.7296549643364,3,267.1000061035156,2,2,1,267.1000061035156,22019,32.47305225,1,1,0
220330040062,11,b2,0,2,154.0,33.0178021059074,5,73.9351072362818,2,1,1,73.9351072362818,22033,0.02202799,0,0,1
220330040063,7,b2,0,2,122.0,32.7559656105417,6,76.76277482943185,1,1,1,76.76277482943185,22033,0.02202799,0,0,1
220979615004,14,b2,0,2,186.0,36.7037905652228,2,169.5244802453094,2,2,1,169.5244802453094,22097,1.46434272,0,0,1
220979617004,44,b2,0,2,257.0,37.326466357971,2,166.85000610351562,2,2,1,166.85000610351562,22097,1.46434272,0,0,1
220730104001,34,b2,0,2,150.0,25.5232056830726,2,105.16666412353516,1,1,2,105.16666412353516,22073,0.0,0,0,0
220730004011,18,b2,0,2,156.0,20.3107394408563,0,118.8000030517578,1,1,1,118.8000030517578,22073,0.0,0,0,0
220730106031,32,b2,0,2,333.0,19.8518292792543,0,155.5500030517578,1,2,0,155.5500030517578,22073,0.0,0,0,0
220730052011,24,b2,0,2,106.0,25.3114184616194,2,98.41402610746998,1,1,2,98.41402610746998,22073,0.0,0,0,0
220730103023,15,b2,0,2,155.0,21.5666019852751,1,85.4000015258789,1,1,2,85.4000015258789,22073,0.0,0,0,0
220730105031,34,b2,0,2,141.0,27.6928172590313,2,112.44285583496094,1,1,2,112.44285583496094,22073,0.0,0,0,0
220730111001,12,b2,0,2,99.0,22.3313822370552,2,115.0999984741211,1,1,1,115.0999984741211,22073,0.0,0,0,0
220730110001,10,b2,0,2,146.0,22.1638596961068,2,126.0,1,1,1,126.0,22073,0.0,0,0,0
221259518004,17,b2,0,2,157.0,31.4824891690655,4,84.0,1,1,1,84.0,22125,0.32906933,0,0,1
221259518001,8,b2,0,2,81.0,31.9677212404497,4,93.3166732788086,1,1,1,93.3166732788086,22125,0.32906933,0,0,1
220750501002,18,b2,0,2,64.0,30.5958331421021,5,98.86666870117188,1,1,3,98.86666870117188,22075,1.49824733,1,1,1
220350002001,5,b2,0,2,60.0,20.8371759882809,0,158.3142852783203,1,2,1,158.3142852783203,22035,0.0108612,0,0,0
220050302062,49,b2,0,2,256.0,37.9075621889777,4,78.8934561401592,2,1,1,78.8934561401592,22005,0.01186332,0,1,1
221030409001,25,b2,0,2,288.0,30.6976626237264,4,231.49899723072284,1,2,3,231.49899723072284,22103,0.05873937,1,1,0
221030407063,22,b2,0,2,87.0,30.9198256400894,4,212.5,1,2,3,212.5,22103,0.05873937,0,1,0
221030411012,4,b2,0,2,51.0,30.3445466080341,4,149.74436644659025,1,1,5,149.74436644659025,22103,0.05873937,1,1,0
221030412043,9,b2,0,2,91.0,29.9689622290966,4,122.16359369028623,1,1,5,122.16359369028623,22103,0.05873937,1,1,0
221030411024,26,b2,0,2,122.0,30.3425821413698,4,183.6000061035156,1,2,3,183.6000061035156,22103,0.05873937,1,1,0
221030407052,60,b2,0,2,218.0,30.7353356239984,4,209.55086480754227,1,2,4,209.55086480754227,22103,0.05873937,0,1,0
220870306011,12,b2,0,2,73.0,30.6533570972853,5,86.84149607005763,1,1,3,86.84149607005763,22087,1.14608952,1,1,0
220750502001,62,b2,0,2,319.0,30.5163182638865,5,96.4000015258789,1,1,3,96.4000015258789,22075,1.49824733,1,1,1
220750503002,9,b2,0,2,100.0,30.3899533020448,5,100.47674938703906,1,1,3,100.47674938703906,22075,1.49824733,1,1,1
220150106013,47,b2,0,2,162.0,32.3904233156459,2,53.838468996981874,1,1,0,53.838468996981874,22015,0.0,0,0,0
220150111054,77,b2,0,2,370.0,34.1711733948137,1,84.6500015258789,2,1,1,84.6500015258789,22015,0.0,0,0,0
220150111072,9,b2,0,2,58.0,30.7623199775404,2,38.082730162066575,1,1,0,38.082730162066575,22015,0.0,0,0,0
221230003002,4,b2,0,2,57.0,20.3249491897328,0,168.82858276367188,1,2,0,168.82858276367188,22123,0.00828592,0,0,0
220950701002,10,b2,0,2,142.0,37.3930145177165,3,138.84999084472656,2,1,3,138.84999084472656,22095,0.2488945099999999,1,1,1
220950703004,29,b2,0,2,148.0,32.9521659689469,4,147.51170474677124,1,1,2,147.51170474677124,22095,0.2488945099999999,1,1,1
220950705003,27,b2,0,2,140.0,33.0031773371419,3,139.30332901128045,2,1,3,139.30332901128045,22095,0.2488945099999999,1,1,1
220950711001,24,b2,0,2,78.0,44.3147433060708,3,144.1750030517578,2,1,2,144.1750030517578,22095,0.2488945099999999,1,1,1
221119604003,18,b2,0,2,98.0,28.9439182567504,2,100.0,1,1,2,100.0,22111,0.0,0,0,0
220479529002,16,b2,0,2,151.0,34.345320137196,4,58.54444885253906,2,1,0,58.54444885253906,22047,0.33403865,0,1,1
220139705004,16,b2,0,2,80.0,27.3643594656769,3,147.38461303710938,1,1,3,147.38461303710938,22013,0.0,0,0,0
221030407013,47,b2,0,2,359.0,30.4300926766269,4,141.8000030517578,1,1,4,141.8000030517578,22103,0.05873937,0,1,0
220379515025,8,b2,0,2,61.0,29.5422077593194,4,203.4333343505859,1,2,0,203.4333343505859,22037,0.25808331,0,0,1
220550014043,14,b2,0,2,102.0,36.3246048172872,3,149.0701655005792,2,1,4,149.0701655005792,22055,1.5760870500000002,0,0,1
220170249003,4,b2,0,2,73.0,22.655571985033,2,43.400001525878906,1,1,0,43.400001525878906,22017,0.0,0,0,0
220170211003,8,b2,0,2,43.0,32.3248605929443,2,40.12335039450634,1,1,0,40.12335039450634,22017,0.0,0,0,0
220170254061,56,b2,0,2,293.0,29.6833822916652,2,61.95000076293945,1,1,0,61.95000076293945,22017,0.0,0,0,0
220710017471,8,b2,0,2,117.0,33.5107045583135,4,89.87750749454639,2,1,5,89.87750749454639,22071,0.06577263,1,1,0
220710017472,10,b2,0,2,138.0,33.9924642826728,4,94.5999984741211,2,1,5,94.5999984741211,22071,0.06577263,1,1,0
220710133012,12,b2,0,2,90.0,29.9491795769384,5,106.78137205144712,1,1,3,106.78137205144712,22071,0.06577263,1,1,1
220710134003,20,b2,0,2,1968.0,30.057157371619,5,143.02217847194618,1,1,4,143.02217847194618,22071,0.06577263,1,1,1
220090306004,21,b2,0,2,71.0,33.0741934242761,3,196.95999145507812,2,2,1,196.95999145507812,22009,1.52021072,0,0,0
220710006163,20,b2,0,2,94.0,30.5653369935389,5,88.39538799273966,1,1,3,88.39538799273966,22071,0.06577263,1,1,1
220319501003,45,b2,0,2,312.0,34.9822583314978,1,73.75999450683594,2,1,1,73.75999450683594,22031,0.0,0,0,0
220319507002,8,b2,0,2,64.0,38.3954022865904,3,135.60665893554688,2,1,1,135.60665893554688,22031,0.0,0,0,0
220050301031,43,b2,0,2,217.0,39.5990509772134,4,132.56666564941406,2,1,2,132.56666564941406,22005,0.01186332,1,1,1
220050301011,33,b2,0,2,240.0,36.6908894125536,4,98.5,2,1,1,98.5,22005,0.01186332,0,1,1
220050302052,14,b2,0,2,94.0,37.0256463732809,4,54.695726148618355,2,1,0,54.695726148618355,22005,0.01186332,0,1,1
220050305001,30,b2,0,2,248.0,37.2652394466745,3,158.91819763183594,2,2,1,158.91819763183594,22005,0.01186332,1,1,1
220150110013,35,b2,0,2,201.0,34.173712048564,1,65.30000305175781,2,1,0,65.30000305175781,22015,0.0,0,0,0
220150111083,115,b2,0,2,363.0,31.4243931035965,2,33.13333511352539,1,1,0,33.13333511352539,22015,0.0,0,0,0
220710122001,8,b2,0,2,49.0,29.8415644639938,5,146.00718426564865,1,1,4,146.00718426564865,22071,0.06577263,1,1,1
220150113001,4,b2,0,2,49.0,31.9098188900991,2,37.400001525878906,1,1,0,37.400001525878906,22015,0.0,0,0,0
220150113002,39,b2,0,2,486.0,32.052771601941,2,41.53111576903763,1,1,0,41.53111576903763,22015,0.0,0,0,0
220150111052,26,b2,0,2,152.0,32.8077270793013,2,100.3536081152259,1,1,1,100.3536081152259,22015,0.0,0,0,0
220150111082,215,b2,0,2,789.0,30.8280405600553,2,53.650001525878906,1,1,0,53.650001525878906,22015,0.0,0,0,0
220150112003,16,b2,0,2,85.0,29.2094361720777,2,64.5,1,1,0,64.5,22015,0.0,0,0,0
220150108042,19,b2,0,2,131.0,34.6762840647348,1,57.17283067019863,2,1,0,57.17283067019863,22015,0.0,0,0,0
220150108044,21,b2,0,2,129.0,34.5601058199314,1,51.7471083388137,2,1,0,51.7471083388137,22015,0.0,0,0,0
220150111032,62,b2,0,2,217.0,31.475320481095,2,46.55999755859375,1,1,0,46.55999755859375,22015,0.0,0,0,0
220150106011,8,b2,0,2,150.0,32.1264189329654,2,49.193765832427886,1,1,0,49.193765832427886,22015,0.0,0,0,0
220150106021,15,b2,0,2,146.0,31.8885188485382,2,44.97424149574296,1,1,0,44.97424149574296,22015,0.0,0,0,0
220150106022,36,b2,0,2,319.0,32.1882550828912,2,47.003052033323826,1,1,0,47.003052033323826,22015,0.0,0,0,0
220890621003,22,b2,0,2,120.0,28.4934619816377,5,125.47583148773664,1,1,4,125.47583148773664,22089,0.19315147,1,1,1
220890624001,6,b2,0,2,79.0,28.4356348240827,5,136.45999145507812,1,1,3,136.45999145507812,22089,0.19315147,1,1,1
220890632002,17,b2,0,2,65.0,31.0088477213492,4,167.19000244140625,1,2,2,167.19000244140625,22089,0.19315147,1,1,1
221230002002,17,b2,0,2,210.0,20.0851428752795,0,155.8000030517578,1,2,1,155.8000030517578,22123,0.00828592,0,0,0
221230002001,8,b2,0,2,195.0,20.3012488661002,0,175.90000915527344,1,2,1,175.90000915527344,22123,0.00828592,0,0,0
221230002003,4,b2,0,2,84.0,20.1186328456017,0,154.16000366210938,1,2,1,154.16000366210938,22123,0.00828592,0,0,0
221139508006,11,b2,0,2,43.0,39.5295390545585,3,152.11978179069413,2,2,2,152.11978179069413,22113,12.34417553,0,1,0
220790124001,16,b2,0,2,182.0,32.2989519587196,3,218.07527181927256,1,2,1,218.07527181927256,22079,4.49269524,0,0,0
221059542001,23,b2,0,2,155.0,36.9142367702211,3,110.30784171506126,2,1,1,110.30784171506126,22105,0.00826522,0,1,1
221010402001,16,b2,0,2,157.0,37.1400123301664,4,61.23683013706112,2,1,0,61.23683013706112,22101,0.68496657,1,1,1
220630406006,26,b2,0,2,151.0,34.7448215490345,4,133.31228400263933,2,1,1,133.31228400263933,22063,0.03585767,0,1,1
220239701002,38,b2,0,2,185.0,53.1894276253504,3,222.0531311035156,2,2,0,222.0531311035156,22023,89.29875362,1,1,0
221139504004,9,b2,0,2,116.0,35.5452818214321,3,129.82851451066983,2,1,4,129.82851451066983,22113,12.34417553,0,1,0
221139504005,5,b2,0,2,116.0,35.7498121521191,3,121.8000030517578,2,1,4,121.8000030517578,22113,12.34417553,0,1,0
221139506002,10,b2,0,2,105.0,38.8388287470313,3,131.62265512253526,2,1,4,131.62265512253526,22113,12.34417553,0,1,0
221139507002,13,b2,0,2,69.0,39.1057859489917,3,134.37667064611472,2,1,4,134.37667064611472,22113,12.34417553,0,1,0
221139507004,4,b2,0,2,78.0,39.0369145372329,3,142.89999389648438,2,1,4,142.89999389648438,22113,12.34417553,0,1,0
221010404004,16,b2,0,2,48.0,37.6464097473437,5,56.89735889740014,2,1,0,56.89735889740014,22101,0.68496657,1,1,1
221010402004,8,b2,0,2,96.0,38.1121643817258,4,59.29999923706055,2,1,0,59.29999923706055,22101,0.68496657,1,1,1
221010402003,16,b2,0,2,111.0,37.5897374040484,4,57.805888843015225,2,1,0,57.805888843015225,22101,0.68496657,1,1,1
221010405003,20,b2,0,2,75.0,37.3921495346091,5,56.900001525878906,2,1,0,56.900001525878906,22101,0.68496657,1,1,1
220450303021,16,b2,0,2,100.0,40.978614931995,3,141.8000030517578,2,1,4,141.8000030517578,22045,3.09661809,0,1,1
220550021021,24,b2,0,2,189.0,36.4417630035554,2,175.60000610351562,2,2,2,175.60000610351562,22055,1.5760870500000002,0,0,1
221010404005,4,b2,0,2,53.0,37.612996357835,5,58.31052985428326,2,1,0,58.31052985428326,22101,0.68496657,1,1,1
220790124003,16,b2,0,2,85.0,32.2333681651945,3,213.6843163273928,1,2,1,213.6843163273928,22079,4.49269524,0,0,0
220790126002,33,b2,0,2,222.0,32.318915017561,3,225.21958511471888,1,2,1,225.21958511471888,22079,4.49269524,0,0,0
221010406001,24,b2,0,2,118.0,38.37948048882,5,52.03326924336266,2,1,0,52.03326924336266,22101,0.68496657,1,1,1
221010406003,12,b2,0,2,173.0,37.8005775834502,5,62.5,2,1,0,62.5,22101,0.68496657,1,1,1
221010407001,12,b2,0,2,52.0,39.180621361951,5,59.764774606267714,2,1,0,59.764774606267714,22101,0.68496657,1,1,1
220630405003,15,b2,0,2,76.0,34.870634123603,4,136.58126182861673,2,1,1,136.58126182861673,22063,0.03585767,0,1,1
220479527004,16,b2,0,2,153.0,34.8090273013609,4,56.5333366394043,2,1,0,56.5333366394043,22047,0.33403865,0,1,1
221159507012,12,b2,0,2,149.0,36.2314277479191,2,128.1729290519692,2,1,3,128.1729290519692,22115,19.00196373,0,0,0
220710046002,4,b2,0,2,55.0,29.9622705452534,5,115.53187124617249,1,1,5,115.53187124617249,22071,0.06577263,1,1,1
220550010023,4,b2,0,2,48.0,35.5500561365808,3,168.3057632040781,2,2,3,168.3057632040781,22055,1.5760870500000002,0,0,1
220550010031,8,b2,0,2,101.0,36.1756147990985,3,169.85323795604995,2,2,2,169.85323795604995,22055,1.5760870500000002,0,0,1
220550010032,12,b2,0,2,98.0,35.8771571963427,3,165.10000610351562,2,2,3,165.10000610351562,22055,1.5760870500000002,0,0,1
220550010033,12,b2,0,2,65.0,35.827471638737,3,166.4491492402976,2,2,2,166.4491492402976,22055,1.5760870500000002,0,0,1
220550011001,15,b2,0,2,106.0,35.5396315620629,3,163.27670050797047,2,2,1,163.27670050797047,22055,1.5760870500000002,0,0,1
220550012001,24,b2,0,2,149.0,36.1554094288839,3,165.87826571528498,2,2,3,165.87826571528498,22055,1.5760870500000002,0,0,1
220550012002,12,b2,0,2,82.0,35.9640489304523,3,162.39999389648438,2,2,3,162.39999389648438,22055,1.5760870500000002,0,0,1
220550012003,24,b2,0,2,106.0,35.9159456561054,3,163.46196180804284,2,2,3,163.46196180804284,22055,1.5760870500000002,0,0,1
220550012004,17,b2,0,2,53.0,36.2956175143349,3,166.50552065539406,2,2,3,166.50552065539406,22055,1.5760870500000002,0,0,1
220550013003,4,b2,0,2,45.0,36.0696452269448,3,167.43936476499803,2,2,2,167.43936476499803,22055,1.5760870500000002,0,0,1
220550013004,13,b2,0,2,76.0,36.5233673289732,3,167.10000610351562,2,2,3,167.10000610351562,22055,1.5760870500000002,0,0,1
220550010012,24,b2,0,2,158.0,36.6469883700239,3,163.10000610351562,2,2,2,163.10000610351562,22055,1.5760870500000002,0,0,1
220550019032,12,b2,0,2,167.0,38.8898853825251,3,145.53854097107643,2,1,3,145.53854097107643,22055,1.5760870500000002,0,0,1
220550014091,60,b2,0,2,415.0,37.2341953172271,3,144.36571840199937,2,1,4,144.36571840199937,22055,1.5760870500000002,0,0,1
220550020024,13,b2,0,2,140.0,38.4826792862068,3,158.75349331518944,2,2,2,158.75349331518944,22055,1.5760870500000002,0,0,1
220550010021,10,b2,0,2,99.0,35.4578264279214,3,173.7700851994165,2,2,3,173.7700851994165,22055,1.5760870500000002,0,0,1
220550014042,20,b2,0,2,216.0,36.2013837072087,3,151.13298151681613,2,2,2,151.13298151681613,22055,1.5760870500000002,0,0,1
220550021041,21,b2,0,2,170.0,37.5167994616857,2,165.8000030517578,2,2,2,165.8000030517578,22055,1.5760870500000002,0,0,1
220550013001,8,b2,0,2,38.0,35.9617221187844,3,163.92690473350365,2,2,3,163.92690473350365,22055,1.5760870500000002,0,0,1
220550021042,33,b2,0,2,249.0,37.4140211591014,3,173.10139557299894,2,2,2,173.10139557299894,22055,1.5760870500000002,0,0,1
220550021031,10,b2,0,2,39.0,35.695351514431,3,170.9917888515082,2,2,2,170.9917888515082,22055,1.5760870500000002,0,0,1
220090304002,13,b2,0,2,110.0,31.6597835277174,3,129.60000610351562,1,1,2,129.60000610351562,22009,1.52021072,0,0,0
220870308002,12,b2,0,2,50.0,31.0136755341058,5,92.41299790200634,1,1,3,92.41299790200634,22087,1.14608952,1,1,0
221010414001,8,b2,0,2,55.0,32.6591635448145,5,83.85000610351562,1,1,1,83.85000610351562,22101,0.68496657,1,1,1
220090304003,12,b2,0,2,76.0,31.840528463266,3,132.02003490285185,1,1,2,132.02003490285185,22009,1.52021072,0,0,0
220090305005,16,b2,0,2,79.0,32.4487979026225,3,143.89999389648438,1,1,2,143.89999389648438,22009,1.52021072,0,0,0
220090303001,18,b2,0,2,141.0,32.4133450754335,4,173.7571563720703,1,2,1,173.7571563720703,22009,1.52021072,0,0,0
220090308001,20,b2,0,2,170.0,33.2046583853776,2,144.1800079345703,2,1,2,144.1800079345703,22009,1.52021072,0,0,1
220090302001,13,b2,0,2,187.0,32.0682384387191,4,147.68235778808594,1,1,2,147.68235778808594,22009,1.52021072,0,0,0
220090305003,8,b2,0,2,44.0,32.4476925955544,3,135.0,1,1,2,135.0,22009,1.52021072,0,0,0
220090304005,8,b2,0,2,106.0,31.3972031229315,3,131.3000030517578,1,1,2,131.3000030517578,22009,1.52021072,0,0,0
220710006071,8,b2,0,2,33.0,30.6338761088568,5,89.22244227496286,1,1,3,89.22244227496286,22071,0.06577263,1,1,1
221030407103,25,b2,0,2,159.0,30.8914580286155,4,238.0116801144116,1,2,3,238.0116801144116,22103,0.05873937,1,1,0
220330040111,8,b2,0,2,88.0,33.5240118975402,4,63.610542727936824,2,1,0,63.610542727936824,22033,0.02202799,0,0,1
221030407102,24,b2,0,2,127.0,30.8620985778042,4,236.68665207738607,1,2,3,236.68665207738607,22103,0.05873937,1,1,0
221030410023,12,b2,0,2,138.0,30.7398039691441,4,224.9468086727952,1,2,3,224.9468086727952,22103,0.05873937,1,1,0
221010414003,24,b2,0,2,53.0,32.4460176413683,5,87.16901874310558,1,1,2,87.16901874310558,22101,0.68496657,1,1,1
220870301032,30,b2,0,2,113.0,33.4186015040318,4,115.83103811509837,2,1,3,115.83103811509837,22087,1.14608952,1,1,0
220870301034,26,b2,0,2,83.0,33.3686806349716,4,110.9000015258789,2,1,3,110.9000015258789,22087,1.14608952,1,1,0
220870302031,4,b2,0,2,41.0,30.9325922314626,5,98.37891007636516,1,1,3,98.37891007636516,22087,1.14608952,1,1,0
220330042041,4,b2,0,2,34.0,30.910483760775,4,209.8065584995545,1,2,0,209.8065584995545,22033,0.02202799,0,0,1
221030409002,8,b2,0,2,79.0,30.6295636369633,4,219.96657522444423,1,2,3,219.96657522444423,22103,0.05873937,1,1,0
220630407001,13,b2,0,2,63.0,33.6678457453294,4,156.61435969855862,2,2,0,156.61435969855862,22063,0.03585767,0,1,1
220330042052,16,b2,0,2,72.0,31.5994143709209,4,193.3592276692123,1,2,0,193.3592276692123,22033,0.02202799,0,0,1
220330043022,12,b2,0,2,107.0,30.5488244884859,4,191.8000030517578,1,2,1,191.8000030517578,22033,0.02202799,0,0,1
220330043023,12,b2,0,2,166.0,30.0374620901356,4,197.1000061035156,1,2,1,197.1000061035156,22033,0.02202799,0,0,1
220330045033,4,b2,0,2,97.0,32.6087802829536,5,142.74424153385138,1,1,1,142.74424153385138,22033,0.02202799,0,0,1
220330045034,8,b2,0,2,59.0,32.5531100119837,5,143.38073095511203,1,1,1,143.38073095511203,22033,0.02202799,0,0,1
220330045042,4,b2,0,2,88.0,33.0606448898781,4,130.08746058972318,2,1,1,130.08746058972318,22033,0.02202799,0,0,1
220330045043,4,b2,0,2,96.0,33.2023565602372,4,128.21313305138193,2,1,1,128.21313305138193,22033,0.02202799,0,0,1
220330045053,16,b2,0,2,137.0,33.4783605602546,4,122.40880732834472,2,1,1,122.40880732834472,22033,0.02202799,0,0,1
220330045052,35,b2,0,2,231.0,34.2663094001932,4,104.8000030517578,2,1,1,104.8000030517578,22033,0.02202799,0,0,1
220330045071,4,b2,0,2,64.0,34.2321953485984,4,101.67280746239229,2,1,1,101.67280746239229,22033,0.02202799,0,0,1
220330045072,42,b2,0,2,177.0,34.3748103450505,4,94.38654279269444,2,1,1,94.38654279269444,22033,0.02202799,0,0,1
220450316001,4,b2,0,2,87.0,34.4715295257681,4,101.1999969482422,2,1,2,101.1999969482422,22045,3.09661809,1,1,1
220330046022,16,b2,0,2,116.0,30.2620882902156,4,234.5,1,2,0,234.5,22033,0.02202799,0,0,1
221030407043,12,b2,0,2,85.0,30.6353760100567,4,158.89999389648438,1,2,4,158.89999389648438,22103,0.05873937,0,1,0
221030407053,24,b2,0,2,152.0,30.7555972155076,4,219.8999938964844,1,2,4,219.8999938964844,22103,0.05873937,0,1,0
220330046041,12,b2,0,2,90.0,30.4701201408897,4,197.31456456416137,1,2,0,197.31456456416137,22033,0.02202799,0,0,1
220510205141,21,b2,0,2,106.0,29.2401295101357,5,109.0081386614846,1,1,2,109.0081386614846,22051,0.05823747,1,1,1
220510205143,20,b2,0,2,95.0,29.2259967316141,5,112.37655796745692,1,1,2,112.37655796745692,22051,0.05823747,1,1,1
220510206001,8,b2,0,2,74.0,28.9923975030807,5,133.07306047917777,1,1,3,133.07306047917777,22051,0.05823747,1,1,1
220510210001,10,b2,0,2,45.0,29.1208843712292,5,122.83247109634094,1,1,2,122.83247109634094,22051,0.05823747,1,1,1
220510249001,20,b2,0,2,274.0,29.6844616207062,5,103.20572365079232,1,1,4,103.20572365079232,22051,0.05823747,1,1,1
220510250012,11,b2,0,2,92.0,30.2973797514974,5,91.11744460463407,1,1,3,91.11744460463407,22051,0.05823747,1,1,1
220510276013,16,b2,0,2,50.0,29.2447486910717,5,105.3000030517578,1,1,4,105.3000030517578,22051,0.05823747,1,1,1
220510276014,4,b2,0,2,98.0,29.0584368130569,5,114.5,1,1,3,114.5,22051,0.05823747,1,1,1
220510276023,17,b2,0,2,83.0,29.5623070001957,5,104.13592080689352,1,1,5,104.13592080689352,22051,0.05823747,1,1,1
221059536002,12,b2,0,2,72.0,38.0951456188787,3,137.5,2,1,2,137.5,22105,0.00826522,0,1,0
221059538001,20,b2,0,2,122.0,36.7315724333378,3,134.39999389648438,2,1,1,134.39999389648438,22105,0.00826522,0,1,1
221059538003,23,b2,0,2,104.0,36.8907943658689,3,234.5333251953125,2,2,0,234.5333251953125,22105,0.00826522,0,1,1
220330049003,16,b2,0,2,141.0,33.3431700720252,4,64.73033759167964,2,1,0,64.73033759167964,22033,0.02202799,0,0,1
220330049004,13,b2,0,2,53.0,33.4081717171474,4,65.68828205782972,2,1,0,65.68828205782972,22033,0.02202799,0,0,1
220330050001,8,b2,0,2,74.0,33.2134563127825,4,72.5999984741211,2,1,2,72.5999984741211,22033,0.02202799,0,0,1
220450303022,29,b2,0,2,218.0,40.73772386563,3,146.10000610351562,2,1,4,146.10000610351562,22045,3.09661809,0,1,1
220239702011,14,b2,0,2,154.0,52.6690655123561,3,168.99258422851562,2,2,1,168.99258422851562,22023,89.29875362,1,1,0
220239701005,16,b2,0,2,135.0,53.6214492813029,3,161.5625,2,2,0,161.5625,22023,89.29875362,1,1,0
220330040093,12,b2,0,2,112.0,33.3854918067988,4,84.5999984741211,2,1,1,84.5999984741211,22033,0.02202799,0,0,1
220330040091,16,b2,0,2,135.0,34.727989891784,4,80.07901845108368,2,1,1,80.07901845108368,22033,0.02202799,0,0,1
220330040102,8,b2,0,2,96.0,33.1278965807501,5,77.53969700538644,2,1,1,77.53969700538644,22033,0.02202799,0,0,1
220050303001,73,b2,0,2,518.0,37.7223913965751,3,80.75999450683594,2,1,1,80.75999450683594,22005,0.01186332,1,1,1
220050309002,4,b2,0,2,46.0,38.4084551777161,3,43.34285736083984,2,1,0,43.34285736083984,22005,0.01186332,1,1,1
220419502001,36,b2,0,2,187.0,22.8526427908788,1,176.1555633544922,1,2,0,176.1555633544922,22041,0.00585853,0,0,0
220419504002,18,b2,0,2,140.0,23.9491270213334,2,145.55833435058594,1,1,1,145.55833435058594,22041,0.00585853,0,0,0
220330042012,4,b2,0,2,38.0,31.7812083739474,4,191.1092592379509,1,2,0,191.1092592379509,22033,0.02202799,0,0,1
220330042016,4,b2,0,2,29.0,32.0083158457654,4,179.43689688473856,1,2,0,179.43689688473856,22033,0.02202799,0,0,1
221030407092,37,b2,0,2,280.0,30.8193393300353,4,223.69007336140183,1,2,3,223.69007336140183,22103,0.05873937,1,1,0
220710006021,4,b2,0,2,33.0,30.2538911472056,5,89.31337647471558,1,1,5,89.31337647471558,22071,0.06577263,1,1,1
220330044031,29,b2,0,2,208.0,32.3717627620307,5,165.53522639125543,1,2,0,165.53522639125543,22033,0.02202799,0,0,1
220330044034,12,b2,0,2,84.0,31.6590087288383,4,161.0,1,2,0,161.0,22033,0.02202799,0,0,1
221030407064,14,b2,0,2,73.0,30.8354657944683,4,220.19052057184712,1,2,3,220.19052057184712,22103,0.05873937,0,1,0
220330045032,12,b2,0,2,72.0,32.948839245875,5,132.4007521880496,1,1,1,132.4007521880496,22033,0.02202799,0,0,1
220330045073,40,b2,0,2,158.0,34.4446738168863,4,91.5999984741211,2,1,1,91.5999984741211,22033,0.02202799,0,0,1
220330045082,8,b2,0,2,77.0,34.7642873426331,4,93.78581436241667,2,1,1,93.78581436241667,22033,0.02202799,0,0,1
220330045083,21,b2,0,2,160.0,34.9328330995842,4,91.22712402887528,2,1,1,91.22712402887528,22033,0.02202799,0,0,1
220330046021,32,b2,0,2,130.0,29.641255295248,4,238.8666534423828,1,2,0,238.8666534423828,22033,0.02202799,0,0,1
220450304002,12,b2,0,2,96.0,39.2576063211659,4,179.10000610351562,2,2,2,179.10000610351562,22045,3.09661809,0,1,1
220450305003,16,b2,0,2,101.0,37.1598509346673,5,109.4467672001238,2,1,3,109.4467672001238,22045,3.09661809,0,1,1
220450306002,11,b2,0,2,135.0,35.8103305569584,5,108.86168828924934,2,1,3,108.86168828924934,22045,3.09661809,0,1,1
220450306004,23,b2,0,2,156.0,35.8018509825171,5,108.17207630378074,2,1,3,108.17207630378074,22045,3.09661809,0,1,1
220450307001,16,b2,0,2,137.0,36.5680962589614,5,108.52681891988568,2,1,3,108.52681891988568,22045,3.09661809,0,1,1
220450307002,8,b2,0,2,77.0,36.3004314078862,5,108.99336797574418,2,1,3,108.99336797574418,22045,3.09661809,0,1,1
220790135002,8,b2,0,2,91.0,33.3456659513461,3,383.3285827636719,2,2,2,383.3285827636719,22079,4.49269524,0,0,0
220450313003,13,b2,0,2,115.0,35.0938148521309,5,112.0,2,1,3,112.0,22045,3.09661809,1,1,1
221030410033,14,b2,0,2,90.0,30.7743723624221,4,222.50320098946915,1,2,3,222.50320098946915,22103,0.05873937,1,1,0
220330049001,4,b2,0,2,51.0,33.4484298293836,4,62.831012591359546,2,1,0,62.831012591359546,22033,0.02202799,0,0,1
221030411042,21,b2,0,2,122.0,30.5045436984444,4,201.85959031873656,1,2,3,201.85959031873656,22103,0.05873937,1,1,0
220450306001,17,b2,0,2,143.0,36.0446695259169,5,112.0999984741211,2,1,2,112.0999984741211,22045,3.09661809,0,1,1
220450306003,21,b2,0,2,165.0,35.1651023139869,4,101.8726989257372,2,1,3,101.8726989257372,22045,3.09661809,0,1,1
221159507041,18,b2,0,2,63.0,36.4868226733603,2,154.5686652559438,2,2,2,154.5686652559438,22115,19.00196373,0,0,0
220450311003,10,b2,0,2,159.0,36.387126958252,5,110.24407079407578,2,1,3,110.24407079407578,22045,3.09661809,0,1,1
220450312001,19,b2,0,2,125.0,37.1856661793597,5,116.573129718773,2,1,3,116.573129718773,22045,3.09661809,0,1,1
220790106003,14,b2,0,2,162.0,37.6139277485109,3,285.7545471191406,2,2,1,285.7545471191406,22079,4.49269524,0,0,0
220790101001,17,b2,0,2,181.0,29.6086797630519,4,221.25,1,2,0,221.25,22079,4.49269524,0,0,0
220790103001,14,b2,0,2,164.0,30.6680964138877,3,217.3000030517578,1,2,0,217.3000030517578,22079,4.49269524,0,0,0
220790134001,37,b2,0,2,159.0,32.6019393376807,4,280.71002197265625,1,2,1,280.71002197265625,22079,4.49269524,0,0,0
220790115003,40,b2,0,2,271.0,30.2176004932883,3,241.6000061035156,1,2,1,241.6000061035156,22079,4.49269524,0,0,0
220790101005,22,b2,0,2,113.0,31.8050024812555,4,170.3000030517578,1,2,0,170.3000030517578,22079,4.49269524,0,0,0
220790103004,6,b2,0,2,101.0,30.6597537384635,3,219.20663078134788,1,2,1,219.20663078134788,22079,4.49269524,0,0,0
220790107003,34,b2,0,2,139.0,35.6941547150817,3,240.46665954589844,2,2,2,240.46665954589844,22079,4.49269524,0,0,0
220790105002,17,b2,0,2,95.0,36.0031920072448,3,199.25,2,2,1,199.25,22079,4.49269524,0,0,0
220479532003,20,b2,0,2,126.0,35.0280976798111,3,44.5,2,1,0,44.5,22047,0.33403865,0,1,1
220479532001,12,b2,0,2,68.0,35.0152447446901,4,56.97999954223633,2,1,0,56.97999954223633,22047,0.33403865,0,1,1
220479526002,8,b2,0,2,82.0,34.9767696229572,3,54.900001525878906,2,1,0,54.900001525878906,22047,0.33403865,0,1,1
220550014101,87,b2,0,2,616.0,36.6473685201645,3,171.5,2,2,3,171.5,22055,1.5760870500000002,0,0,1
220790139001,20,b2,0,2,173.0,32.2339420904067,3,243.69502207795736,1,2,1,243.69502207795736,22079,4.49269524,0,0,0
220479531011,12,b2,0,2,116.0,34.918487097914,4,59.86325094827653,2,1,0,59.86325094827653,22047,0.33403865,0,1,1
220479531012,20,b2,0,2,160.0,34.8403929658936,4,58.80021327911662,2,1,0,58.80021327911662,22047,0.33403865,0,1,1
220710006161,8,b2,0,2,40.0,30.6465454885905,5,89.81488393181488,1,1,3,89.81488393181488,22071,0.06577263,1,1,1
220330043013,33,b2,0,2,241.0,30.4653789696943,5,177.89999389648438,1,2,0,177.89999389648438,22033,0.02202799,0,0,1
220790138002,8,b2,0,2,128.0,32.2122772007648,3,222.3206736816223,1,2,1,222.3206736816223,22079,4.49269524,0,0,0
220330045031,12,b2,0,2,79.0,32.9513405174918,4,143.63499760471953,1,1,1,143.63499760471953,22033,0.02202799,0,0,1
220330047004,12,b2,0,2,83.0,29.6196100672352,4,211.95001220703125,1,2,1,211.95001220703125,22033,0.02202799,0,0,1
220330045101,26,b2,0,2,243.0,35.6873266673649,4,75.69999694824219,2,1,1,75.69999694824219,22033,0.02202799,0,0,1
220510230033,8,b2,0,2,77.0,29.386624324365,5,102.08936461454144,1,1,1,102.08936461454144,22051,0.05823747,1,1,1
220550014103,47,b2,0,2,277.0,37.1750419047929,3,146.43499337015206,2,1,4,146.43499337015206,22055,1.5760870500000002,0,0,1
220550018011,16,b2,0,2,147.0,37.7879179006534,3,145.44892622955138,2,1,3,145.44892622955138,22055,1.5760870500000002,0,0,1
220550008003,12,b2,0,2,52.0,35.8787457829803,3,163.21272559250605,2,2,2,163.21272559250605,22055,1.5760870500000002,0,0,1
221210201002,8,b2,0,2,65.0,33.5390960148283,4,79.58586126791263,2,1,1,79.58586126791263,22121,0.36837128,0,0,1
221210203001,17,b2,0,2,154.0,35.1072196138086,4,60.21818542480469,2,1,0,60.21818542480469,22121,0.36837128,0,0,1
220550002001,5,b2,0,2,92.0,35.872422433656,3,166.36531069676045,2,2,2,166.36531069676045,22055,1.5760870500000002,0,0,1
220550022001,8,b2,0,2,157.0,36.1091986581671,3,164.38857742787727,2,2,2,164.38857742787727,22055,1.5760870500000002,0,0,1
220550006031,4,b2,0,2,52.0,37.3760870059383,3,167.9455013136035,2,2,2,167.9455013136035,22055,1.5760870500000002,0,0,1
220730108002,4,b2,0,2,69.0,22.9805551715123,1,120.3000030517578,1,1,2,120.3000030517578,22073,0.0,0,0,0
220550010022,16,b2,0,2,91.0,35.4986537524523,3,172.729101337257,2,2,3,172.729101337257,22055,1.5760870500000002,0,0,1
220550022003,12,b2,0,2,129.0,35.7073384523154,3,164.26804182154024,2,2,2,164.26804182154024,22055,1.5760870500000002,0,0,1
220550011002,17,b2,0,2,112.0,35.6442330189898,3,163.20321625077915,2,2,2,163.20321625077915,22055,1.5760870500000002,0,0,1
220550006044,8,b2,0,2,107.0,37.1423808365057,3,164.72758517258384,2,2,2,164.72758517258384,22055,1.5760870500000002,0,0,1
220550006043,8,b2,0,2,128.0,37.7639074363005,3,160.2792342975742,2,2,2,160.2792342975742,22055,1.5760870500000002,0,0,1
220550014112,22,b2,0,2,116.0,37.0244408973248,3,153.39999389648438,2,2,2,153.39999389648438,22055,1.5760870500000002,0,0,1
220550011004,10,b2,0,2,70.0,35.6558849843176,3,162.88501172398503,2,2,2,162.88501172398503,22055,1.5760870500000002,0,0,1
220599702003,18,b2,0,2,139.0,26.2359150252887,3,198.8500061035156,1,2,0,198.8500061035156,22059,0.0,0,0,0
220599703005,8,b2,0,2,77.0,29.5010549131718,4,205.51998901367188,1,2,0,205.51998901367188,22059,0.0,0,0,0
220979611001,24,b2,0,2,99.0,36.6990534749436,2,160.59487053932315,2,2,1,160.59487053932315,22097,1.46434272,0,0,0
220979611002,16,b2,0,2,48.0,36.4340407802809,3,158.23994424067237,2,2,1,158.23994424067237,22097,1.46434272,0,0,0
220979611003,16,b2,0,2,75.0,36.4538399201697,3,161.45265722032676,2,2,1,161.45265722032676,22097,1.46434272,0,0,0
220979616001,12,b2,0,2,22.0,36.3990261619591,2,170.57025321684452,2,2,1,170.57025321684452,22097,1.46434272,0,0,1
220979617005,26,b2,0,2,119.0,35.5759516813994,2,157.39999389648438,2,2,1,157.39999389648438,22097,1.46434272,0,0,1
220979619002,8,b2,0,2,63.0,36.4879848569131,2,150.0479880515563,2,2,1,150.0479880515563,22097,1.46434272,0,0,1
220510211003,9,b2,0,2,32.0,29.1471729976504,5,122.75185240069816,1,1,2,122.75185240069816,22051,0.05823747,1,1,1
220510279021,74,b2,0,2,318.0,37.6149524377436,4,91.88780212402344,2,1,3,91.88780212402344,22051,0.05823747,1,1,1
220510205083,31,b2,0,2,136.0,28.9212915013581,5,140.8264201523686,1,1,3,140.8264201523686,22051,0.05823747,1,1,1
220510203023,12,b2,0,2,69.0,29.407057740626,5,96.80311908247884,1,1,3,96.80311908247884,22051,0.05823747,1,1,1
220510272001,37,b2,0,2,96.0,29.6783242633472,5,96.361421966065,1,1,5,96.361421966065,22051,0.05823747,1,1,1
220510250033,8,b2,0,2,70.0,30.2713959913222,5,91.56055244619048,1,1,3,91.56055244619048,22051,0.05823747,1,1,1
220510278101,11,b2,0,2,78.0,29.9590645625092,5,87.88889868240224,1,1,4,87.88889868240224,22051,0.05823747,1,1,1
221010410001,4,b2,0,2,52.0,31.7225316366611,5,78.79130554199219,1,1,1,78.79130554199219,22101,0.68496657,1,1,1
221010406002,12,b2,0,2,79.0,38.3025694164362,5,52.72766247014087,2,1,0,52.72766247014087,22101,0.68496657,1,1,1
221010404002,18,b2,0,2,58.0,37.9025470206774,5,56.45958227165136,2,1,0,56.45958227165136,22101,0.68496657,1,1,1
220599701001,20,b2,0,2,227.0,26.3802008911866,3,172.7166748046875,1,2,0,172.7166748046875,22059,0.0,0,0,0
221179508002,4,b2,0,2,63.0,29.837179503985,4,111.27049798629268,1,1,4,111.27049798629268,22117,0.0022141099999999,0,0,0
220599702002,8,b2,0,2,68.0,26.4562701916196,3,195.99397252320333,1,2,0,195.99397252320333,22059,0.0,0,0,0
220599702006,12,b2,0,2,65.0,27.7931906651754,3,190.1000061035156,1,2,0,190.1000061035156,22059,0.0,0,0,0
220599701003,4,b2,0,2,55.0,27.9592074266957,3,198.38182067871097,1,2,0,198.38182067871097,22059,0.0,0,0,0
220599702001,8,b2,0,2,126.0,26.603762864561,3,201.9499969482422,1,2,0,201.9499969482422,22059,0.0,0,0,0
220599703004,12,b2,0,2,71.0,26.6697774870184,3,199.6800079345703,1,2,0,199.6800079345703,22059,0.0,0,0,0
220599703001,8,b2,0,2,71.0,29.2809506402626,3,201.9499969482422,1,2,0,201.9499969482422,22059,0.0,0,0,0
220979606002,11,b2,0,2,75.0,36.0635749611208,2,153.1666717529297,2,2,1,153.1666717529297,22097,1.46434272,0,0,1
220979612001,8,b2,0,2,74.0,35.8170040245412,3,151.0,2,2,1,151.0,22097,1.46434272,0,0,1
220979605002,36,b2,0,2,187.0,35.1296062022081,2,167.5600128173828,2,2,2,167.5600128173828,22097,1.46434272,0,0,1
220979607002,6,b2,0,2,96.0,36.6740076391995,3,150.5,2,2,1,150.5,22097,1.46434272,0,0,1
220979618002,8,b2,0,2,110.0,38.3587311542684,3,195.4333343505859,2,2,1,195.4333343505859,22097,1.46434272,0,0,1
220979619001,4,b2,0,2,96.0,37.0871771013235,2,155.39999389648438,2,2,1,155.39999389648438,22097,1.46434272,0,0,1
220979602002,4,b2,0,2,59.0,35.0062660085214,2,157.03750610351562,2,2,1,157.03750610351562,22097,1.46434272,0,0,1
220979602004,19,b2,0,2,71.0,36.6726003983178,2,157.0,2,2,1,157.0,22097,1.46434272,0,0,1
220979612003,8,b2,0,2,47.0,35.8593088747843,3,157.0,2,2,0,157.0,22097,1.46434272,0,0,1
220979613003,8,b2,0,2,100.0,36.5149260106514,2,172.2243533194055,2,2,1,172.2243533194055,22097,1.46434272,0,0,1
220979614001,15,b2,0,2,107.0,37.0145342131394,2,164.72633375880244,2,2,1,164.72633375880244,22097,1.46434272,0,0,1
220450316003,8,b2,0,2,65.0,33.9213563208293,4,103.86711883544922,2,1,3,103.86711883544922,22045,3.09661809,1,1,1
220450303023,37,b2,0,2,192.0,40.5260920764109,4,203.7833251953125,2,2,2,203.7833251953125,22045,3.09661809,1,1,1
220450302001,16,b2,0,2,119.0,35.5970738721734,4,103.33333587646484,2,1,3,103.33333587646484,22045,3.09661809,0,1,1
220450313002,40,b2,0,2,165.0,36.0643195384958,4,103.5,2,1,3,103.5,22045,3.09661809,1,1,1
220450313001,39,b2,0,2,246.0,35.557731141316,5,109.70000457763672,2,1,3,109.70000457763672,22045,3.09661809,0,1,1
220450302003,11,b2,0,2,144.0,33.4274555329101,4,83.86666870117188,2,1,2,83.86666870117188,22045,3.09661809,0,1,1
220819601004,23,b2,0,2,87.0,35.8725702460414,2,126.4124984741211,2,1,2,126.4124984741211,22081,0.0,0,0,0
220819601001,20,b2,0,2,90.0,28.0460915315362,4,214.2571563720703,1,2,3,214.2571563720703,22081,0.0,0,0,0
220510225001,12,b2,0,2,68.0,29.6901100105545,5,103.23397883778492,1,1,4,103.23397883778492,22051,0.05823747,1,1,1
220510266001,12,b2,0,2,45.0,29.9135031192169,5,91.33424671920872,1,1,6,91.33424671920872,22051,0.05823747,1,1,1
220979607003,4,b2,0,2,39.0,36.0353357903252,3,154.32638346242626,2,2,1,154.32638346242626,22097,1.46434272,0,0,1
220730002001,15,b2,0,2,76.0,23.0209898408016,1,113.47984439802566,1,1,2,113.47984439802566,22073,0.0,0,0,0
220750502002,28,b2,0,2,127.0,30.3051546649947,5,93.9000015258789,1,1,3,93.9000015258789,22075,1.49824733,1,1,1
220979619003,4,b2,0,2,94.0,36.602136640014,2,151.99598742432866,2,2,1,151.99598742432866,22097,1.46434272,0,0,1
220979607004,26,b2,0,2,119.0,35.1808185436676,3,158.61666870117188,2,2,0,158.61666870117188,22097,1.46434272,0,0,1
220979617002,8,b2,0,2,85.0,37.2186050899338,2,166.85000610351562,2,2,1,166.85000610351562,22097,1.46434272,0,0,1
220510202033,24,b2,0,2,91.0,29.5263463256462,5,99.6636807209288,1,1,3,99.6636807209288,22051,0.05823747,1,1,1
220510270001,9,b2,0,2,89.0,29.7421846754033,5,91.60753564511624,1,1,5,91.60753564511624,22051,0.05823747,1,1,1
220510202031,4,b2,0,2,76.0,29.5781078258748,5,100.07853499753634,1,1,3,100.07853499753634,22051,0.05823747,1,1,1
220510205133,10,b2,0,2,75.0,29.1761411440495,5,114.5374546330815,1,1,2,114.5374546330815,22051,0.05823747,1,1,1
220510202034,5,b2,0,2,85.0,29.5548150617719,5,99.94452555826004,1,1,3,99.94452555826004,22051,0.05823747,1,1,1
220510217002,8,b2,0,2,55.0,29.4280982256682,5,97.97169231124867,1,1,3,97.97169231124867,22051,0.05823747,1,1,1
220510231002,9,b2,0,2,101.0,29.4373829820194,5,104.6479400925648,1,1,2,104.6479400925648,22051,0.05823747,1,1,1
220819603003,16,b2,0,2,90.0,41.3555027316092,3,154.10000610351562,2,2,1,154.10000610351562,22081,0.0,0,0,0
220819601003,43,b2,0,2,124.0,33.4336494416951,3,161.33636474609375,2,2,1,161.33636474609375,22081,0.0,0,0,0
220510235001,32,b2,0,2,108.0,29.2119122309935,5,110.02842310157342,1,1,2,110.02842310157342,22051,0.05823747,1,1,1
220510278113,13,b2,0,2,52.0,29.9955435564777,5,88.77533748286649,1,1,3,88.77533748286649,22051,0.05823747,1,1,1
220510213002,9,b2,0,2,51.0,29.2007307831863,5,117.43005618271846,1,1,2,117.43005618271846,22051,0.05823747,1,1,1
220510272004,23,b2,0,2,51.0,29.6403116504066,5,108.78665528047864,1,1,5,108.78665528047864,22051,0.05823747,1,1,1
220510205063,21,b2,0,2,103.0,29.1814400989229,5,117.21286772560182,1,1,2,117.21286772560182,22051,0.05823747,1,1,1
220510205134,8,b2,0,2,57.0,29.1936596506957,5,114.8720672447317,1,1,2,114.8720672447317,22051,0.05823747,1,1,1
220979603002,12,b2,0,2,97.0,34.8656484357053,2,131.8000030517578,2,1,3,131.8000030517578,22097,1.46434272,0,0,1
220979603003,12,b2,0,2,65.0,35.0447939751072,1,128.89264839404305,2,1,3,128.89264839404305,22097,1.46434272,0,0,1
220979606001,18,b2,0,2,100.0,36.8731784751592,2,150.0,2,1,1,150.0,22097,1.46434272,0,0,1
220979606004,24,b2,0,2,157.0,35.5155304315822,2,152.22500610351562,2,2,1,152.22500610351562,22097,1.46434272,0,0,1
220870305001,4,b2,0,2,41.0,30.5711862999882,5,88.41531622015098,1,1,3,88.41531622015098,22087,1.14608952,1,1,0
220870306012,6,b2,0,2,42.0,30.7199389844171,5,87.91547541018164,1,1,3,87.91547541018164,22087,1.14608952,1,1,0
220499704002,4,b2,0,2,42.0,28.0177003334985,3,127.0,1,1,2,127.0,22049,0.0,0,0,0
220979608002,37,b2,0,2,126.0,38.3114810151018,2,163.70001220703125,2,2,2,163.70001220703125,22097,1.46434272,0,0,0
220979609002,16,b2,0,2,101.0,37.2836024496522,2,166.5,2,2,1,166.5,22097,1.46434272,0,0,0
220979609004,12,b2,0,2,49.0,37.0269118562815,2,163.66748133090178,2,2,1,163.66748133090178,22097,1.46434272,0,0,0
220979610001,17,b2,0,2,64.0,36.8364431524932,3,161.49246194649623,2,2,1,161.49246194649623,22097,1.46434272,0,0,0
220979610002,4,b2,0,2,57.0,36.549970300896,3,162.21571454304794,2,2,1,162.21571454304794,22097,1.46434272,0,0,0
220510204002,17,b2,0,2,104.0,29.2719860306229,5,109.92981048546196,1,1,2,109.92981048546196,22051,0.05823747,1,1,1
220510239023,20,b2,0,2,59.0,29.2253115942843,5,113.37043354666127,1,1,1,113.37043354666127,22051,0.05823747,1,1,1
221210201003,16,b2,0,2,94.0,33.7166192723964,4,68.84059903059489,2,1,0,68.84059903059489,22121,0.36837128,0,0,1
220979614004,4,b2,0,2,35.0,36.8763977595722,2,170.51029480550366,2,2,1,170.51029480550366,22097,1.46434272,0,0,1
220050310002,23,b2,0,2,154.0,37.4142069871528,3,72.14710091109205,2,1,1,72.14710091109205,22005,0.01186332,1,1,1
221030408022,48,b2,0,2,205.0,30.5227442854411,4,222.05922842632305,1,2,3,222.05922842632305,22103,0.05873937,1,1,0
221030410032,43,b2,0,2,297.0,30.7637092690399,4,222.0903362309525,1,2,3,222.0903362309525,22103,0.05873937,1,1,0
221090007004,17,b2,0,2,161.0,33.8197198488712,3,172.60000610351562,2,2,2,172.60000610351562,22109,0.7674244,1,1,1
221090014002,28,b2,0,2,142.0,35.6584715412984,2,227.5,2,2,1,227.5,22109,0.7674244,1,1,1
221159507022,8,b2,0,2,78.0,36.7159429548713,2,153.40654249851036,2,2,2,153.40654249851036,22115,19.00196373,0,0,0
220599703003,8,b2,0,2,65.0,26.2813236659094,3,202.6999969482422,1,2,0,202.6999969482422,22059,0.0,0,0,0
220290001003,8,b2,0,2,113.0,28.7642571323847,3,60.4636344909668,1,1,0,60.4636344909668,22029,0.00757152,0,0,0
220290002001,4,b2,0,2,72.0,27.855284932748,3,80.5,1,1,1,80.5,22029,0.00757152,0,0,0
220730105043,21,b2,0,2,84.0,22.61650254656,2,103.75562771592423,1,1,2,103.75562771592423,22073,0.0,0,0,0
221030406043,91,b2,0,2,562.0,29.2221644617588,5,106.4000015258789,1,1,2,106.4000015258789,22103,0.05873937,0,1,0
221030407091,55,b2,0,2,262.0,30.8718444580619,4,225.5838552836223,1,2,3,225.5838552836223,22103,0.05873937,1,1,0
221190318002,12,b2,0,2,76.0,34.7330162536822,1,139.15469008257222,2,1,2,139.15469008257222,22119,0.0,0,0,0
220499701002,12,b2,0,2,57.0,29.8246255033493,2,116.86000061035156,1,1,2,116.86000061035156,22049,0.0,0,0,0
220499702004,12,b2,0,2,71.0,29.6390175915856,3,116.6999969482422,1,1,2,116.6999969482422,22049,0.0,0,0,0
220499705001,12,b2,0,2,78.0,29.690024156879,3,125.8000030517578,1,1,2,125.8000030517578,22049,0.0,0,0,0
220499702003,16,b2,0,2,106.0,28.7329504873481,3,128.96665954589844,1,1,2,128.96665954589844,22049,0.0,0,0,0
220499702002,7,b2,0,2,62.0,30.2594164272591,3,124.04999542236328,1,1,3,124.04999542236328,22049,0.0,0,0,0
220499703001,28,b2,0,2,119.0,33.2038267735973,2,125.5,2,1,3,125.5,22049,0.0,0,0,0
220630408063,36,b2,0,2,162.0,35.9819855061397,4,84.9000015258789,2,1,1,84.9000015258789,22063,0.03585767,0,1,1
221059535004,22,b2,0,2,117.0,37.953316233513,3,127.3499984741211,2,1,2,127.3499984741211,22105,0.00826522,0,1,0
220730052043,34,b2,0,2,216.0,22.847725573861,1,104.23192092873938,1,1,2,104.23192092873938,22073,0.0,0,0,0
220730053013,24,b2,0,2,125.0,22.9017003180732,2,104.09643290588174,1,1,2,104.09643290588174,22073,0.0,0,0,0
220730053021,35,b2,0,2,225.0,22.6827007371734,2,103.98400604874963,1,1,2,103.98400604874963,22073,0.0,0,0,0
220730053022,14,b2,0,2,115.0,22.7528921747302,2,105.290732731705,1,1,2,105.290732731705,22073,0.0,0,0,0
220050302033,32,b2,0,2,223.0,35.6038036258699,4,73.5999984741211,2,1,2,73.5999984741211,22005,0.01186332,0,1,1
220050302041,79,b2,0,2,489.0,35.8951690983497,4,58.900001525878906,2,1,0,58.900001525878906,22005,0.01186332,0,1,1
220050302042,28,b2,0,2,252.0,36.5114973443069,4,72.5,2,1,1,72.5,22005,0.01186332,0,1,1
220050302043,47,b2,0,2,276.0,36.8291287694963,4,77.48630585031353,2,1,1,77.48630585031353,22005,0.01186332,0,1,1
220050302051,61,b2,0,2,409.0,36.3957530802309,4,55.79999923706055,2,1,0,55.79999923706055,22005,0.01186332,0,1,1
220050302053,62,b2,0,2,417.0,37.4785208240916,4,52.65315371463583,2,1,0,52.65315371463583,22005,0.01186332,0,1,1
220050302061,62,b2,0,2,332.0,37.1683694812896,4,54.099998474121094,2,1,0,54.099998474121094,22005,0.01186332,0,1,1
220630401002,34,b2,0,2,234.0,35.5635692157941,3,188.3666534423828,2,2,1,188.3666534423828,22063,0.03585767,0,1,1
220630409021,8,b2,0,2,101.0,40.9662974303736,3,158.1999969482422,2,2,1,158.1999969482422,22063,0.03585767,1,1,1
220630405004,35,b2,0,2,330.0,35.4738305155913,4,126.0,2,1,1,126.0,22063,0.03585767,0,1,1
220630401004,34,b2,0,2,262.0,35.9581116831574,3,146.0,2,1,2,146.0,22063,0.03585767,0,1,1
220630408061,15,b2,0,2,101.0,35.80661892032,4,79.75,2,1,1,79.75,22063,0.03585767,0,1,1
220630401001,16,b2,0,2,131.0,37.1245680163865,3,147.5,2,1,2,147.5,22063,0.03585767,0,1,1
220630401003,35,b2,0,2,165.0,35.5265865060617,4,139.5500030517578,2,1,2,139.5500030517578,22063,0.03585767,0,1,1
220630408022,23,b2,0,2,160.0,39.4635838735997,4,142.95001220703125,2,1,2,142.95001220703125,22063,0.03585767,1,1,1
220630409011,27,b2,0,2,206.0,37.302259666835,3,163.8249969482422,2,2,1,163.8249969482422,22063,0.03585767,0,1,1
220630408021,44,b2,0,2,232.0,37.7476985123973,4,115.23333740234376,2,1,2,115.23333740234376,22063,0.03585767,1,1,1
220630409012,31,b2,0,2,176.0,39.192284187434,3,167.97499084472656,2,2,1,167.97499084472656,22063,0.03585767,1,1,1
220630409013,21,b2,0,2,159.0,40.8106096897411,3,127.30001068115234,2,1,3,127.30001068115234,22063,0.03585767,1,1,1
220630402013,15,b2,0,2,202.0,36.0522450816894,4,93.4499969482422,2,1,1,93.4499969482422,22063,0.03585767,0,1,1
220630404021,46,b2,0,2,300.0,36.534866552462,4,121.0999984741211,2,1,1,121.0999984741211,22063,0.03585767,0,1,1
220499704003,24,b2,0,2,121.0,29.4480971745969,3,140.25,1,1,2,140.25,22049,0.0,0,0,0
220630408041,32,b2,0,2,174.0,35.1810775856123,4,78.30000305175781,2,1,2,78.30000305175781,22063,0.03585767,0,1,1
220630409023,13,b2,0,2,134.0,39.4533906660745,3,167.6999969482422,2,2,1,167.6999969482422,22063,0.03585767,1,1,1
220630405002,79,b2,0,2,454.0,33.9674924846993,4,169.10000610351562,2,2,0,169.10000610351562,22063,0.03585767,0,1,1
220499703002,43,b2,0,2,236.0,31.8190833576582,3,138.39566040039062,1,1,2,138.39566040039062,22049,0.0,0,0,0
221059536003,4,b2,0,2,42.0,38.3237825032394,3,169.89999389648438,2,2,0,169.89999389648438,22105,0.00826522,0,1,0
221059547001,31,b2,0,2,132.0,40.5669620045318,3,103.1959321847756,2,1,2,103.1959321847756,22105,0.00826522,1,1,1
221059548001,37,b2,0,2,229.0,28.6845381152015,5,127.16666412353516,1,1,2,127.16666412353516,22105,0.00826522,1,1,1
221059534004,10,b2,0,2,51.0,37.0325706868617,3,141.7467300286664,2,1,2,141.7467300286664,22105,0.00826522,0,1,0
221059538002,18,b2,0,2,131.0,36.8279576277537,3,181.43916025655136,2,2,0,181.43916025655136,22105,0.00826522,0,1,1
221059541013,24,b2,0,2,167.0,36.8250699833301,3,129.8000030517578,2,1,2,129.8000030517578,22105,0.00826522,0,1,1
221059546002,27,b2,0,2,144.0,38.2741019457383,3,97.0,2,1,1,97.0,22105,0.00826522,0,1,0
221059548002,32,b2,0,2,227.0,40.7448418336757,3,108.70617883302008,2,1,1,108.70617883302008,22105,0.00826522,1,1,1
220190033003,13,b2,0,2,108.0,52.943191266874,2,187.1000061035156,2,2,2,187.1000061035156,22019,32.47305225,0,1,0
220050302063,32,b2,0,2,138.0,38.545342359188,4,85.5,2,1,1,85.5,22005,0.01186332,0,1,1
220050303003,78,b2,0,2,443.0,35.4684257128949,4,53.900001525878906,2,1,0,53.900001525878906,22005,0.01186332,0,1,1
220050303002,73,b2,0,2,508.0,37.4936181004783,3,43.5,2,1,0,43.5,22005,0.01186332,0,1,1
220050304012,4,b2,0,2,63.0,38.92939959146,4,78.43060623716576,2,1,1,78.43060623716576,22005,0.01186332,0,1,1
220050304013,8,b2,0,2,91.0,38.2518295997939,4,55.900001525878906,2,1,0,55.900001525878906,22005,0.01186332,0,1,1
220190029001,12,b2,0,2,84.0,51.3867827670993,3,186.5896123782891,2,2,3,186.5896123782891,22019,32.47305225,0,1,0
220190030002,24,b2,0,2,182.0,51.5126259886402,2,187.08439569611704,2,2,3,187.08439569611704,22019,32.47305225,0,1,0
220190031013,16,b2,0,2,160.0,51.5193730250005,2,192.5579478597205,2,2,3,192.5579478597205,22019,32.47305225,0,1,0
220190031021,31,b2,0,2,150.0,51.9291531503919,2,200.58449428965477,2,2,3,200.58449428965477,22019,32.47305225,0,1,0
220050304014,4,b2,0,2,44.0,39.1749280753094,4,78.26142522486599,2,1,1,78.26142522486599,22005,0.01186332,0,1,1
220050304022,15,b2,0,2,158.0,39.1617126471225,4,64.43104750531528,2,1,0,64.43104750531528,22005,0.01186332,0,1,1
220050304023,13,b2,0,2,149.0,38.9557558369544,4,81.60160994250809,2,1,1,81.60160994250809,22005,0.01186332,0,1,1
220190031022,8,b2,0,2,115.0,51.616376768617,2,198.84168303282948,2,2,3,198.84168303282948,22019,32.47305225,0,1,0
220399506001,8,b2,0,2,30.0,34.6895930046096,3,204.12368705951357,2,2,2,204.12368705951357,22039,4.6647587800000005,0,0,0
220050305002,25,b2,0,2,215.0,38.5406119586435,4,155.29293802034152,2,2,1,155.29293802034152,22005,0.01186332,0,1,1
220050305003,56,b2,0,2,292.0,38.8475839790516,4,149.8000030517578,2,1,1,149.8000030517578,22005,0.01186332,0,1,1
221190314002,4,b2,0,2,83.0,33.4187598946574,1,51.38571548461914,2,1,0,51.38571548461914,22119,0.0,0,0,0
221190321001,15,b2,0,2,137.0,34.7281739543404,2,79.74000549316406,2,1,1,79.74000549316406,22119,0.0,0,0,0
221190320004,4,b2,0,2,67.0,34.9689631831089,1,138.56478254264286,2,1,2,138.56478254264286,22119,0.0,0,0,0
221190321002,8,b2,0,2,75.0,34.3441574804524,2,86.7750015258789,2,1,1,86.7750015258789,22119,0.0,0,0,0
221190315001,16,b2,0,2,39.0,31.7499661130169,2,65.36666870117188,1,1,0,65.36666870117188,22119,0.0,0,0,0
221279601001,8,b2,0,2,49.0,29.4662384709786,3,121.92250061035156,1,1,2,121.92250061035156,22127,0.0,0,0,0
221279601004,26,b2,0,2,75.0,33.2994421298967,2,139.41819763183594,2,1,3,139.41819763183594,22127,0.0,0,0,0
220630406001,20,b2,0,2,140.0,33.7910509657936,4,163.00102966956192,2,2,0,163.00102966956192,22063,0.03585767,0,1,1
221030412091,43,b2,0,2,234.0,29.4430871046731,5,96.94810126442567,1,1,2,96.94810126442567,22103,0.05873937,1,1,0
221030412111,55,b2,0,2,360.0,29.5351370353556,5,104.4659114240302,1,1,2,104.4659114240302,22103,0.05873937,1,1,0
220050306002,16,b2,0,2,108.0,37.9240965951739,4,143.2260908213801,2,1,1,143.2260908213801,22005,0.01186332,0,1,1
220050306003,4,b2,0,2,55.0,37.0498711071645,4,149.8000030517578,2,1,2,149.8000030517578,22005,0.01186332,1,1,1
221190316001,17,b2,0,2,67.0,32.1789880191352,2,80.1500015258789,1,1,1,80.1500015258789,22119,0.0,0,0,0
221190315002,27,b2,0,2,113.0,35.1427772645855,1,93.27143096923828,2,1,1,93.27143096923828,22119,0.0,0,0,0
221190312001,4,b2,0,2,78.0,29.8993485155157,2,58.16666793823242,1,1,0,58.16666793823242,22119,0.0,0,0,0
221190314001,12,b2,0,2,100.0,31.017124960204,2,52.44999694824219,1,1,0,52.44999694824219,22119,0.0,0,0,0
221190313001,8,b2,0,2,75.0,30.4220924464269,2,62.599998474121094,1,1,0,62.599998474121094,22119,0.0,0,0,0
220050301021,26,b2,0,2,266.0,38.99330560015,4,107.78734266404862,2,1,1,107.78734266404862,22005,0.01186332,0,1,1
220050309001,12,b2,0,2,59.0,37.1899901520962,3,68.5,2,1,0,68.5,22005,0.01186332,0,1,1
220050304024,16,b2,0,2,124.0,38.8364962600809,4,101.30754171741144,2,1,1,101.30754171741144,22005,0.01186332,0,1,1
220050301022,24,b2,0,2,176.0,39.4147405407142,4,130.0135085951616,2,1,1,130.0135085951616,22005,0.01186332,0,1,1
220190033001,56,b2,0,2,247.0,54.262227480006,2,201.5,2,2,2,201.5,22019,32.47305225,0,1,0
220190034002,96,b2,0,2,433.0,53.6722232728809,3,154.8000030517578,2,2,2,154.8000030517578,22019,32.47305225,0,1,0
220190019032,13,b2,0,2,88.0,56.0500820359777,3,222.83921767528992,2,2,3,222.83921767528992,22019,32.47305225,0,1,0
220550017002,5,b2,0,2,86.0,37.1953723251593,3,150.93488924108036,2,2,2,150.93488924108036,22055,1.5760870500000002,0,0,1
220090305006,19,b2,0,2,130.0,34.4929197827955,3,153.45001220703125,2,2,1,153.45001220703125,22009,1.52021072,0,0,0
220090305004,8,b2,0,2,79.0,33.3721601658945,2,154.10000610351562,2,2,1,154.10000610351562,22009,1.52021072,0,0,0
220090306001,16,b2,0,2,74.0,33.8154437338106,3,155.36666870117188,2,2,1,155.36666870117188,22009,1.52021072,0,0,0
220090307001,20,b2,0,2,91.0,34.4678992199279,3,154.63333129882812,2,2,1,154.63333129882812,22009,1.52021072,0,0,1
220090308002,16,b2,0,2,84.0,34.5658990688334,2,145.28334045410156,2,1,2,145.28334045410156,22009,1.52021072,0,0,1
221190313002,4,b2,0,2,50.0,30.2890734873976,2,60.3167518735308,1,1,0,60.3167518735308,22119,0.0,0,0,0
221190313003,12,b2,0,2,48.0,30.1696522269233,2,59.6526548945204,1,1,0,59.6526548945204,22119,0.0,0,0,0
221190315003,30,b2,0,2,79.0,35.246847044013,1,71.5,2,1,1,71.5,22119,0.0,0,0,0
220090309002,16,b2,0,2,162.0,33.2527267410124,2,122.10713958740234,2,1,2,122.10713958740234,22009,1.52021072,0,0,1
220090304001,50,b2,0,2,311.0,32.1919011716748,3,134.5,1,1,2,134.5,22009,1.52021072,0,0,0
221010410002,12,b2,0,2,79.0,31.7796781941398,5,96.5,1,1,2,96.5,22101,0.68496657,1,1,1
221279604001,5,b2,0,2,48.0,33.8677132739562,2,162.3640652086362,2,2,2,162.3640652086362,22127,0.0,0,0,0
221279601002,23,b2,0,2,130.0,33.4044516991954,2,150.2052764892578,2,2,2,150.2052764892578,22127,0.0,0,0,0
221279603004,12,b2,0,2,50.0,32.8635031014444,3,163.4710850620974,1,2,2,163.4710850620974,22127,0.0,0,0,0
221279604002,12,b2,0,2,34.0,33.6663370581256,2,161.2481509775293,2,2,2,161.2481509775293,22127,0.0,0,0,0
221279601003,6,b2,0,2,49.0,32.8790073142178,3,199.9090881347656,1,2,2,199.9090881347656,22127,0.0,0,0,0
221279602002,28,b2,0,2,65.0,35.4005773760154,2,184.0636444091797,2,2,1,184.0636444091797,22127,0.0,0,0,0
221279603001,25,b2,0,2,57.0,32.645547280751,3,164.24758286019772,1,2,2,164.24758286019772,22127,0.0,0,0,0
221279602001,10,b2,0,2,77.0,30.6381028366573,3,182.6052703857422,1,2,1,182.6052703857422,22127,0.0,0,0,0
220479529004,8,b2,0,2,64.0,33.3091188472094,4,69.45882415771484,2,1,0,69.45882415771484,22047,0.33403865,1,1,1
220479532002,16,b2,0,2,96.0,34.5841924597493,4,47.94999694824219,2,1,0,47.94999694824219,22047,0.33403865,0,1,1
221279603003,12,b2,0,2,72.0,33.0711577601865,2,162.89999389648438,2,2,2,162.89999389648438,22127,0.0,0,0,0
221279602004,45,b2,0,2,161.0,33.2888084013183,2,177.60910034179688,2,2,2,177.60910034179688,22127,0.0,0,0,0
221190317001,4,b2,0,2,56.0,34.8904780382339,1,128.2956550428264,2,1,2,128.2956550428264,22119,0.0,0,0,0
221190317003,16,b2,0,2,88.0,35.5969418956002,1,138.39999389648438,2,1,2,138.39999389648438,22119,0.0,0,0,0
221190318001,4,b2,0,2,70.0,34.5161852525766,1,131.5,2,1,2,131.5,22119,0.0,0,0,0
220190025001,12,b2,0,2,125.0,51.3418488368188,2,277.79998779296875,2,2,1,277.79998779296875,22019,32.47305225,0,1,0
220190019043,61,b2,0,2,310.0,55.6810146862266,4,206.32280785606855,2,2,3,206.32280785606855,22019,32.47305225,0,1,0
220190019031,39,b2,0,2,268.0,56.602722149009,3,212.3999938964844,2,2,3,212.3999938964844,22019,32.47305225,0,1,0
220190014006,21,b2,0,2,81.0,52.237670200322,2,286.3264599634873,2,2,1,286.3264599634873,22019,32.47305225,0,1,0
220190018013,61,b2,0,2,189.0,57.0599867004409,3,203.7450013282541,2,2,2,203.7450013282541,22019,32.47305225,0,1,0
220190022041,26,b2,0,2,155.0,49.7897130178941,2,310.1000061035156,2,2,1,310.1000061035156,22019,32.47305225,0,1,0
220190018014,45,b2,0,2,136.0,56.7885632685643,4,199.94866543041795,2,2,2,199.94866543041795,22019,32.47305225,0,1,0
220190007003,8,b2,0,2,79.0,53.5467606647859,3,216.14149627535383,2,2,2,216.14149627535383,22019,32.47305225,0,1,0
221190320001,13,b2,0,2,93.0,34.5640921112538,1,141.27833383193968,2,1,2,141.27833383193968,22119,0.0,0,0,0
221190320003,21,b2,0,2,127.0,34.7879020872966,1,150.8000030517578,2,2,1,150.8000030517578,22119,0.0,0,0,0
221190320002,12,b2,0,2,105.0,35.9314055706577,1,125.5,2,1,2,125.5,22119,0.0,0,0,0
221190321005,35,b2,0,2,193.0,35.6527522745348,1,124.1999969482422,2,1,2,124.1999969482422,22119,0.0,0,0,0
220710054003,8,b2,0,2,39.0,29.9388196489429,5,130.33587528469732,1,1,5,130.33587528469732,22071,0.06577263,1,1,1
220710056022,16,b2,0,2,57.0,29.9145522423023,5,105.49794119137476,1,1,2,105.49794119137476,22071,0.06577263,1,1,1
220710134001,24,b2,0,2,771.0,30.1040399133699,5,133.8228069258505,1,1,4,133.8228069258505,22071,0.06577263,1,1,1
220710134002,45,b2,0,2,494.0,30.0335321285663,5,149.2129553853829,1,1,5,149.2129553853829,22071,0.06577263,1,1,1
220710139001,4,b2,0,2,38.0,30.0422100203402,5,144.01540240581485,1,1,4,144.01540240581485,22071,0.06577263,1,1,1
220710076061,13,b2,0,2,99.0,29.8396081946988,5,98.8000030517578,1,1,2,98.8000030517578,22071,0.06577263,1,1,1
220710076063,8,b2,0,2,100.0,29.828583018048,5,100.79975093912093,1,1,3,100.79975093912093,22071,0.06577263,1,1,1
220710076041,12,b2,0,2,104.0,29.8240571504965,5,101.66458184615136,1,1,5,101.66458184615136,22071,0.06577263,1,1,1
220190021002,16,b2,0,2,134.0,50.323147748294,2,336.38061449081397,2,2,0,336.38061449081397,22019,32.47305225,0,1,0
220190017004,31,b2,0,2,158.0,48.1958703440665,2,266.46002197265625,2,2,1,266.46002197265625,22019,32.47305225,1,1,0
220050306001,66,b2,0,2,476.0,38.2680318281917,3,102.0666732788086,2,1,1,102.0666732788086,22005,0.01186332,0,1,1
220710133022,16,b2,0,2,53.0,30.0179908793249,5,111.4549100005406,1,1,3,111.4549100005406,22071,0.06577263,1,1,1
220710111001,8,b2,0,2,76.0,29.8826048887736,5,155.93133146153934,1,2,3,155.93133146153934,22071,0.06577263,1,1,1
220190019042,4,b2,0,2,120.0,55.5566137533667,4,219.2791664254164,2,2,2,219.2791664254164,22019,32.47305225,0,1,0
220190027001,47,b2,0,2,220.0,52.9037770708905,2,190.5500030517578,2,2,3,190.5500030517578,22019,32.47305225,0,1,0
220190005002,8,b2,0,2,45.0,53.4183706641729,3,248.2163294860385,2,2,1,248.2163294860385,22019,32.47305225,0,1,0
220210001003,12,b2,0,2,63.0,23.5284920139477,1,213.93637084960935,1,2,0,213.93637084960935,22021,0.0,0,0,0
220210003002,16,b2,0,2,82.0,24.5370276328021,2,200.90769958496097,1,2,0,200.90769958496097,22021,0.0,0,0,0
220210002003,22,b2,0,2,161.0,25.5656631474225,1,257.3500061035156,1,2,0,257.3500061035156,22021,0.0,0,0,0
220850005001,12,b2,0,2,47.0,44.4623280236607,3,180.8999938964844,2,2,1,180.8999938964844,22085,0.0,0,0,0
220190015002,8,b2,0,2,37.0,51.8740900107422,2,279.2024815120951,2,2,1,279.2024815120951,22019,32.47305225,0,1,0
220210003001,8,b2,0,2,78.0,24.5494075002583,2,187.125,1,2,0,187.125,22021,0.0,0,0,0
220210001002,4,b2,0,2,40.0,22.1520885107798,2,205.8000030517578,1,2,0,205.8000030517578,22021,0.0,0,0,0
220210003003,23,b2,0,2,116.0,25.3703996646303,1,236.1999969482422,1,2,0,236.1999969482422,22021,0.0,0,0,0
220210001001,13,b2,0,2,83.0,26.153087132794,1,212.93846130371097,1,2,0,212.93846130371097,22021,0.0,0,0,0
220850004001,4,b2,0,2,79.0,43.1983262774404,3,153.36154174804688,2,2,2,153.36154174804688,22085,0.0,0,0,0
220850006003,8,b2,0,2,86.0,43.1143792381578,3,171.1333465576172,2,2,1,171.1333465576172,22085,0.0,0,0,0
220690003002,4,b2,0,2,85.0,42.8465263780453,3,206.1333465576172,2,2,3,206.1333465576172,22069,0.0,0,0,0
220690006001,9,b2,0,2,76.0,33.5200012913495,3,143.39999389648438,2,1,3,143.39999389648438,22069,0.0,0,0,0
220690009002,20,b2,0,2,150.0,33.703574506219,3,118.5785675048828,2,1,2,118.5785675048828,22069,0.0,0,0,0
220690008002,4,b2,0,2,74.0,30.2872773857366,4,153.39999389648438,1,2,2,153.39999389648438,22069,0.0,0,0,0
220190005001,24,b2,0,2,184.0,52.8047040125491,2,229.0,2,2,2,229.0,22019,32.47305225,0,1,0
220850006002,10,b2,0,2,97.0,43.4376818089019,3,159.35833740234375,2,2,1,159.35833740234375,22085,0.0,0,0,0
220850002002,20,b2,0,2,98.0,40.6366499350224,3,187.43499755859375,2,2,2,187.43499755859375,22085,0.0,0,0,0
220850001001,10,b2,0,2,78.0,41.6457633851845,3,179.13999938964844,2,2,1,179.13999938964844,22085,0.0,0,0,0
220850006001,4,b2,0,2,82.0,42.825572980209,3,170.36666870117188,2,2,1,170.36666870117188,22085,0.0,0,0,0
220850004004,9,b2,0,2,80.0,42.6860891693734,3,181.1499938964844,2,2,1,181.1499938964844,22085,0.0,0,0,0
220850002003,11,b2,0,2,115.0,41.880323012243,3,205.25,2,2,2,205.25,22085,0.0,0,0,0
220619604003,4,b2,0,2,102.0,29.0662781281713,3,109.8268323338143,1,1,2,109.8268323338143,22061,0.0,0,0,0
220190018012,40,b2,0,2,163.0,56.5758250722489,3,187.0,2,2,1,187.0,22019,32.47305225,0,1,0
221210203004,12,b2,0,2,91.0,34.0805868162201,4,65.0999984741211,2,1,0,65.0999984741211,22121,0.36837128,0,0,1
220190030003,29,b2,0,2,139.0,51.6257658242507,2,190.0628500629392,2,2,3,190.0628500629392,22019,32.47305225,0,1,0
220190011003,12,b2,0,2,66.0,55.7317199370098,3,245.04018445942305,2,2,2,245.04018445942305,22019,32.47305225,0,1,0
220190027002,26,b2,0,2,130.0,52.9563085513577,2,200.5500030517578,2,2,3,200.5500030517578,22019,32.47305225,0,1,0
221090015003,68,b2,0,2,229.0,43.5894064216127,2,192.2816955700021,2,2,0,192.2816955700021,22109,0.7674244,1,1,1
220190030004,12,b2,0,2,122.0,51.9153796557715,2,186.97223569513136,2,2,3,186.97223569513136,22019,32.47305225,0,1,0
220190029002,26,b2,0,2,119.0,51.546681392781,3,186.33343042552133,2,2,3,186.33343042552133,22019,32.47305225,0,1,0
220190031011,35,b2,0,2,182.0,52.0636835200233,2,191.81622965533825,2,2,3,191.81622965533825,22019,32.47305225,0,1,0
220190031012,24,b2,0,2,127.0,52.2190831311673,2,197.7080912342905,2,2,3,197.7080912342905,22019,32.47305225,0,1,0
220190033002,26,b2,0,2,175.0,54.5825610452876,2,173.3000030517578,2,2,2,173.3000030517578,22019,32.47305225,0,1,0
221090015004,66,b2,0,2,202.0,34.1386763837813,3,174.00899167639236,2,2,1,174.00899167639236,22109,0.7674244,1,1,1
221090001014,22,b2,0,2,110.0,40.7263054253537,3,111.49376615051564,2,1,2,111.49376615051564,22109,0.7674244,1,1,1
221090001013,44,b2,0,2,146.0,41.0234017573377,3,101.8000030517578,2,1,2,101.8000030517578,22109,0.7674244,1,1,1
221090004013,33,b2,0,2,117.0,34.2861470516392,3,164.51068452452677,2,2,1,164.51068452452677,22109,0.7674244,1,1,1
221090013002,87,b2,0,2,322.0,34.1198837548509,3,184.8999938964844,2,2,1,184.8999938964844,22109,0.7674244,1,1,1
221090011003,12,b2,0,2,100.0,36.0875183837596,3,91.10694885253906,2,1,3,91.10694885253906,22109,0.7674244,1,1,1
221090012022,35,b2,0,2,130.0,34.651369806971,2,123.13999938964844,2,1,2,123.13999938964844,22109,0.7674244,1,1,1
221090016002,15,b2,0,2,104.0,42.0425628866142,3,74.13076782226562,2,1,1,74.13076782226562,22109,0.7674244,1,1,1
221090017004,100,b2,0,2,326.0,34.2038799726844,3,176.62703205840975,2,2,2,176.62703205840975,22109,0.7674244,1,1,1
220619610002,7,b2,0,2,119.0,29.1962747585281,3,124.33333587646484,1,1,2,124.33333587646484,22061,0.0,0,0,0
220290003002,17,b2,0,2,153.0,27.9284186519194,3,73.82031006792256,1,1,1,73.82031006792256,22029,0.00757152,0,0,0
220619602001,19,b2,0,2,118.0,30.0828480224403,3,105.9875030517578,1,1,1,105.9875030517578,22061,0.0,0,0,0
220619607002,30,b2,0,2,112.0,29.9494382875041,2,129.75,1,1,2,129.75,22061,0.0,0,0,0
220619606003,16,b2,0,2,189.0,28.1030245934236,2,109.5999984741211,1,1,2,109.5999984741211,22061,0.0,0,0,0
220619604001,29,b2,0,2,195.0,28.1161877264288,3,108.94435288870729,1,1,2,108.94435288870729,22061,0.0,0,0,0
220619606001,22,b2,0,2,168.0,27.8067459818465,2,121.20000457763672,1,1,2,121.20000457763672,22061,0.0,0,0,0
220510279011,4,b2,0,2,65.0,36.6316385598319,4,93.9000015258789,2,1,5,93.9000015258789,22051,0.05823747,1,1,1
220510203012,43,b2,0,2,156.0,29.3283285565006,5,98.57700080539848,1,1,3,98.57700080539848,22051,0.05823747,1,1,1
220510205172,20,b2,0,2,141.0,28.9784093311284,5,137.14097362637418,1,1,3,137.14097362637418,22051,0.05823747,1,1,1
220510203021,12,b2,0,2,82.0,29.4611189438305,5,95.2916059590282,1,1,3,95.2916059590282,22051,0.05823747,1,1,1
220510205142,10,b2,0,2,99.0,29.2338348647099,5,111.2073543618396,1,1,2,111.2073543618396,22051,0.05823747,1,1,1
220510216001,4,b2,0,2,63.0,29.4187198525656,5,100.83823105751,1,1,2,100.83823105751,22051,0.05823747,1,1,1
221210203003,30,b2,0,2,106.0,35.1159665350258,4,62.70000076293945,2,1,0,62.70000076293945,22121,0.36837128,0,0,1
221210204021,28,b2,0,2,263.0,34.945547275698,4,68.9000015258789,2,1,0,68.9000015258789,22121,0.36837128,0,0,1
221210204022,25,b2,0,2,238.0,35.1567072749372,4,57.400001525878906,2,1,0,57.400001525878906,22121,0.36837128,0,0,1
220870302073,13,b2,0,2,76.0,31.2954361538797,5,95.76395205683232,1,1,3,95.76395205683232,22087,1.14608952,1,1,0
220870302034,4,b2,0,2,46.0,30.6124770545669,5,93.9451679279037,1,1,3,93.9451679279037,22087,1.14608952,1,1,0
220870302044,13,b2,0,2,33.0,32.114694449037,5,110.7141084482204,1,1,3,110.7141084482204,22087,1.14608952,1,1,0
220870302061,16,b2,0,2,109.0,31.4336242984477,5,97.1428481000208,1,1,3,97.1428481000208,22087,1.14608952,1,1,0
220870302062,13,b2,0,2,74.0,31.1269306595665,5,96.9239837252403,1,1,3,96.9239837252403,22087,1.14608952,1,1,0
220870302071,7,b2,0,2,73.0,30.8625618591791,5,94.5999984741211,1,1,3,94.5999984741211,22087,1.14608952,1,1,0
220870302072,39,b2,0,2,138.0,31.0575212434081,5,95.58197386917456,1,1,3,95.58197386917456,22087,1.14608952,1,1,0
220870302082,32,b2,0,2,185.0,31.7279776827771,5,106.418291414246,1,1,3,106.418291414246,22087,1.14608952,1,1,0
220870302091,5,b2,0,2,45.0,30.9963493980002,5,99.84348267992893,1,1,3,99.84348267992893,22087,1.14608952,1,1,0
220870302092,20,b2,0,2,88.0,31.1793915438053,5,105.0999984741211,1,1,3,105.0999984741211,22087,1.14608952,1,1,0
220870302093,10,b2,0,2,75.0,31.3580511818287,5,106.3316424437395,1,1,3,106.3316424437395,22087,1.14608952,1,1,0
220870303001,8,b2,0,2,71.0,30.3697587364258,5,89.13905737490009,1,1,4,89.13905737490009,22087,1.14608952,1,1,0
220510242022,16,b2,0,2,224.0,29.3971038575524,5,104.13587141687822,1,1,2,104.13587141687822,22051,0.05823747,1,1,1
220510205023,38,b2,0,2,172.0,29.1549213152159,5,118.92075704319306,1,1,2,118.92075704319306,22051,0.05823747,1,1,1
220510205071,21,b2,0,2,174.0,29.0611742556575,5,126.6886514892991,1,1,3,126.6886514892991,22051,0.05823747,1,1,1
220510242021,12,b2,0,2,166.0,29.3935287351794,5,103.78254498238216,1,1,3,103.78254498238216,22051,0.05823747,1,1,1
220510241002,20,b2,0,2,141.0,29.3024295548909,5,108.74179927258838,1,1,2,108.74179927258838,22051,0.05823747,1,1,1
220510205081,32,b2,0,2,164.0,28.9776359333854,5,139.5151795322173,1,1,3,139.5151795322173,22051,0.05823747,1,1,1
220510211001,8,b2,0,2,34.0,29.0979733464141,5,123.78940293562002,1,1,2,123.78940293562002,22051,0.05823747,1,1,1
220510223021,6,b2,0,2,68.0,29.7777415338796,5,101.74371314362806,1,1,3,101.74371314362806,22051,0.05823747,1,1,1
220510212001,19,b2,0,2,78.0,29.1198483414517,5,121.6598724904062,1,1,2,121.6598724904062,22051,0.05823747,1,1,1
220019605003,34,b2,0,2,227.0,39.7123791027987,4,141.4499969482422,2,1,2,141.4499969482422,22001,7.86402276,0,0,1
220530005003,20,b2,0,2,137.0,41.1595582273706,2,219.32929926212395,2,2,3,219.32929926212395,22053,34.29631719,0,1,0
220190022033,38,b2,0,2,146.0,48.2128475486595,2,267.13239187996356,2,2,0,267.13239187996356,22019,32.47305225,0,1,0
220190022031,43,b2,0,2,218.0,47.7092235479626,2,214.3000030517578,2,2,0,214.3000030517578,22019,32.47305225,0,1,0
221159509002,38,b2,0,2,211.0,43.343543327975,2,140.5500030517578,2,1,4,140.5500030517578,22115,19.00196373,0,0,0
220330035063,8,b2,0,2,59.0,31.3306227592138,5,156.10513064779033,1,2,0,156.10513064779033,22033,0.02202799,0,0,1
220330038041,4,b2,0,2,128.0,32.3882784202459,6,123.5999984741211,1,1,1,123.5999984741211,22033,0.02202799,0,0,1
220330038043,12,b2,0,2,251.0,32.6755913205233,6,106.78185516738776,1,1,1,106.78185516738776,22033,0.02202799,0,0,1
220330038051,15,b2,0,2,53.0,32.2303984705646,6,123.12177674967954,1,1,1,123.12177674967954,22033,0.02202799,0,0,1
220330038052,11,b2,0,2,86.0,32.4547151734278,6,106.01465312872736,1,1,1,106.01465312872736,22033,0.02202799,0,0,1
220330042054,8,b2,0,2,93.0,31.2204089172748,4,201.3107950699984,1,2,0,201.3107950699984,22033,0.02202799,0,0,1
220330032021,12,b2,0,2,59.0,30.6984582185781,4,201.79799001901432,1,2,0,201.79799001901432,22033,0.02202799,0,0,1
220330011022,16,b2,0,2,107.0,32.1114985914209,5,144.64401479368675,1,1,1,144.64401479368675,22033,0.02202799,0,0,1
220330011032,12,b2,0,2,75.0,32.6002385391693,4,132.68959442073117,1,1,1,132.68959442073117,22033,0.02202799,0,0,1
220119606003,8,b2,0,2,65.0,55.0399954175099,2,179.4895782470703,2,2,1,179.4895782470703,22011,30.17836803,0,0,0
220119601003,12,b2,0,2,85.0,44.8250862689224,3,216.36154174804688,2,2,1,216.36154174804688,22011,30.17836803,0,0,0
220119605002,9,b2,0,2,134.0,54.1083462304114,3,179.64356471046636,2,2,2,179.64356471046636,22011,30.17836803,0,0,0
220119601002,26,b2,0,2,119.0,42.9161567463601,3,234.18182373046875,2,2,1,234.18182373046875,22011,30.17836803,0,0,0
220019612003,4,b2,0,2,54.0,39.0644085860547,4,162.9399871826172,2,2,2,162.9399871826172,22001,7.86402276,0,0,0
220019608004,12,b2,0,2,91.0,34.8386451126135,3,143.25994041636883,2,1,3,143.25994041636883,22001,7.86402276,0,0,0
220019612001,13,b2,0,2,108.0,37.0241193766589,3,141.625,2,1,2,141.625,22001,7.86402276,0,0,0
220019604001,43,b2,0,2,216.0,35.8273651565918,2,155.3000030517578,2,2,1,155.3000030517578,22001,7.86402276,0,0,0
220019601004,8,b2,0,2,111.0,39.9350066987192,3,199.1000061035156,2,2,1,199.1000061035156,22001,7.86402276,0,0,1
220019603002,39,b2,0,2,171.0,36.7678919036741,2,188.27999877929688,2,2,2,188.27999877929688,22001,7.86402276,0,0,0
220019607001,12,b2,0,2,85.0,37.5385643786934,3,149.04124781747743,2,1,2,149.04124781747743,22001,7.86402276,0,0,0
220019611002,21,b2,0,2,94.0,40.5970573528707,3,231.0666656494141,2,2,3,231.0666656494141,22001,7.86402276,0,0,0
220019602003,18,b2,0,2,137.0,35.4806647524032,2,154.9166717529297,2,2,1,154.9166717529297,22001,7.86402276,0,0,0
220019604004,15,b2,0,2,173.0,37.3056182311201,3,162.78750610351562,2,2,2,162.78750610351562,22001,7.86402276,0,0,0
220019604003,10,b2,0,2,93.0,34.5999063057625,3,171.40000915527344,2,2,2,171.40000915527344,22001,7.86402276,0,0,0
220019602002,39,b2,0,2,170.0,34.5434008399922,3,170.33999633789062,2,2,1,170.33999633789062,22001,7.86402276,0,0,0
220019612002,10,b2,0,2,97.0,35.5319181072484,4,145.25,2,1,3,145.25,22001,7.86402276,0,0,0
220019603001,14,b2,0,2,92.0,35.393031509216,3,193.8000030517578,2,2,2,193.8000030517578,22001,7.86402276,0,0,0
220019608001,34,b2,0,2,249.0,35.6168760516137,3,144.5,2,1,2,144.5,22001,7.86402276,0,0,0
220019605002,9,b2,0,2,122.0,38.0566388215189,3,158.27499389648438,2,2,1,158.27499389648438,22001,7.86402276,0,0,0
220019602001,40,b2,0,2,232.0,38.2416105825339,2,161.90000915527344,2,2,1,161.90000915527344,22001,7.86402276,0,0,0
220019611003,15,b2,0,2,85.0,40.6899223144673,3,209.3333282470703,2,2,3,209.3333282470703,22001,7.86402276,0,0,0
220019606002,20,b2,0,2,101.0,38.0861238696481,3,146.54294844205697,2,1,2,146.54294844205697,22001,7.86402276,0,0,0
220019601005,16,b2,0,2,101.0,39.1297748988755,3,185.303022330226,2,2,1,185.303022330226,22001,7.86402276,0,0,1
220019603003,16,b2,0,2,116.0,40.0792436644729,3,202.67498779296875,2,2,3,202.67498779296875,22001,7.86402276,0,0,0
220019604002,4,b2,0,2,140.0,34.2871031246356,2,169.5,2,2,1,169.5,22001,7.86402276,0,0,0
220019605001,34,b2,0,2,218.0,39.7525286032056,3,176.55999755859375,2,2,1,176.55999755859375,22001,7.86402276,0,0,1
220019606001,48,b2,0,2,186.0,39.0254866307033,4,143.1999969482422,2,1,2,143.1999969482422,22001,7.86402276,0,0,0
220019606003,18,b2,0,2,112.0,38.1864030051593,3,146.8433810156428,2,1,2,146.8433810156428,22001,7.86402276,0,0,0
220019606004,8,b2,0,2,47.0,38.0298620741011,3,145.4367604221214,2,1,2,145.4367604221214,22001,7.86402276,0,0,0
220019606005,12,b2,0,2,74.0,37.9788532531381,3,148.19817200865907,2,1,2,148.19817200865907,22001,7.86402276,0,0,0
220019607003,8,b2,0,2,51.0,37.7868973604596,3,147.06788455428634,2,1,2,147.06788455428634,22001,7.86402276,0,0,0
220019608002,4,b2,0,2,102.0,34.6879329506177,4,144.2512654587702,2,1,3,144.2512654587702,22001,7.86402276,0,0,0
220019608003,4,b2,0,2,69.0,34.6656809522965,4,143.29320415063827,2,1,3,143.29320415063827,22001,7.86402276,0,0,0
220019609001,19,b2,0,2,156.0,35.4804388924485,4,137.09974233156126,2,1,3,137.09974233156126,22001,7.86402276,0,0,0
220250003002,17,b2,0,2,152.0,28.1377651295004,3,187.1555633544922,1,2,0,187.1555633544922,22025,0.01476176,0,0,0
220450301003,7,b2,0,2,79.0,32.9387466260695,5,86.7728113642175,1,1,2,86.7728113642175,22045,3.09661809,1,1,1
220510216003,26,b2,0,2,135.0,29.297692505875,5,104.61869484888878,1,1,2,104.61869484888878,22051,0.05823747,1,1,1
220730055003,12,b2,0,2,116.0,22.7859374566957,2,108.63334543644775,1,1,2,108.63334543644775,22073,0.0,0,0,0
220019610005,8,b2,0,2,53.0,35.3003404591963,4,135.91320965648518,2,1,3,135.91320965648518,22001,7.86402276,0,0,0
220019611001,14,b2,0,2,109.0,38.6271201675132,3,181.8999938964844,2,2,2,181.8999938964844,22001,7.86402276,0,0,0
220730108001,48,b2,0,2,276.0,22.8295383056147,2,114.82153532838002,1,1,2,114.82153532838002,22073,0.0,0,0,0
220730107002,8,b2,0,2,56.0,22.6133269094763,1,121.37039230007242,1,1,1,121.37039230007242,22073,0.0,0,0,0
220070503002,4,b2,0,2,65.0,39.603522335728,3,49.473892901148766,2,1,0,49.473892901148766,22007,0.2395300699999999,1,1,1
220330046032,28,b2,0,2,150.0,31.7767431891354,5,159.69618975551043,1,2,0,159.69618975551043,22033,0.02202799,0,0,1
220330040162,35,b2,0,2,416.0,33.4203095546734,4,59.10000228881836,2,1,0,59.10000228881836,22033,0.02202799,0,0,1
220330038053,43,b2,0,2,461.0,32.6136066041746,6,103.38089617724572,1,1,1,103.38089617724572,22033,0.02202799,0,0,1
221139504001,8,b2,0,2,101.0,35.4362939612557,3,133.0,2,1,4,133.0,22113,12.34417553,0,1,0
220330040144,19,b2,0,2,182.0,34.8061897176256,4,68.4000015258789,2,1,0,68.4000015258789,22033,0.02202799,0,0,1
220330040064,28,b2,0,2,133.0,32.9511727208751,6,74.58758627213642,1,1,1,74.58758627213642,22033,0.02202799,0,0,1
221139504002,21,b2,0,2,92.0,35.8608049836291,3,131.89999389648438,2,1,4,131.89999389648438,22113,12.34417553,0,1,0
221070001002,16,b2,0,2,201.0,22.5199724871644,1,82.125,1,1,1,82.125,22107,0.00855829,0,0,0
220139704002,27,b2,0,2,80.0,26.6786877470183,3,101.3166732788086,1,1,2,101.3166732788086,22013,0.0,0,0,0
220139705003,9,b2,0,2,30.0,29.4486731226029,3,98.07333374023438,1,1,2,98.07333374023438,22013,0.0,0,0,0
220139703002,4,b2,0,2,71.0,36.9046349863229,2,85.69999694824219,2,1,2,85.69999694824219,22013,0.0,0,0,0
220139701001,4,b2,0,2,55.0,29.988992371858,3,100.3239009465499,1,1,1,100.3239009465499,22013,0.0,0,0,0
220139705002,4,b2,0,2,37.0,28.5269738272355,3,114.16316223144533,1,1,3,114.16316223144533,22013,0.0,0,0,0
220330044023,20,b2,0,2,144.0,31.0437044362694,4,188.34809141732316,1,2,0,188.34809141732316,22033,0.02202799,0,0,1
220330040103,8,b2,0,2,51.0,33.2607968294649,5,72.78820360301684,2,1,1,72.78820360301684,22033,0.02202799,0,0,1
220330045041,30,b2,0,2,125.0,33.5418247077462,4,136.0,2,1,1,136.0,22033,0.02202799,0,0,1
220790115004,4,b2,0,2,80.0,29.9107681669108,3,231.3911609145273,1,2,1,231.3911609145273,22079,4.49269524,0,0,0
220119603001,8,b2,0,2,52.0,39.9172994277548,2,149.5,2,1,3,149.5,22011,30.17836803,0,0,0
220119601004,12,b2,0,2,81.0,48.1383259910106,3,320.2533264160156,2,2,1,320.2533264160156,22011,30.17836803,0,0,0
220119607001,16,b2,0,2,158.0,55.1204863497115,3,173.3638916015625,2,2,2,173.3638916015625,22011,30.17836803,0,0,0
220119607002,29,b2,0,2,196.0,43.5734108323115,2,257.1142883300781,2,2,2,257.1142883300781,22011,30.17836803,0,0,0
220170253001,24,b2,0,2,385.0,31.6364201798792,2,39.959261995112406,1,1,0,39.959261995112406,22017,0.0,0,0,0
220379516001,13,b2,0,2,117.0,29.0575461379669,5,158.73001098632812,1,2,0,158.73001098632812,22037,0.25808331,0,0,1
220379516004,4,b2,0,2,65.0,26.8404882954353,4,189.1000061035156,1,2,0,189.1000061035156,22037,0.25808331,0,0,1
220379516003,8,b2,0,2,55.0,27.5867452374982,4,213.66000366210935,1,2,0,213.66000366210935,22037,0.25808331,0,0,1
220379513002,8,b2,0,2,34.0,27.3737077220891,4,151.41429138183594,1,2,0,151.41429138183594,22037,0.25808331,0,0,1
220330045102,50,b2,0,2,275.0,35.3986455060892,4,80.71641083397539,2,1,1,80.71641083397539,22033,0.02202799,0,0,1
220330046042,15,b2,0,2,113.0,31.0711281853191,4,207.705487436578,1,2,0,207.705487436578,22033,0.02202799,0,0,1
220119604001,16,b2,0,2,80.0,38.3476149749669,3,172.89999389648438,2,2,1,172.89999389648438,22011,30.17836803,0,0,0
220119604002,4,b2,0,2,66.0,38.7881445103677,3,167.31159987237072,2,2,2,167.31159987237072,22011,30.17836803,0,0,0
220119603003,27,b2,0,2,214.0,39.2482513228129,2,149.7209296914778,2,1,3,149.7209296914778,22011,30.17836803,0,0,0
220119604003,8,b2,0,2,63.0,38.6923088056396,3,171.8000030517578,2,2,2,171.8000030517578,22011,30.17836803,0,0,0
220119605001,20,b2,0,2,122.0,51.4457846267417,2,144.39999389648438,2,1,4,144.39999389648438,22011,30.17836803,0,0,0
220119605003,31,b2,0,2,111.0,53.1010631681895,3,203.0,2,2,2,203.0,22011,30.17836803,0,0,0
220330030003,30,b2,0,2,164.0,33.0242333009631,3,113.5,2,1,1,113.5,22033,0.02202799,0,0,1
220330039063,37,b2,0,2,205.0,33.8616080531619,4,98.15168834354988,2,1,1,98.15168834354988,22033,0.02202799,0,0,1
220330038012,16,b2,0,2,192.0,32.7421796808853,5,114.76553714741256,1,1,1,114.76553714741256,22033,0.02202799,0,0,1
220330045081,19,b2,0,2,194.0,35.1668343355439,4,95.47204976539376,2,1,1,95.47204976539376,22033,0.02202799,0,0,1
220330046043,63,b2,0,2,275.0,31.3558339100353,4,187.6000061035156,1,2,0,187.6000061035156,22033,0.02202799,0,0,1
220330046045,36,b2,0,2,214.0,30.7025023915085,4,208.3000030517578,1,2,0,208.3000030517578,22033,0.02202799,0,0,1
220330046033,22,b2,0,2,143.0,31.6155159978223,5,124.73333740234376,1,1,1,124.73333740234376,22033,0.02202799,0,0,1
220330040112,54,b2,0,2,535.0,33.9843796059224,4,60.04999923706055,2,1,0,60.04999923706055,22033,0.02202799,0,0,1
220330044021,12,b2,0,2,138.0,31.6832250266491,5,200.8666277994519,1,2,1,200.8666277994519,22033,0.02202799,0,0,1
220330046044,25,b2,0,2,137.0,30.7417399659845,4,220.4402887984054,1,2,0,220.4402887984054,22033,0.02202799,0,0,1
221139510021,11,b2,0,2,59.0,41.7765685981181,3,196.8333282470703,2,2,2,196.8333282470703,22113,12.34417553,1,1,0
221139502001,16,b2,0,2,72.0,41.3622060940802,3,150.9642791748047,2,2,3,150.9642791748047,22113,12.34417553,1,1,0
221139501004,15,b2,0,2,173.0,34.8616686724031,3,134.7624969482422,2,1,3,134.7624969482422,22113,12.34417553,0,1,0
221139502003,6,b2,0,2,120.0,39.2516560146517,3,205.12353515625,2,2,3,205.12353515625,22113,12.34417553,1,1,0
221139505003,10,b2,0,2,164.0,38.6510571238144,4,144.1714324951172,2,1,4,144.1714324951172,22113,12.34417553,1,1,0
221139502002,8,b2,0,2,124.0,40.5612097835226,3,193.7243821790335,2,2,3,193.7243821790335,22113,12.34417553,0,1,0
221139506001,31,b2,0,2,157.0,39.4806940271065,3,136.6999969482422,2,1,3,136.6999969482422,22113,12.34417553,0,1,0
221139501002,65,b2,0,2,348.0,40.8053859599181,3,132.5,2,1,3,132.5,22113,12.34417553,0,1,0
221139505001,51,b2,0,2,267.0,37.4352531100658,4,122.18000793457033,2,1,3,122.18000793457033,22113,12.34417553,0,1,0
221139501003,35,b2,0,2,195.0,36.994463385345,4,132.86666870117188,2,1,3,132.86666870117188,22113,12.34417553,0,1,0
220450301004,4,b2,0,2,24.0,32.7444058630269,5,85.44325219481149,1,1,2,85.44325219481149,22045,3.09661809,1,1,1
220450302004,26,b2,0,2,149.0,35.0910389313868,4,101.0,2,1,3,101.0,22045,3.09661809,0,1,1
220330030004,4,b2,0,2,28.0,32.6747782740987,4,131.50758885161605,1,1,1,131.50758885161605,22033,0.02202799,0,0,1
220250002001,16,b2,0,2,80.0,28.229266301004,3,174.14999389648438,1,2,0,174.14999389648438,22025,0.01476176,0,0,0
220319501002,43,b2,0,2,243.0,33.0966848787873,1,60.92500305175781,2,1,0,60.92500305175781,22031,0.0,0,0,0
220510210003,10,b2,0,2,34.0,29.1028801499768,5,123.25430996187195,1,1,2,123.25430996187195,22051,0.05823747,1,1,1
220510211002,22,b2,0,2,40.0,29.1376898242451,5,122.63826388872836,1,1,2,122.63826388872836,22051,0.05823747,1,1,1
220510213001,32,b2,0,2,121.0,29.230422722025,5,109.87532858658908,1,1,2,109.87532858658908,22051,0.05823747,1,1,1
220510213003,12,b2,0,2,51.0,29.2313212764318,5,111.75993483849491,1,1,2,111.75993483849491,22051,0.05823747,1,1,1
220510214001,19,b2,0,2,111.0,29.2802265836281,5,105.73847874353356,1,1,3,105.73847874353356,22051,0.05823747,1,1,1
220510214002,13,b2,0,2,75.0,29.2807542951933,5,105.34225474461812,1,1,3,105.34225474461812,22051,0.05823747,1,1,1
220510216002,22,b2,0,2,94.0,29.3584266375099,5,99.06020530190509,1,1,2,99.06020530190509,22051,0.05823747,1,1,1
220510217001,25,b2,0,2,65.0,29.4221970563008,5,97.57551158238016,1,1,3,97.57551158238016,22051,0.05823747,1,1,1
220510250014,13,b2,0,2,89.0,30.4253867443893,5,92.0521712803722,1,1,3,92.0521712803722,22051,0.05823747,1,1,1
220510251022,8,b2,0,2,110.0,30.2250822511308,5,91.89130080837812,1,1,3,91.89130080837812,22051,0.05823747,1,1,1
220510250021,14,b2,0,2,57.0,30.2465397649875,5,87.61257248317513,1,1,5,87.61257248317513,22051,0.05823747,1,1,1
220510250031,32,b2,0,2,124.0,30.2722970800634,5,92.2932301550424,1,1,3,92.2932301550424,22051,0.05823747,1,1,1
220510251021,16,b2,0,2,64.0,30.1979378676022,5,90.70325174463024,1,1,3,90.70325174463024,22051,0.05823747,1,1,1
220510251023,17,b2,0,2,102.0,30.209473842098,5,93.76212011168926,1,1,3,93.76212011168926,22051,0.05823747,1,1,1
220510219001,13,b2,0,2,79.0,29.5640004075543,5,101.72992064689824,1,1,3,101.72992064689824,22051,0.05823747,1,1,1
220510251033,8,b2,0,2,50.0,30.2667307664555,5,92.41472814865794,1,1,3,92.41472814865794,22051,0.05823747,1,1,1
220510251031,4,b2,0,2,73.0,30.3208721012653,5,92.4080454549363,1,1,3,92.4080454549363,22051,0.05823747,1,1,1
220510217005,14,b2,0,2,68.0,29.3604980303305,5,99.6163404930318,1,1,3,99.6163404930318,22051,0.05823747,1,1,1
220510217003,16,b2,0,2,75.0,29.391864436419,5,97.27058992963448,1,1,3,97.27058992963448,22051,0.05823747,1,1,1
220510218011,17,b2,0,2,114.0,29.4896991390244,5,98.62758928214006,1,1,3,98.62758928214006,22051,0.05823747,1,1,1
220510218012,8,b2,0,2,67.0,29.4508512586569,5,97.99687853779544,1,1,3,97.99687853779544,22051,0.05823747,1,1,1
220510218041,16,b2,0,2,126.0,29.4927365198861,5,99.8651613932586,1,1,3,99.8651613932586,22051,0.05823747,1,1,1
220510220011,8,b2,0,2,203.0,29.6122390246592,5,102.5550694723195,1,1,2,102.5550694723195,22051,0.05823747,1,1,1
220510220021,5,b2,0,2,88.0,29.5656031693327,5,102.99546980134777,1,1,2,102.99546980134777,22051,0.05823747,1,1,1
220510223011,12,b2,0,2,61.0,29.7876749900804,5,99.49703866202508,1,1,2,99.49703866202508,22051,0.05823747,1,1,1
220510221021,4,b2,0,2,88.0,29.6622569122592,5,101.5286065840715,1,1,2,101.5286065840715,22051,0.05823747,1,1,1
220510222001,12,b2,0,2,90.0,29.744151996125,5,99.29286805385831,1,1,2,99.29286805385831,22051,0.05823747,1,1,1
220510252011,4,b2,0,2,39.0,30.2403570516551,5,87.40087324388267,1,1,5,87.40087324388267,22051,0.05823747,1,1,1
220510282003,19,b2,0,2,111.0,29.6104929806043,5,101.83075527823128,1,1,4,101.83075527823128,22051,0.05823747,1,1,1
220510275011,37,b2,0,2,214.0,28.9237404533963,5,136.8000030517578,1,1,2,136.8000030517578,22051,0.05823747,1,1,1
220510275021,4,b2,0,2,78.0,29.1544942930277,5,112.13707164088432,1,1,4,112.13707164088432,22051,0.05823747,1,1,1
220510276012,10,b2,0,2,126.0,29.165827359936,5,107.92897960948828,1,1,4,107.92897960948828,22051,0.05823747,1,1,1
220510227002,4,b2,0,2,59.0,29.6359240851791,5,103.11509508029228,1,1,3,103.11509508029228,22051,0.05823747,1,1,1
220450302002,8,b2,0,2,125.0,33.8424362543581,4,88.0,2,1,2,88.0,22045,3.09661809,0,1,1
220510259002,4,b2,0,2,56.0,30.1076877137346,5,91.98478661361985,1,1,5,91.98478661361985,22051,0.05823747,1,1,1
220510278102,5,b2,0,2,46.0,29.9624422442578,5,88.14055910919004,1,1,4,88.14055910919004,22051,0.05823747,1,1,1
220570201001,14,b2,0,2,89.0,38.3271843611439,3,84.90724690779182,2,1,2,84.90724690779182,22057,0.52554993,1,1,1
220570205003,4,b2,0,2,25.0,39.0005211034671,3,85.87390429953037,2,1,2,85.87390429953037,22057,0.52554993,1,1,1
220330032013,10,b2,0,2,81.0,31.6061910627514,4,202.3000030517578,1,2,0,202.3000030517578,22033,0.02202799,0,0,1
220330032023,8,b2,0,2,48.0,31.0407720699211,4,194.2048184962622,1,2,0,194.2048184962622,22033,0.02202799,0,0,1
220330033002,10,b2,0,2,24.0,32.507885896135,4,152.9831225987914,1,2,0,152.9831225987914,22033,0.02202799,0,0,1
220330036013,21,b2,0,2,112.0,31.7974579448488,5,152.46161588292824,1,2,0,152.46161588292824,22033,0.02202799,0,0,1
220330036031,8,b2,0,2,32.0,31.3282509401293,4,147.42528938658347,1,1,2,147.42528938658347,22033,0.02202799,0,0,1
220510203011,14,b2,0,2,111.0,29.3573069307681,5,97.8258202055735,1,1,3,97.8258202055735,22051,0.05823747,1,1,1
220510230021,4,b2,0,2,83.0,29.4933109870033,5,101.73787463942438,1,1,2,101.73787463942438,22051,0.05823747,1,1,1
220510232002,12,b2,0,2,90.0,29.3268277564443,5,103.7702221299156,1,1,1,103.7702221299156,22051,0.05823747,1,1,1
220510230032,10,b2,0,2,58.0,29.3813168002908,5,101.35237383742108,1,1,1,101.35237383742108,22051,0.05823747,1,1,1
220510233001,12,b2,0,2,48.0,29.3447020224339,5,102.23139877447656,1,1,1,102.23139877447656,22051,0.05823747,1,1,1
220510234002,23,b2,0,2,106.0,29.2754224730731,5,106.91657735753824,1,1,2,106.91657735753824,22051,0.05823747,1,1,1
220510233002,8,b2,0,2,53.0,29.3018296975966,5,106.86845087830896,1,1,1,106.86845087830896,22051,0.05823747,1,1,1
220510234001,18,b2,0,2,84.0,29.3391994831606,5,101.13515461783804,1,1,1,101.13515461783804,22051,0.05823747,1,1,1
220510234003,13,b2,0,2,49.0,29.3042375229165,5,105.69388997099522,1,1,2,105.69388997099522,22051,0.05823747,1,1,1
220510235002,20,b2,0,2,105.0,29.1830169396011,5,120.9205582061645,1,1,2,120.9205582061645,22051,0.05823747,1,1,1
220510235003,20,b2,0,2,65.0,29.2392938218569,5,108.39540930219722,1,1,2,108.39540930219722,22051,0.05823747,1,1,1
220510252021,4,b2,0,2,80.0,30.2069536976346,5,88.60341186054458,1,1,4,88.60341186054458,22051,0.05823747,1,1,1
220510252024,20,b2,0,2,77.0,30.2381004233766,5,94.8000030517578,1,1,4,94.8000030517578,22051,0.05823747,1,1,1
220510254002,22,b2,0,2,64.0,30.1699458156271,5,89.12695711512602,1,1,4,89.12695711512602,22051,0.05823747,1,1,1
220510253001,8,b2,0,2,24.0,30.1899299891717,5,88.63579110651946,1,1,5,88.63579110651946,22051,0.05823747,1,1,1
220510253002,35,b2,0,2,95.0,30.1751785435727,5,90.05072862196862,1,1,5,90.05072862196862,22051,0.05823747,1,1,1
220510254003,4,b2,0,2,62.0,30.1665900358604,5,89.17378457717784,1,1,4,89.17378457717784,22051,0.05823747,1,1,1
220330033003,6,b2,0,2,41.0,32.5718471438393,4,138.90593377904952,1,1,1,138.90593377904952,22033,0.02202799,0,0,1
220330033004,4,b2,0,2,26.0,32.3641668740701,4,171.74136370510536,1,2,0,171.74136370510536,22033,0.02202799,0,0,1
220330033005,9,b2,0,2,39.0,32.5890190610857,4,138.49219446527226,1,1,1,138.49219446527226,22033,0.02202799,0,0,1
220330037011,16,b2,0,2,117.0,31.6707248178433,6,150.65042961672924,1,2,1,150.65042961672924,22033,0.02202799,0,0,1
220330037014,16,b2,0,2,103.0,31.8600949102508,6,147.3343057316789,1,1,1,147.3343057316789,22033,0.02202799,0,0,1
220510203022,11,b2,0,2,92.0,29.4382677505026,5,97.00626661355636,1,1,3,97.00626661355636,22051,0.05823747,1,1,1
220510203024,8,b2,0,2,80.0,29.387116087575,5,97.42521900356616,1,1,3,97.42521900356616,22051,0.05823747,1,1,1
220510203032,24,b2,0,2,97.0,29.4453605602546,5,97.55544039657272,1,1,3,97.55544039657272,22051,0.05823747,1,1,1
220510203033,21,b2,0,2,80.0,29.3703960024688,5,100.82078959297544,1,1,3,100.82078959297544,22051,0.05823747,1,1,1
220510203031,16,b2,0,2,83.0,29.3302573039077,5,101.53125673809676,1,1,3,101.53125673809676,22051,0.05823747,1,1,1
220510204001,25,b2,0,2,122.0,29.2838389399881,5,108.64110243324308,1,1,3,108.64110243324308,22051,0.05823747,1,1,1
220510205021,8,b2,0,2,91.0,29.1217865160158,5,125.5,1,1,2,125.5,22051,0.05823747,1,1,1
220510236001,14,b2,0,2,75.0,29.2491198461326,5,109.3537058964378,1,1,2,109.3537058964378,22051,0.05823747,1,1,1
220510205061,10,b2,0,2,86.0,29.1901244456397,5,116.0056631574975,1,1,2,116.0056631574975,22051,0.05823747,1,1,1
220510205062,23,b2,0,2,149.0,29.1705799876959,5,121.0535839246887,1,1,2,121.0535839246887,22051,0.05823747,1,1,1
220510205072,15,b2,0,2,112.0,29.0094360423681,5,136.4119133912213,1,1,3,136.4119133912213,22051,0.05823747,1,1,1
220510236003,16,b2,0,2,112.0,29.1565050353765,5,120.7898715342127,1,1,2,120.7898715342127,22051,0.05823747,1,1,1
220510237001,8,b2,0,2,29.0,29.2402959681149,5,109.3924853701614,1,1,1,109.3924853701614,22051,0.05823747,1,1,1
220510239041,16,b2,0,2,111.0,29.1838356882035,5,111.60453676216731,1,1,3,111.60453676216731,22051,0.05823747,1,1,1
220510238001,22,b2,0,2,128.0,29.1605508156315,5,115.51770471823076,1,1,1,115.51770471823076,22051,0.05823747,1,1,1
220510238002,4,b2,0,2,55.0,29.1093054162454,5,118.40094866889928,1,1,1,118.40094866889928,22051,0.05823747,1,1,1
220510239011,20,b2,0,2,91.0,29.2766774845705,5,109.18791367653068,1,1,2,109.18791367653068,22051,0.05823747,1,1,1
220510239012,12,b2,0,2,89.0,29.2418591247394,5,110.08455957689723,1,1,3,110.08455957689723,22051,0.05823747,1,1,1
220510239031,12,b2,0,2,56.0,29.2075181167225,5,112.58172960911304,1,1,1,112.58172960911304,22051,0.05823747,1,1,1
220510239042,8,b2,0,2,99.0,29.1609784115718,5,115.30826108942324,1,1,1,115.30826108942324,22051,0.05823747,1,1,1
220510264001,9,b2,0,2,75.0,29.9381794643627,5,90.4045549577391,1,1,6,90.4045549577391,22051,0.05823747,1,1,1
220510259001,12,b2,0,2,62.0,30.0834027274001,5,112.5850506446843,1,1,5,112.5850506446843,22051,0.05823747,1,1,1
220510260002,12,b2,0,2,39.0,30.0314611295489,5,93.18740063470656,1,1,6,93.18740063470656,22051,0.05823747,1,1,1
220510261001,8,b2,0,2,110.0,30.1045600232564,5,89.96267638859445,1,1,4,89.96267638859445,22051,0.05823747,1,1,1
220510261003,12,b2,0,2,75.0,30.053972586007,5,90.923301402575,1,1,5,90.923301402575,22051,0.05823747,1,1,1
220510278053,30,b2,0,2,179.0,30.0974509017911,5,91.0,1,1,3,91.0,22051,0.05823747,1,1,1
220090307005,16,b2,0,2,176.0,32.5184702549652,3,136.03334045410156,1,1,2,136.03334045410156,22009,1.52021072,0,0,1
220510264002,20,b2,0,2,77.0,29.9518975083324,5,89.31343650408968,1,1,4,89.31343650408968,22051,0.05823747,1,1,1
220510265001,14,b2,0,2,123.0,29.9181585247074,5,90.22330638977668,1,1,6,90.22330638977668,22051,0.05823747,1,1,1
220330035043,4,b2,0,2,62.0,31.4758307419071,5,161.42532332063976,1,2,0,161.42532332063976,22033,0.02202799,0,0,1
220330037015,13,b2,0,2,88.0,31.7498644884034,6,145.68874256334172,1,1,2,145.68874256334172,22033,0.02202799,0,0,1
220330039091,9,b2,0,2,165.0,31.9818322778388,5,138.95293805670806,1,1,2,138.95293805670806,22033,0.02202799,0,0,1
221159504001,20,b2,0,2,94.0,42.166528820563,2,151.5,2,2,3,151.5,22115,19.00196373,0,0,0
221159503002,26,b2,0,2,74.0,48.4973539346606,3,185.4375,2,2,1,185.4375,22115,19.00196373,0,0,0
221159509001,29,b2,0,2,87.0,51.3713622147221,2,163.10000610351562,2,2,1,163.10000610351562,22115,19.00196373,0,0,0
221159507011,8,b2,0,2,183.0,42.5527993957429,2,173.346435546875,2,2,3,173.346435546875,22115,19.00196373,0,0,0
221159502002,45,b2,0,2,208.0,47.6066547524327,3,146.73333740234375,2,1,3,146.73333740234375,22115,19.00196373,0,0,0
221159506001,11,b2,0,2,69.0,50.3085939583152,2,152.45001220703125,2,2,2,152.45001220703125,22115,19.00196373,0,0,0
221159508004,18,b2,0,2,100.0,40.5908471613007,3,136.9875030517578,2,1,4,136.9875030517578,22115,19.00196373,0,0,0
221159505001,9,b2,0,2,120.0,40.7157559406304,2,153.09876578063103,2,2,3,153.09876578063103,22115,19.00196373,0,0,0
220570220001,24,b2,0,2,235.0,38.5914225024723,3,87.86887596586236,2,1,2,87.86887596586236,22057,0.52554993,1,1,1
221030408024,24,b2,0,2,88.0,30.6072478087589,4,232.1000061035156,1,2,3,232.1000061035156,22103,0.05873937,1,1,0
221030408023,43,b2,0,2,264.0,30.4443341361339,4,212.20221036311185,1,2,3,212.20221036311185,22103,0.05873937,1,1,0
220930401002,12,b2,0,2,83.0,41.1986345485126,3,160.42857360839844,2,2,1,160.42857360839844,22093,0.29947926,1,1,1
220170245033,30,b2,0,2,87.0,31.1138794261652,2,34.186853992265284,1,1,0,34.186853992265284,22017,0.0,0,0,0
220170245031,19,b2,0,2,136.0,30.9937710641319,2,34.831690085574785,1,1,0,34.831690085574785,22017,0.0,0,0,0
220170245042,16,b2,0,2,56.0,26.4541755005423,2,65.9000015258789,1,1,0,65.9000015258789,22017,0.0,0,0,0
221059533002,12,b2,0,2,87.0,35.555183546702,4,55.75,2,1,0,55.75,22105,0.00826522,0,1,0
221059541021,32,b2,0,2,143.0,38.269847556469,3,134.73780521935532,2,1,2,134.73780521935532,22105,0.00826522,0,1,1
221059540023,12,b2,0,2,73.0,35.7095860755668,3,121.0500030517578,2,1,1,121.0500030517578,22105,0.00826522,0,1,0
221059547002,51,b2,0,2,228.0,42.073235716548,3,115.54444885253906,2,1,2,115.54444885253906,22105,0.00826522,1,1,1
221059541024,20,b2,0,2,163.0,38.3792083724403,3,94.9000015258789,2,1,2,94.9000015258789,22105,0.00826522,0,1,1
221059545022,38,b2,0,2,211.0,38.0462418746823,3,97.9000015258789,2,1,2,97.9000015258789,22105,0.00826522,0,1,1
221059545023,21,b2,0,2,114.0,39.1586131875726,3,96.8000030517578,2,1,2,96.8000030517578,22105,0.00826522,0,1,1
221059536004,33,b2,0,2,127.0,38.4347645338738,3,188.6333465576172,2,2,0,188.6333465576172,22105,0.00826522,0,1,1
221059545012,86,b2,0,2,613.0,38.5468816599379,3,94.95583390188372,2,1,2,94.95583390188372,22105,0.00826522,0,1,1
221059545011,36,b2,0,2,296.0,39.3205573546315,3,96.58167664931942,2,1,2,96.58167664931942,22105,0.00826522,0,1,1
220190019011,36,b2,0,2,237.0,54.8514197968342,4,212.3999938964844,2,2,2,212.3999938964844,22019,32.47305225,0,1,0
220190019012,133,b2,0,2,1520.0,54.4192069397634,3,204.9108661367486,2,2,3,204.9108661367486,22019,32.47305225,0,1,0
220190020003,33,b2,0,2,178.0,50.1378654399028,2,382.5750122070313,2,2,0,382.5750122070313,22019,32.47305225,0,1,0
220190021001,18,b2,0,2,112.0,49.6784415364675,2,327.32987616304285,2,2,0,327.32987616304285,22019,32.47305225,0,1,0
220170239013,8,b2,0,2,121.0,33.8895104454774,1,49.13720460182356,2,1,0,49.13720460182356,22017,0.0,0,0,0
220170239014,26,b2,0,2,139.0,33.7230017808286,1,50.79999923706055,2,1,0,50.79999923706055,22017,0.0,0,0,0
220170239041,15,b2,0,2,215.0,34.244513311944,1,45.14552180299084,2,1,0,45.14552180299084,22017,0.0,0,0,0
220170239052,12,b2,0,2,152.0,33.8202825140294,1,51.911110017179574,2,1,0,51.911110017179574,22017,0.0,0,0,0
220170241093,16,b2,0,2,111.0,33.9034890765881,1,55.5,2,1,0,55.5,22017,0.0,0,0,0
220170242012,8,b2,0,2,110.0,31.7373886037389,2,49.099998474121094,1,1,0,49.099998474121094,22017,0.0,0,0,0
220170243012,17,b2,0,2,88.0,30.3970216417226,2,39.400001525878906,1,1,0,39.400001525878906,22017,0.0,0,0,0
220330040153,8,b2,0,2,62.0,33.3731883329341,4,59.81140748750256,2,1,0,59.81140748750256,22033,0.02202799,0,0,1
220550001001,4,b2,0,2,61.0,35.942074194438,3,164.4512587492539,2,2,2,164.4512587492539,22055,1.5760870500000002,0,0,1
220550001002,24,b2,0,2,162.0,35.6648075274635,3,163.39079576797437,2,2,2,163.39079576797437,22055,1.5760870500000002,0,0,1
220750504001,4,b2,0,2,146.0,38.4469853178178,4,101.9031753540039,2,1,2,101.9031753540039,22075,1.49824733,1,1,1
220750508001,20,b2,0,2,204.0,33.6293381706092,4,94.07020568847656,2,1,3,94.07020568847656,22075,1.49824733,1,1,1
220090307004,24,b2,0,2,121.0,32.3333056019635,3,139.85000610351562,1,1,2,139.85000610351562,22009,1.52021072,0,0,1
220090306005,4,b2,0,2,47.0,33.239144296118,3,168.39579308689866,2,2,1,168.39579308689866,22009,1.52021072,0,0,0
220090301001,8,b2,0,2,92.0,31.6924649617753,3,133.10250854492188,1,1,1,133.10250854492188,22009,1.52021072,0,0,1
220550015002,12,b2,0,2,67.0,36.1661070418153,3,163.7615421786118,2,2,2,163.7615421786118,22055,1.5760870500000002,0,0,1
220550015003,12,b2,0,2,165.0,36.7067562062928,3,157.38115360566746,2,2,2,157.38115360566746,22055,1.5760870500000002,0,0,1
220550015004,12,b2,0,2,107.0,36.4058625346262,3,164.31166928318274,2,2,2,164.31166928318274,22055,1.5760870500000002,0,0,1
220550016003,4,b2,0,2,60.0,37.1456285015684,3,154.8695078661642,2,2,2,154.8695078661642,22055,1.5760870500000002,0,0,1
220550017003,9,b2,0,2,95.0,37.4304548687556,3,146.52183752453274,2,1,3,146.52183752453274,22055,1.5760870500000002,0,0,1
220070502001,16,b2,0,2,208.0,37.5609675884,3,49.60000228881836,2,1,0,49.60000228881836,22007,0.2395300699999999,1,1,1
221190321003,24,b2,0,2,79.0,36.4694582470115,1,106.6500015258789,2,1,2,106.6500015258789,22119,0.0,0,0,0
221190311002,5,b2,0,2,89.0,32.4888850215271,2,63.73684310913086,1,1,0,63.73684310913086,22119,0.0,0,0,0
220139704003,17,b2,0,2,78.0,27.298377903331,3,142.6875,1,1,2,142.6875,22013,0.0,0,0,0
220170240002,39,b2,0,2,259.0,35.6457533491431,1,91.125,2,1,1,91.125,22017,0.0,0,0,0
220170240001,59,b2,0,2,502.0,32.9592896239803,2,61.5,1,1,0,61.5,22017,0.0,0,0,0
220170241092,13,b2,0,2,64.0,33.6919924024198,1,57.79678446921131,2,1,0,57.79678446921131,22017,0.0,0,0,0
220170245032,17,b2,0,2,106.0,29.5623394242021,2,35.599998474121094,1,1,0,35.599998474121094,22017,0.0,0,0,0
220170242023,36,b2,0,2,207.0,33.5706957040284,1,54.849998474121094,2,1,0,54.849998474121094,22017,0.0,0,0,0
220170248001,12,b2,0,2,59.0,28.2930834889942,2,58.606666564941406,1,1,0,58.606666564941406,22017,0.0,0,0,0
220730006002,4,b2,0,2,71.0,20.2363629101597,0,170.8000030517578,1,2,0,170.8000030517578,22073,0.0,0,0,0
220730055002,12,b2,0,2,101.0,22.7086255658752,2,106.75729146744142,1,1,2,106.75729146744142,22073,0.0,0,0,0
220730102013,19,b2,0,2,184.0,20.4968778957668,0,110.46397319974076,1,1,1,110.46397319974076,22073,0.0,0,0,0
220790101003,35,b2,0,2,256.0,31.9571311482734,4,223.8166656494141,1,2,0,223.8166656494141,22079,4.49269524,0,0,0
220790123023,20,b2,0,2,135.0,32.3014536574242,3,220.86537746513355,1,2,1,220.86537746513355,22079,4.49269524,0,0,0
220550010011,21,b2,0,2,215.0,35.850183083267,3,178.89999389648438,2,2,2,178.89999389648438,22055,1.5760870500000002,0,0,1
220790123013,12,b2,0,2,62.0,32.2895401757926,3,218.6803573006811,1,2,1,218.6803573006811,22079,4.49269524,0,0,0
220790123012,29,b2,0,2,272.0,32.2728839869628,3,213.66954739597023,1,2,1,213.66954739597023,22079,4.49269524,0,0,0
220990201003,22,b2,0,2,204.0,35.5276511769499,1,120.89999389648438,2,1,3,120.89999389648438,22099,2.17976609,0,1,1
221179506002,32,b2,0,2,138.0,29.4788384791642,4,104.08000183105467,1,1,4,104.08000183105467,22117,0.0022141099999999,0,0,0
221179507001,4,b2,0,2,95.0,29.7618748012725,4,94.63093520153735,1,1,3,94.63093520153735,22117,0.0022141099999999,0,0,0
220570217001,34,b2,0,2,142.0,33.4086904809042,3,131.69941243962833,2,1,3,131.69941243962833,22057,0.52554993,1,1,1
220570207022,15,b2,0,2,106.0,38.1312547144585,3,81.95000457763672,2,1,2,81.95000457763672,22057,0.52554993,1,1,1
220570216021,56,b2,0,2,174.0,33.3179062667974,3,122.24000549316406,2,1,4,122.24000549316406,22057,0.52554993,1,1,1
220570206002,8,b2,0,2,46.0,38.1787063688528,3,77.5999984741211,2,1,2,77.5999984741211,22057,0.52554993,1,1,1
220570211003,16,b2,0,2,81.0,33.726934394889,4,113.05999755859376,2,1,3,113.05999755859376,22057,0.52554993,1,1,1
220570208001,8,b2,0,2,74.0,40.979590105123,3,140.90000915527344,2,1,3,140.90000915527344,22057,0.52554993,1,1,1
220479531022,36,b2,0,2,164.0,35.0158413751136,4,58.0,2,1,0,58.0,22047,0.33403865,0,1,1
220919512005,15,b2,0,2,86.0,36.6130757456541,4,103.91666412353516,2,1,2,103.91666412353516,22091,0.04607514,0,0,1
220919511003,4,b2,0,2,34.0,31.5447430715714,5,65.19999694824219,1,1,0,65.19999694824219,22091,0.04607514,0,0,1
220919512002,22,b2,0,2,101.0,34.3386849225615,4,100.58000183105467,2,1,2,100.58000183105467,22091,0.04607514,0,0,1
220919511001,8,b2,0,2,72.0,34.7691771228542,4,46.890907287597656,2,1,0,46.890907287597656,22091,0.04607514,0,0,0
220919512001,12,b2,0,2,72.0,34.3945424293844,4,78.43333435058594,2,1,1,78.43333435058594,22091,0.04607514,0,0,1
220919512003,19,b2,0,2,53.0,33.7816963198921,4,87.5999984741211,2,1,1,87.5999984741211,22091,0.04607514,0,0,1
220919512004,18,b2,0,2,81.0,34.5666621738752,4,102.61111450195312,2,1,1,102.61111450195312,22091,0.04607514,0,0,1
220919511004,4,b2,0,2,40.0,34.1530266005557,4,54.525001525878906,2,1,0,54.525001525878906,22091,0.04607514,0,0,1
221030411021,8,b2,0,2,134.0,30.4551176347552,4,169.04596905197735,1,2,3,169.04596905197735,22103,0.05873937,1,1,0
221030408035,24,b2,0,2,237.0,31.5392939963544,4,234.3000030517578,1,2,2,234.3000030517578,22103,0.05873937,1,1,0
221030407061,12,b2,0,2,91.0,32.3767881311261,4,207.8000030517578,1,2,4,207.8000030517578,22103,0.05873937,0,1,0
221030407065,20,b2,0,2,138.0,30.766199960798,4,199.0,1,2,4,199.0,22103,0.05873937,0,1,0
221030404002,76,b2,0,2,653.0,33.0531438530318,4,120.5999984741211,2,1,2,120.5999984741211,22103,0.05873937,1,1,0
221030405012,4,b2,0,2,100.0,29.0288480338116,5,120.48070525425304,1,1,2,120.48070525425304,22103,0.05873937,0,1,0
221030411023,13,b2,0,2,98.0,30.5501973274726,4,194.84321459226217,1,2,3,194.84321459226217,22103,0.05873937,1,1,0
221030401023,21,b2,0,2,157.0,29.2973890331465,4,89.9000015258789,1,1,2,89.9000015258789,22103,0.05873937,0,1,0
221030403051,65,b2,0,2,220.0,34.318557062262,4,134.10000610351562,2,1,1,134.10000610351562,22103,0.05873937,0,1,0
221030408034,9,b2,0,2,35.0,32.0170578825115,4,247.20001220703125,1,2,2,247.20001220703125,22103,0.05873937,1,1,0
221030406012,18,b2,0,2,252.0,31.8075628389413,5,118.3000030517578,1,1,3,118.3000030517578,22103,0.05873937,1,1,0
221030403044,20,b2,0,2,259.0,29.2946072836296,5,109.03903381206788,1,1,3,109.03903381206788,22103,0.05873937,1,1,0
220170242022,63,b2,0,2,294.0,32.0207104962433,2,49.599998474121094,1,1,0,49.599998474121094,22017,0.0,0,0,0
220170243041,52,b2,0,2,288.0,30.2038746933542,2,55.90000534057617,1,1,0,55.90000534057617,22017,0.0,0,0,0
220170242032,17,b2,0,2,63.0,31.6383443171725,2,54.125,1,1,0,54.125,22017,0.0,0,0,0
220170241081,12,b2,0,2,76.0,33.9120478620015,1,55.586364993365926,2,1,0,55.586364993365926,22017,0.0,0,0,0
220190017001,72,b2,0,2,394.0,47.2852890952769,2,300.45001220703125,2,2,1,300.45001220703125,22019,32.47305225,0,1,0
220330040151,8,b2,0,2,189.0,33.8363954387372,4,57.0,2,1,0,57.0,22033,0.02202799,0,0,1
220510278044,23,b2,0,2,145.0,30.2425757572314,5,93.949082644114,1,1,3,93.949082644114,22051,0.05823747,1,1,1
220510277013,12,b2,0,2,82.0,30.1146858863199,5,99.9499969482422,1,1,6,99.9499969482422,22051,0.05823747,1,1,1
220510258002,4,b2,0,2,31.0,30.1648582586176,5,109.62202489100396,1,1,4,109.62202489100396,22051,0.05823747,1,1,1
220170250004,16,b2,0,2,36.0,24.1370970990208,2,45.5,1,1,0,45.5,22017,0.0,0,0,0
220170239011,38,b2,0,2,330.0,34.1295992352009,1,47.7100567581333,2,1,0,47.7100567581333,22017,0.0,0,0,0
220170242033,26,b2,0,2,129.0,32.8887956868469,2,52.94444274902344,1,1,0,52.94444274902344,22017,0.0,0,0,0
221190315004,19,b2,0,2,61.0,35.2186691111337,1,74.96666717529297,2,1,1,74.96666717529297,22119,0.0,0,0,0
220170241022,8,b2,0,2,91.0,33.1038489410907,1,56.986011057957235,2,1,0,56.986011057957235,22017,0.0,0,0,0
220170254062,28,b2,0,2,83.0,30.5528992615027,2,33.400001525878906,1,1,0,33.400001525878906,22017,0.0,0,0,0
220170227002,10,b2,0,2,70.0,33.5506599013221,1,43.126705038185904,2,1,0,43.126705038185904,22017,0.0,0,0,0
220070502003,4,b2,0,2,141.0,40.8143232076905,4,60.45000076293945,2,1,0,60.45000076293945,22007,0.2395300699999999,1,1,1
220170241021,23,b2,0,2,172.0,33.4756873758,1,60.29999923706055,2,1,0,60.29999923706055,22017,0.0,0,0,0
220170241043,4,b2,0,2,56.0,33.5897853706936,1,47.28470985146806,2,1,0,47.28470985146806,22017,0.0,0,0,0
220170241063,14,b2,0,2,115.0,33.6009636762816,1,52.98200054270072,2,1,0,52.98200054270072,22017,0.0,0,0,0
220170241064,4,b2,0,2,78.0,33.5710588096744,1,54.16253905268322,2,1,0,54.16253905268322,22017,0.0,0,0,0
220070506003,16,b2,0,2,159.0,38.6166735478397,3,65.80000305175781,2,1,0,65.80000305175781,22007,0.2395300699999999,1,1,1
220070501002,8,b2,0,2,91.0,37.8463599678401,3,53.69999694824219,2,1,0,53.69999694824219,22007,0.2395300699999999,1,1,1
220070503001,4,b2,0,2,94.0,42.3241444034203,3,80.2249984741211,2,1,1,80.2249984741211,22007,0.2395300699999999,1,1,1
220070506002,4,b2,0,2,59.0,37.175043154115,3,75.68000793457031,2,1,2,75.68000793457031,22007,0.2395300699999999,1,1,1
220070505002,11,b2,0,2,85.0,39.3660591184354,3,60.46000289916992,2,1,0,60.46000289916992,22007,0.2395300699999999,1,1,1
221090012021,42,b3,0,3,254.0,34.2873689216262,2,105.60942840576172,2,1,3,105.60942840576172,22109,0.7674244,1,1,1
221090012023,22,b3,0,3,121.0,33.8387688007255,3,141.5,2,1,3,141.5,22109,0.7674244,1,1,1
221030413003,16,b3,0,3,153.0,29.4802922866134,5,103.3000030517578,1,1,3,103.3000030517578,22103,0.05873937,1,1,0
221030407011,30,b3,0,3,331.0,29.6474289168828,4,100.25,1,1,3,100.25,22103,0.05873937,0,1,0
221030411011,63,b3,0,3,282.0,30.2558281312235,4,138.0,1,1,5,138.0,22103,0.05873937,1,1,0
220950701001,15,b3,0,3,79.0,31.7255041299701,4,153.0,1,2,1,153.0,22095,0.2488945099999999,1,1,1
220950705002,7,b3,0,3,62.0,32.323492371079,4,144.0932959142486,1,1,3,144.0932959142486,22095,0.2488945099999999,1,1,1
220950705001,10,b3,0,3,83.0,32.766933104491,4,143.3000030517578,1,1,3,143.3000030517578,22095,0.2488945099999999,1,1,1
221090002012,13,b3,0,3,57.0,44.6756651930432,3,137.3000030517578,2,1,2,137.3000030517578,22109,0.7674244,1,1,1
221090002013,19,b3,0,3,106.0,34.2127648982689,4,151.1504395414706,2,2,1,151.1504395414706,22109,0.7674244,1,1,1
221090002021,89,b3,0,3,313.0,34.3088472574601,4,157.39003375011268,2,2,1,157.39003375011268,22109,0.7674244,1,1,1
221090002022,32,b3,0,3,142.0,34.2674708284783,4,156.22012408740224,2,2,1,156.22012408740224,22109,0.7674244,1,1,1
221090002023,60,b3,0,3,186.0,34.385210282025,4,155.70001220703125,2,2,1,155.70001220703125,22109,0.7674244,1,1,1
221210204012,16,b3,0,3,191.0,35.0699183087342,4,63.45000076293945,2,1,0,63.45000076293945,22121,0.36837128,0,0,1
221090001023,9,b3,0,3,72.0,43.0910665472462,3,143.721320652832,2,1,2,143.721320652832,22109,0.7674244,1,1,1
220710017253,4,b3,0,3,56.0,32.4416094992292,5,90.73230676147692,1,1,4,90.73230676147692,22071,0.06577263,1,1,0
220930401001,24,b3,0,3,165.0,43.1105726843697,4,149.44616823806086,2,1,2,149.44616823806086,22093,0.29947926,1,1,1
221090001011,19,b3,0,3,97.0,40.2003950907991,3,100.3000030517578,2,1,2,100.3000030517578,22109,0.7674244,1,1,1
221090006006,10,b3,0,3,79.0,33.8374316183851,3,176.632937691983,2,2,2,176.632937691983,22109,0.7674244,1,1,1
221090015001,36,b3,0,3,123.0,41.220992429493,4,100.97999572753906,2,1,1,100.97999572753906,22109,0.7674244,1,1,1
221090013004,25,b3,0,3,173.0,33.6758626543294,3,173.45689059995985,2,2,1,173.45689059995985,22109,0.7674244,1,1,1
221090010001,55,b3,0,3,236.0,33.9669729753861,3,144.25,2,1,3,144.25,22109,0.7674244,1,1,1
221090013003,18,b3,0,3,117.0,35.0783202524315,2,154.8000030517578,2,2,2,154.8000030517578,22109,0.7674244,1,1,1
221090012012,15,b3,0,3,114.0,33.6267326476975,2,141.16241494853443,2,1,4,141.16241494853443,22109,0.7674244,1,1,1
221090013001,15,b3,0,3,125.0,31.0036958436635,3,164.546142578125,1,2,1,164.546142578125,22109,0.7674244,1,1,1
221090012011,34,b3,0,3,151.0,33.8915095642644,3,159.4250030517578,2,2,2,159.4250030517578,22109,0.7674244,1,1,1
221090006002,8,b3,0,3,47.0,34.3526811787462,3,181.2219054757525,2,2,2,181.2219054757525,22109,0.7674244,1,1,1
221090003001,56,b3,0,3,233.0,34.1884127297108,4,156.60967238439076,2,2,1,156.60967238439076,22109,0.7674244,1,1,1
221090014001,27,b3,0,3,100.0,40.2564029359621,4,144.53562927246094,2,1,1,144.53562927246094,22109,0.7674244,1,1,1
221090017001,40,b3,0,3,168.0,43.622144670933,3,130.9166717529297,2,1,2,130.9166717529297,22109,0.7674244,1,1,1
221090017003,77,b3,0,3,269.0,34.1308760035951,4,160.25,2,2,1,160.25,22109,0.7674244,1,1,1
221090009002,8,b3,0,3,69.0,34.2802312058407,3,173.4626947590309,2,2,2,173.4626947590309,22109,0.7674244,1,1,1
221090005003,12,b3,0,3,53.0,34.3011252521548,3,173.47859215816467,2,2,2,173.47859215816467,22109,0.7674244,1,1,1
221090004022,33,b3,0,3,94.0,34.2969004904399,3,158.362556329127,2,2,1,158.362556329127,22109,0.7674244,1,1,1
221090009001,41,b3,0,3,160.0,34.3223655946624,3,176.19599982259405,2,2,2,176.19599982259405,22109,0.7674244,1,1,1
221090009003,10,b3,0,3,51.0,34.2836453743769,3,179.00742605015907,2,2,2,179.00742605015907,22109,0.7674244,1,1,1
221090008002,22,b3,0,3,91.0,34.1933889127767,3,185.74558422252457,2,2,2,185.74558422252457,22109,0.7674244,1,1,1
221090008005,30,b3,0,3,157.0,33.9252997602199,3,181.2466124022663,2,2,2,181.2466124022663,22109,0.7674244,1,1,1
220990205022,33,b3,0,3,288.0,37.5135518725741,3,141.89999389648438,2,1,4,141.89999389648438,22099,2.17976609,0,1,1
220930404003,8,b3,0,3,55.0,43.7268889515115,4,130.14999389648438,2,1,2,130.14999389648438,22093,0.29947926,1,1,1
220930402001,11,b3,0,3,94.0,43.302082890047,4,125.2549534164771,2,1,2,125.2549534164771,22093,0.29947926,1,1,1
220930403002,8,b3,0,3,57.0,44.9094234244376,4,116.5999984741211,2,1,2,116.5999984741211,22093,0.29947926,1,1,1
220930405002,8,b3,0,3,73.0,41.5440690511018,3,122.55555725097656,2,1,1,122.55555725097656,22093,0.29947926,1,1,1
221090001012,30,b3,0,3,193.0,39.9304159221673,3,90.6930244039536,2,1,2,90.6930244039536,22109,0.7674244,1,1,1
221259518002,17,b3,0,3,119.0,33.4794413916864,2,72.55999755859375,2,1,1,72.55999755859375,22125,0.32906933,0,0,1
221259517011,4,b3,0,3,74.0,31.8756882003686,3,101.56666564941406,1,1,1,101.56666564941406,22125,0.32906933,0,0,1
221259517021,4,b3,0,3,66.0,32.4668213645178,3,98.21818542480467,1,1,1,98.21818542480467,22125,0.32906933,0,0,1
221259518003,23,b3,0,3,211.0,32.5916768443418,4,66.97500610351562,1,1,0,66.97500610351562,22125,0.32906933,0,0,1
220930406001,12,b3,0,3,81.0,45.053542478093,4,112.4000015258789,2,1,2,112.4000015258789,22093,0.29947926,1,1,1
220930407002,8,b3,0,3,66.0,43.1588384176886,3,117.98157784274062,2,1,3,117.98157784274062,22093,0.29947926,1,1,1
221090001021,34,b3,0,3,79.0,42.359972111268,3,133.15974954389506,2,1,2,133.15974954389506,22109,0.7674244,1,1,1
221090001022,36,b3,0,3,132.0,42.0713512840208,3,140.89999389648438,2,1,2,140.89999389648438,22109,0.7674244,1,1,1
221090002011,35,b3,0,3,151.0,34.2541559212674,4,149.71557252065145,2,1,2,149.71557252065145,22109,0.7674244,1,1,1
221090003002,46,b3,0,3,202.0,34.1870401819407,4,160.14744205322165,2,2,1,160.14744205322165,22109,0.7674244,1,1,1
221090003003,4,b3,0,3,73.0,34.2132109929008,3,167.68744102918785,2,2,1,167.68744102918785,22109,0.7674244,1,1,1
221090003004,16,b3,0,3,43.0,34.2359056212786,3,168.8927201733197,2,2,1,168.8927201733197,22109,0.7674244,1,1,1
221090004021,32,b3,0,3,158.0,34.245493686466,4,156.72785761379558,2,2,1,156.72785761379558,22109,0.7674244,1,1,1
221090004023,34,b3,0,3,128.0,34.2894663295892,3,159.07460762610154,2,2,1,159.07460762610154,22109,0.7674244,1,1,1
221090011002,21,b3,0,3,118.0,36.7610492446463,2,113.05578836061696,2,1,4,113.05578836061696,22109,0.7674244,1,1,1
221090005004,19,b3,0,3,66.0,34.2806513405692,3,172.45499495196424,2,2,2,172.45499495196424,22109,0.7674244,1,1,1
221090004012,28,b3,0,3,90.0,34.2847607524791,3,163.12973880494684,2,2,1,163.12973880494684,22109,0.7674244,1,1,1
221090004011,16,b3,0,3,83.0,34.2484515759912,3,161.75810522859757,2,2,1,161.75810522859757,22109,0.7674244,1,1,1
221090004014,37,b3,0,3,156.0,34.2458813615136,3,163.73240151822714,2,2,1,163.73240151822714,22109,0.7674244,1,1,1
221090005001,19,b3,0,3,90.0,34.3587153742497,3,166.5,2,2,2,166.5,22109,0.7674244,1,1,1
221090005002,30,b3,0,3,120.0,34.3250820374474,3,172.86980090850946,2,2,2,172.86980090850946,22109,0.7674244,1,1,1
220710017411,4,b3,0,3,48.0,34.3015355586794,4,92.17896801356969,2,1,5,92.17896801356969,22071,0.06577263,1,1,0
220710017491,4,b3,0,3,56.0,35.0492457097358,4,93.08276811537438,2,1,5,93.08276811537438,22071,0.06577263,1,1,0
221090014003,37,b3,0,3,95.0,34.0760060763971,2,192.94000244140625,2,2,2,192.94000244140625,22109,0.7674244,1,1,1
221090015002,84,b3,0,3,216.0,44.089713155388,3,183.3999938964844,2,2,0,183.3999938964844,22109,0.7674244,1,1,1
221090016001,22,b3,0,3,94.0,44.2407329991164,3,108.29999542236328,2,1,1,108.29999542236328,22109,0.7674244,1,1,1
221090017002,225,b3,0,3,605.0,44.6571734397332,3,162.5,2,2,1,162.5,22109,0.7674244,1,1,1
221090008004,31,b3,0,3,161.0,34.123369865095,3,186.48673308041828,2,2,2,186.48673308041828,22109,0.7674244,1,1,1
221090005005,21,b3,0,3,92.0,34.2594806703695,3,167.54411069506156,2,2,1,167.54411069506156,22109,0.7674244,1,1,1
221090006001,10,b3,0,3,56.0,33.9061391445891,3,189.8000030517578,2,2,2,189.8000030517578,22109,0.7674244,1,1,1
221090006003,13,b3,0,3,88.0,34.2028908623588,3,184.20577976575365,2,2,2,184.20577976575365,22109,0.7674244,1,1,1
221090006005,29,b3,0,3,116.0,33.8916079899384,3,174.83325814252032,2,2,2,174.83325814252032,22109,0.7674244,1,1,1
221090007001,22,b3,0,3,94.0,34.3334210691057,3,184.1317802552261,2,2,2,184.1317802552261,22109,0.7674244,1,1,1
221090007002,16,b3,0,3,74.0,34.2258262686112,3,185.4608460216299,2,2,2,185.4608460216299,22109,0.7674244,1,1,1
221090007003,8,b3,0,3,60.0,34.119587536977,3,186.1050715998205,2,2,2,186.1050715998205,22109,0.7674244,1,1,1
221090008001,13,b3,0,3,94.0,34.2881950869862,3,188.3999938964844,2,2,2,188.3999938964844,22109,0.7674244,1,1,1
221090009005,37,b3,0,3,132.0,34.2060937509675,3,179.13193176742044,2,2,2,179.13193176742044,22109,0.7674244,1,1,1
220710006073,13,b3,0,3,73.0,30.3890691077513,5,87.95630700966171,1,1,3,87.95630700966171,22071,0.06577263,1,1,1
221090010002,19,b3,0,3,87.0,33.431066658769,2,125.54854594669249,2,1,3,125.54854594669249,22109,0.7674244,1,1,1
221090010003,80,b3,0,3,295.0,33.8650704553623,3,151.16732481772897,2,2,2,151.16732481772897,22109,0.7674244,1,1,1
221090011001,23,b3,0,3,79.0,36.4836166645296,2,122.0999984741211,2,1,4,122.0999984741211,22109,0.7674244,1,1,1
220710006121,12,b3,0,3,100.0,30.6499524635636,5,98.1999969482422,1,1,3,98.1999969482422,22071,0.06577263,1,1,0
220710026001,8,b3,0,3,20.0,30.1183400407435,5,124.31905197102402,1,1,4,124.31905197102402,22071,0.06577263,1,1,1
220930402002,8,b3,0,3,34.0,43.8097014457873,4,124.62018076401704,2,1,2,124.62018076401704,22093,0.29947926,1,1,1
220930407003,20,b3,0,3,123.0,42.3888922928645,3,127.4000015258789,2,1,3,127.4000015258789,22093,0.29947926,1,1,1
220930404002,9,b3,0,3,66.0,40.9357046138894,4,140.52500915527344,2,1,2,140.52500915527344,22093,0.29947926,1,1,1
221210202002,8,b3,0,3,251.0,34.0442472805929,4,68.5999984741211,2,1,0,68.5999984741211,22121,0.36837128,0,0,1
220710006182,17,b3,0,3,100.0,30.5992590926059,5,91.20335061532197,1,1,3,91.20335061532197,22071,0.06577263,1,1,1
221210204011,23,b3,0,3,242.0,34.3396729349809,4,70.10983280644751,2,1,1,70.10983280644751,22121,0.36837128,0,0,1
220119602002,35,b3,0,3,141.0,42.2894684971225,3,181.23333740234375,2,2,2,181.23333740234375,22011,30.17836803,0,0,0
220119603004,8,b3,0,3,52.0,38.3785479570951,3,168.04714671029794,2,2,2,168.04714671029794,22011,30.17836803,0,0,0
220119601001,37,b3,0,3,142.0,42.5890393169711,4,275.4750061035156,2,2,1,275.4750061035156,22011,30.17836803,0,0,0
220119607003,44,b3,0,3,286.0,52.1562976266972,2,251.260009765625,2,2,2,251.260009765625,22011,30.17836803,0,0,0
220119602003,21,b3,0,3,85.0,39.937713889936,2,151.64999389648438,2,2,3,151.64999389648438,22011,30.17836803,0,0,0
220119602001,46,b3,0,3,186.0,53.7573189519287,3,162.8583221435547,2,2,1,162.8583221435547,22011,30.17836803,0,0,0
220710014024,4,b3,0,3,33.0,30.2002214171857,5,107.15821068362288,1,1,4,107.15821068362288,22071,0.06577263,1,1,1
221179506003,12,b3,0,3,100.0,29.8162970081845,4,103.54000091552734,1,1,4,103.54000091552734,22117,0.0022141099999999,0,0,0
220550019041,24,b3,0,3,144.0,38.0775469459652,3,150.37899677618685,2,2,2,150.37899677618685,22055,1.5760870500000002,0,0,1
220550019011,16,b3,0,3,166.0,39.1249791699504,3,142.10000610351562,2,1,2,142.10000610351562,22055,1.5760870500000002,0,0,0
221179505001,24,b3,0,3,115.0,30.164241263638,4,118.5749969482422,1,1,2,118.5749969482422,22117,0.0022141099999999,0,0,0
221179502004,45,b3,0,3,162.0,32.8073959073946,4,103.53333282470705,1,1,1,103.53333282470705,22117,0.0022141099999999,0,0,0
221179502001,19,b3,0,3,109.0,36.0857555348547,3,79.125,2,1,1,79.125,22117,0.0022141099999999,0,0,0
221179502002,29,b3,0,3,106.0,35.4515403965784,3,82.16666412353516,2,1,1,82.16666412353516,22117,0.0022141099999999,0,0,0
221179503002,19,b3,0,3,121.0,36.2448499158793,3,105.29999542236328,2,1,1,105.29999542236328,22117,0.0022141099999999,0,0,0
221179505002,32,b3,0,3,153.0,38.2232574197976,3,123.72538189002258,2,1,1,123.72538189002258,22117,0.0022141099999999,0,0,0
221179503001,21,b3,0,3,51.0,35.0336107629708,3,90.66666412353516,2,1,1,90.66666412353516,22117,0.0022141099999999,0,0,0
221179506001,8,b3,0,3,82.0,30.3580215857056,4,89.46666717529297,1,1,3,89.46666717529297,22117,0.0022141099999999,0,0,0
221179504002,12,b3,0,3,69.0,34.9177779709862,2,72.75999450683594,2,1,1,72.75999450683594,22117,0.0022141099999999,0,0,0
221179504001,12,b3,0,3,61.0,35.1422633512602,2,83.25,2,1,1,83.25,22117,0.0022141099999999,0,0,0
221159508001,12,b3,0,3,61.0,41.9911854923417,4,339.05999755859375,2,2,1,339.05999755859375,22115,19.00196373,0,0,0
221010411002,13,b3,0,3,95.0,32.6195758178516,5,103.28484344482422,1,1,3,103.28484344482422,22101,0.68496657,1,1,1
221010409002,12,b3,0,3,94.0,38.7444824100675,3,91.95066833496094,2,1,2,91.95066833496094,22101,0.68496657,1,1,1
220570217002,22,b3,0,3,102.0,33.3472958332063,3,133.8233922772679,2,1,3,133.8233922772679,22057,0.52554993,1,1,1
221059541011,61,b3,0,3,298.0,36.8236899710063,3,129.8400786330603,2,1,2,129.8400786330603,22105,0.00826522,0,1,1
221059542002,13,b3,0,3,112.0,36.914110064536,3,105.12042791113184,2,1,1,105.12042791113184,22105,0.00826522,0,1,1
221059543001,12,b3,0,3,80.0,37.5154218711141,3,95.33720243145596,2,1,2,95.33720243145596,22105,0.00826522,0,1,1
221059543002,12,b3,0,3,120.0,37.5842951922107,3,106.43227785664544,2,1,2,106.43227785664544,22105,0.00826522,0,1,1
221059543004,4,b3,0,3,44.0,37.582646571588,3,93.8000030517578,2,1,2,93.8000030517578,22105,0.00826522,0,1,1
221059544003,22,b3,0,3,119.0,37.2544333577255,3,96.94633902298465,2,1,1,96.94633902298465,22105,0.00826522,0,1,1
221059545021,21,b3,0,3,130.0,37.5775085338143,3,97.4538311403118,2,1,1,97.4538311403118,22105,0.00826522,0,1,1
221159506002,24,b3,0,3,98.0,36.5332122738387,2,169.81153391909427,2,2,1,169.81153391909427,22115,19.00196373,0,0,0
220190020001,17,b3,0,3,120.0,52.8780246911834,2,326.6000061035156,2,2,0,326.6000061035156,22019,32.47305225,0,1,0
220190016004,12,b3,0,3,103.0,52.3193634451979,2,314.8661206425823,2,2,1,314.8661206425823,22019,32.47305225,0,1,0
220690006004,13,b3,0,3,128.0,29.7103391889357,4,138.3000030517578,1,1,3,138.3000030517578,22069,0.0,0,0,0
220510256001,17,b3,0,3,99.0,30.1291385829941,5,91.65143573528267,1,1,5,91.65143573528267,22051,0.05823747,1,1,1
220510263001,16,b3,0,3,92.0,29.9814200747891,5,90.58797301471068,1,1,6,90.58797301471068,22051,0.05823747,1,1,1
220510279023,29,b3,0,3,160.0,39.1878559233351,4,86.0,2,1,4,86.0,22051,0.05823747,1,1,1
221210202001,8,b3,0,3,109.0,33.4070522397486,4,85.0999984741211,2,1,1,85.0999984741211,22121,0.36837128,0,0,1
221210203002,16,b3,0,3,113.0,33.5609232208717,4,77.19999694824219,2,1,1,77.19999694824219,22121,0.36837128,0,0,1
220510251032,46,b3,0,3,109.0,30.2579085852593,5,93.23210789478,1,1,3,93.23210789478,22051,0.05823747,1,1,1
220510251042,18,b3,0,3,67.0,30.2697014817193,5,95.04506052995404,1,1,3,95.04506052995404,22051,0.05823747,1,1,1
220510252012,12,b3,0,3,122.0,30.2138015140442,5,88.29193230290117,1,1,5,88.29193230290117,22051,0.05823747,1,1,1
220510255002,4,b3,0,3,63.0,30.1355815842744,5,90.4894927475196,1,1,5,90.4894927475196,22051,0.05823747,1,1,1
220510282002,4,b3,0,3,53.0,29.4154770067855,5,102.5999984741211,1,1,4,102.5999984741211,22051,0.05823747,1,1,1
220510205122,8,b3,0,3,122.0,29.0827984106589,5,125.4702725997778,1,1,3,125.4702725997778,22051,0.05823747,1,1,1
220850007003,4,b3,0,3,84.0,43.4809660048621,3,168.1199951171875,2,2,2,168.1199951171875,22085,0.0,0,0,0
220850001002,12,b3,0,3,100.0,41.4489914843731,3,184.3933258056641,2,2,1,184.3933258056641,22085,0.0,0,0,0
220850007001,12,b3,0,3,185.0,42.2493965159433,3,158.59999084472656,2,2,2,158.59999084472656,22085,0.0,0,0,0
220510239032,16,b3,0,3,138.0,29.2409214288909,5,108.3000030517578,1,1,1,108.3000030517578,22051,0.05823747,1,1,1
220510275012,40,b3,0,3,174.0,29.08134792643,5,115.3000030517578,1,1,4,115.3000030517578,22051,0.05823747,1,1,1
220090305001,27,b3,0,3,196.0,32.4751005074156,3,139.5,1,1,2,139.5,22009,1.52021072,0,0,0
220090303002,13,b3,0,3,146.0,31.0873018778859,3,131.5,1,1,2,131.5,22009,1.52021072,0,0,0
220510271001,16,b3,0,3,82.0,29.6350128259874,5,96.12828550039536,1,1,5,96.12828550039536,22051,0.05823747,1,1,1
220510230031,8,b3,0,3,68.0,29.4133563340251,5,102.11767495662862,1,1,1,102.11767495662862,22051,0.05823747,1,1,1
220550014051,12,b3,0,3,180.0,36.0291540636243,3,159.73978524181047,2,2,2,159.73978524181047,22055,1.5760870500000002,0,0,1
220550014052,8,b3,0,3,67.0,36.0197318356965,3,160.98229748616788,2,2,3,160.98229748616788,22055,1.5760870500000002,0,0,1
220550014053,27,b3,0,3,225.0,36.0726097224169,3,156.79133318432372,2,2,2,156.79133318432372,22055,1.5760870500000002,0,0,1
220550014054,12,b3,0,3,103.0,36.1836018519131,3,154.94962981045623,2,2,3,154.94962981045623,22055,1.5760870500000002,0,0,1
220550014061,26,b3,0,3,331.0,35.9860030125018,3,161.5,2,2,2,161.5,22055,1.5760870500000002,0,0,1
220550014062,43,b3,0,3,434.0,36.6530947927938,3,156.0770668001573,2,2,2,156.0770668001573,22055,1.5760870500000002,0,0,1
220550014044,43,b3,0,3,327.0,36.3130540528646,3,154.75423397588267,2,2,3,154.75423397588267,22055,1.5760870500000002,0,0,1
220279505003,4,b3,0,3,55.0,25.4532743020724,3,114.47272491455078,1,1,2,114.47272491455078,22027,0.0,0,0,0
220839703002,38,b3,0,3,112.0,20.3387091916461,0,193.6066741943359,1,2,0,193.6066741943359,22083,0.01253687,0,0,0
221139508001,5,b3,0,3,47.0,39.5570132040169,3,143.61578288304298,2,1,3,143.61578288304298,22113,12.34417553,0,1,0
220659602001,12,b3,0,3,143.0,21.4483326477693,1,122.07291412353516,1,1,1,122.07291412353516,22065,0.00606983,0,0,0
220659601001,4,b3,0,3,141.0,21.9175493142472,1,89.86571502685547,1,1,1,89.86571502685547,22065,0.00606983,0,0,0
220510278041,28,b3,0,3,119.0,30.1735036122371,5,91.16785184061912,1,1,3,91.16785184061912,22051,0.05823747,1,1,1
220530004005,13,b3,0,3,180.0,43.4138937996005,3,222.9888916015625,2,2,3,222.9888916015625,22053,34.29631719,0,1,0
220530002002,16,b3,0,3,55.0,50.8126997970484,3,251.1374969482422,2,2,0,251.1374969482422,22053,34.29631719,1,1,0
220530004001,16,b3,0,3,160.0,47.2268155793696,3,247.57142639160156,2,2,2,247.57142639160156,22053,34.29631719,1,1,0
220530004004,8,b3,0,3,63.0,44.2345314218685,3,275.4840193928816,2,2,2,275.4840193928816,22053,34.29631719,0,1,0
220530001001,18,b3,0,3,177.0,42.160155583313,2,236.60714721679688,2,2,2,236.60714721679688,22053,34.29631719,0,1,0
220530001002,4,b3,0,3,62.0,46.2521643131165,2,299.2333068847656,2,2,2,299.2333068847656,22053,34.29631719,0,1,0
220530004003,8,b3,0,3,68.0,44.0028102561836,3,270.0544341112724,2,2,2,270.0544341112724,22053,34.29631719,0,1,0
220530001003,50,b3,0,3,253.0,42.7727373504686,2,228.489990234375,2,2,3,228.489990234375,22053,34.29631719,0,1,0
220530003003,8,b3,0,3,86.0,49.4901191800436,2,238.7022524986039,2,2,2,238.7022524986039,22053,34.29631719,0,1,0
220530003001,32,b3,0,3,129.0,49.2746970120414,2,258.00665283203125,2,2,2,258.00665283203125,22053,34.29631719,0,1,0
220530002001,8,b3,0,3,140.0,49.4184332982443,2,376.3055419921875,2,2,0,376.3055419921875,22053,34.29631719,0,1,0
220530003004,8,b3,0,3,100.0,50.7331065348309,2,253.8999938964844,2,2,2,253.8999938964844,22053,34.29631719,0,1,0
220530002003,37,b3,0,3,223.0,48.4612758779873,2,300.55712890625,2,2,0,300.55712890625,22053,34.29631719,0,1,0
221159503003,20,b3,0,3,153.0,46.6314002619208,3,171.83531188964844,2,2,3,171.83531188964844,22115,19.00196373,0,0,0
221159504003,4,b3,0,3,39.0,41.7440986647486,2,143.83218284923487,2,1,4,143.83218284923487,22115,19.00196373,0,0,0
221159509003,12,b3,0,3,91.0,49.6063680219255,2,163.15713500976562,2,2,1,163.15713500976562,22115,19.00196373,0,0,0
221159501006,16,b3,0,3,104.0,40.2771072002137,2,205.68182373046875,2,2,1,205.68182373046875,22115,19.00196373,0,0,0
221159501004,13,b3,0,3,73.0,39.7438746886303,2,158.5749969482422,2,2,3,158.5749969482422,22115,19.00196373,0,0,0
221159501005,25,b3,0,3,104.0,38.0976053061336,2,172.63999938964844,2,2,2,172.63999938964844,22115,19.00196373,0,0,0
220530005001,14,b3,0,3,156.0,43.0158407609505,2,222.5,2,2,3,222.5,22053,34.29631719,0,1,0
220530005002,25,b3,0,3,164.0,42.1968681194877,2,220.5407847904835,2,2,3,220.5407847904835,22053,34.29631719,0,1,0
220530005004,18,b3,0,3,71.0,41.6077004606196,3,220.2148729115792,2,2,3,220.2148729115792,22053,34.29631719,0,1,0
220530006002,5,b3,0,3,42.0,43.1053842629853,2,222.58379083014864,2,2,3,222.58379083014864,22053,34.29631719,0,1,0
221159505004,19,b3,0,3,104.0,49.7915768637325,2,149.25,2,1,4,149.25,22115,19.00196373,0,0,0
221159501003,10,b3,0,3,65.0,38.7066094856808,2,147.0,2,1,4,147.0,22115,19.00196373,0,0,0
221159505005,27,b3,0,3,145.0,39.034559658428,2,156.0,2,2,3,156.0,22115,19.00196373,0,0,0
221159501002,8,b3,0,3,50.0,39.1147749964512,2,141.8333282470703,2,1,3,141.8333282470703,22115,19.00196373,0,0,0
221159508005,14,b3,0,3,67.0,45.3036476410477,3,158.65455627441406,2,2,3,158.65455627441406,22115,19.00196373,0,0,0
220510212002,43,b3,0,3,96.0,29.1644379975336,5,119.7934828676909,1,1,2,119.7934828676909,22051,0.05823747,1,1,1
221179504003,35,b3,0,3,147.0,36.4621551397095,2,103.47142791748048,2,1,1,103.47142791748048,22117,0.0022141099999999,0,0,0
221179505003,67,b3,0,3,244.0,41.0421288035692,3,113.09285736083984,2,1,2,113.09285736083984,22117,0.0022141099999999,0,0,0
220070505001,13,b3,0,3,63.0,40.5719665291002,3,109.75999450683594,2,1,1,109.75999450683594,22007,0.2395300699999999,1,1,1
220070506001,16,b3,0,3,96.0,38.9577338020374,3,97.0897103767368,2,1,1,97.0897103767368,22007,0.2395300699999999,1,1,1
220550006032,25,b3,0,3,122.0,37.6314707944001,3,163.51055270988215,2,2,2,163.51055270988215,22055,1.5760870500000002,0,0,1
220510236002,12,b3,0,3,66.0,29.2010636080926,5,111.1975213702824,1,1,2,111.1975213702824,22051,0.05823747,1,1,1
220510205022,45,b3,0,3,152.0,29.1353876289099,5,123.53549231916588,1,1,2,123.53549231916588,22051,0.05823747,1,1,1
220510277033,17,b3,0,3,62.0,30.3866396220416,5,88.9526450943743,1,1,5,88.9526450943743,22051,0.05823747,1,1,1
220510261002,20,b3,0,3,92.0,30.0800156387115,5,90.24288486429224,1,1,4,90.24288486429224,22051,0.05823747,1,1,1
220510272002,18,b3,0,3,59.0,29.61784168822,5,98.82008850882444,1,1,5,98.82008850882444,22051,0.05823747,1,1,1
220710140004,4,b3,0,3,15.0,29.994276980913,5,158.52012762903843,1,2,4,158.52012762903843,22071,0.06577263,1,1,1
220710017492,4,b3,0,3,40.0,34.6997153510278,4,93.08243272565672,2,1,5,93.08243272565672,22071,0.06577263,1,1,0
220070504002,9,b3,0,3,73.0,41.9894026817797,3,51.400001525878906,2,1,0,51.400001525878906,22007,0.2395300699999999,1,1,1
220510205082,25,b3,0,3,111.0,28.9426469423204,5,140.47632430127868,1,1,3,140.47632430127868,22051,0.05823747,1,1,1
220510205153,8,b3,0,3,54.0,28.9531738293301,5,140.14891195458662,1,1,3,140.14891195458662,22051,0.05823747,1,1,1
220510205152,27,b3,0,3,75.0,28.9145573193396,5,142.33901154084916,1,1,3,142.33901154084916,22051,0.05823747,1,1,1
220510205173,22,b3,0,3,91.0,29.0561421536476,5,132.39269661147117,1,1,3,132.39269661147117,22051,0.05823747,1,1,1
220330043021,18,b3,0,3,141.0,29.672597008481,4,222.6000061035156,1,2,1,222.6000061035156,22033,0.02202799,0,0,1
220510205171,14,b3,0,3,70.0,29.0935321839,5,124.06205544530316,1,1,2,124.06205544530316,22051,0.05823747,1,1,1
220510205111,4,b3,0,3,90.0,29.0469210431381,5,132.33033936927126,1,1,3,132.33033936927126,22051,0.05823747,1,1,1
220510205112,18,b3,0,3,80.0,29.0696599331867,5,124.50969914823256,1,1,2,124.50969914823256,22051,0.05823747,1,1,1
220510205113,12,b3,0,3,60.0,29.09955029888,5,122.8053620047282,1,1,2,122.8053620047282,22051,0.05823747,1,1,1
220510205121,13,b3,0,3,67.0,29.0355533714245,5,136.98695396072137,1,1,3,136.98695396072137,22051,0.05823747,1,1,1
220510205131,11,b3,0,3,91.0,29.1906318850226,5,111.69026034842948,1,1,2,111.69026034842948,22051,0.05823747,1,1,1
220510240013,12,b3,0,3,93.0,29.2432028586817,5,110.08569110045092,1,1,3,110.08569110045092,22051,0.05823747,1,1,1
220510240021,17,b3,0,3,79.0,29.2135238944,5,111.6500356752332,1,1,4,111.6500356752332,22051,0.05823747,1,1,1
220510241001,36,b3,0,3,137.0,29.3153469116468,5,106.47435402424982,1,1,4,106.47435402424982,22051,0.05823747,1,1,1
220510269001,36,b3,0,3,41.0,29.7960956376982,5,102.9656354807858,1,1,5,102.9656354807858,22051,0.05823747,1,1,1
220510270002,37,b3,0,3,142.0,29.6949613472441,5,92.8346815376451,1,1,5,92.8346815376451,22051,0.05823747,1,1,1
220510270003,15,b3,0,3,51.0,29.7571823832237,5,97.63360481420774,1,1,5,97.63360481420774,22051,0.05823747,1,1,1
220510271002,8,b3,0,3,74.0,29.6132349522679,5,97.1452134737942,1,1,5,97.1452134737942,22051,0.05823747,1,1,1
220510272003,13,b3,0,3,49.0,29.5956304778693,5,108.22082003436536,1,1,5,108.22082003436536,22051,0.05823747,1,1,1
220510272005,48,b3,0,3,82.0,29.6676745170558,5,107.80308083236778,1,1,5,107.80308083236778,22051,0.05823747,1,1,1
220619601002,8,b3,0,3,63.0,28.1461533292851,3,107.30769348144533,1,1,3,107.30769348144533,22061,0.0,0,0,0
220510282001,22,b3,0,3,57.0,29.6047925206832,5,117.0999984741211,1,1,5,117.0999984741211,22051,0.05823747,1,1,1
220619604002,34,b3,0,3,230.0,28.6381380212219,3,107.4000015258789,1,1,2,107.4000015258789,22061,0.0,0,0,0
220619601003,4,b3,0,3,44.0,28.0835814646241,2,106.8000030517578,1,1,3,106.8000030517578,22061,0.0,0,0,0
220619607001,26,b3,0,3,162.0,28.3678481521721,2,107.24444580078124,1,1,2,107.24444580078124,22061,0.0,0,0,0
220619606002,5,b3,0,3,35.0,27.4811777764826,2,123.08958609737824,1,1,2,123.08958609737824,22061,0.0,0,0,0
220619601001,44,b3,0,3,186.0,28.5361806687834,3,109.1374969482422,1,1,2,109.1374969482422,22061,0.0,0,0,0
220619605003,12,b3,0,3,140.0,29.4801070461039,3,109.1992153308379,1,1,2,109.1992153308379,22061,0.0,0,0,0
220619607003,43,b3,0,3,224.0,26.7976479945766,2,106.87777709960938,1,1,2,106.87777709960938,22061,0.0,0,0,0
220619605002,34,b3,0,3,201.0,29.7531514632018,3,109.13570086538591,1,1,2,109.13570086538591,22061,0.0,0,0,0
220570216013,36,b3,0,3,127.0,33.8544220386893,3,159.25,2,2,2,159.25,22057,0.52554993,1,1,1
220619602002,4,b3,0,3,94.0,28.1473566985651,3,105.8375015258789,1,1,2,105.8375015258789,22061,0.0,0,0,0
220619602003,8,b3,0,3,49.0,24.1437304891915,3,106.11111450195312,1,1,2,106.11111450195312,22061,0.0,0,0,0
220619603003,17,b3,0,3,51.0,27.8826018929032,3,104.93210842844712,1,1,1,104.93210842844712,22061,0.0,0,0,0
220619605001,32,b3,0,3,148.0,29.7728476034009,3,109.3000030517578,1,1,2,109.3000030517578,22061,0.0,0,0,0
220619606004,8,b3,0,3,60.0,26.5452100440558,3,115.26307841970896,1,1,2,115.26307841970896,22061,0.0,0,0,0
220570202022,49,b3,0,3,219.0,39.1995030824033,3,88.30000305175781,2,1,2,88.30000305175781,22057,0.52554993,1,1,1
220170215001,14,b3,0,3,90.0,33.2957951718977,1,43.100574019845126,2,1,0,43.100574019845126,22017,0.0,0,0,0
220170226003,4,b3,0,3,73.0,33.3280251366673,1,42.89926258650475,2,1,0,42.89926258650475,22017,0.0,0,0,0
220890632001,45,b3,0,3,204.0,35.5901550282635,4,120.32414245605467,2,1,4,120.32414245605467,22089,0.19315147,1,1,1
220890623023,24,b3,0,3,146.0,27.9508102280538,5,134.38627845331274,1,1,4,134.38627845331274,22089,0.19315147,1,1,1
220890629001,12,b3,0,3,110.0,28.2149426580921,5,124.91463557524088,1,1,4,124.91463557524088,22089,0.19315147,1,1,1
220890631001,42,b3,0,3,304.0,30.612169147462,5,116.6500015258789,1,1,5,116.6500015258789,22089,0.19315147,1,1,1
220890601001,43,b3,0,3,196.0,28.471586255986,5,143.24444580078125,1,1,2,143.24444580078125,22089,0.19315147,1,1,1
220890632004,42,b3,0,3,117.0,32.6807750148489,4,159.89999389648438,1,2,2,159.89999389648438,22089,0.19315147,1,1,1
220619609002,12,b3,0,3,103.0,26.5926592127842,3,118.18810268976478,1,1,2,118.18810268976478,22061,0.0,0,0,0
220619610001,13,b3,0,3,61.0,26.3245018786064,3,113.4000015258789,1,1,2,113.4000015258789,22061,0.0,0,0,0
220619610003,9,b3,0,3,101.0,27.2517922218716,3,113.74056086601692,1,1,2,113.74056086601692,22061,0.0,0,0,0
220170241062,4,b3,0,3,42.0,32.8652480843307,2,50.92509156419361,1,1,0,50.92509156419361,22017,0.0,0,0,0
220170242011,8,b3,0,3,128.0,32.1320456122399,2,47.901684220643595,1,1,0,47.901684220643595,22017,0.0,0,0,0
220570207031,46,b3,0,3,283.0,37.886218582657,3,93.9000015258789,2,1,2,93.9000015258789,22057,0.52554993,1,1,1
220570207043,4,b3,0,3,73.0,38.859558827844,3,101.25,2,1,1,101.25,22057,0.52554993,1,1,1
220570210001,24,b3,0,3,93.0,33.0489898455305,3,147.3874969482422,2,1,3,147.3874969482422,22057,0.52554993,1,1,1
220570216011,77,b3,0,3,226.0,33.4234745419908,3,144.29618471843318,2,1,3,144.29618471843318,22057,0.52554993,1,1,1
220570212002,39,b3,0,3,185.0,40.065243056365,3,110.97900390625,2,1,3,110.97900390625,22057,0.52554993,1,1,1
220570211001,113,b3,0,3,325.0,38.5819342327528,3,122.03408813476562,2,1,3,122.03408813476562,22057,0.52554993,1,1,1
220570219012,163,b3,0,3,474.0,34.4645152972347,4,150.89999389648438,2,2,1,150.89999389648438,22057,0.52554993,1,1,1
220570213002,26,b3,0,3,80.0,37.5186566874923,4,106.85032182012016,2,1,5,106.85032182012016,22057,0.52554993,1,1,1
220570219022,33,b3,0,3,120.0,34.4705685206279,2,140.23333740234375,2,1,2,140.23333740234375,22057,0.52554993,1,1,1
220690007003,8,b3,0,3,62.0,31.4612992140645,4,142.56486048139956,1,1,3,142.56486048139956,22069,0.0,0,0,0
220570216014,36,b3,0,3,197.0,33.3486373532091,3,136.39999389648438,2,1,3,136.39999389648438,22057,0.52554993,1,1,1
220170239051,55,b3,0,3,363.0,33.9805833122266,1,45.099998474121094,2,1,0,45.099998474121094,22017,0.0,0,0,0
220170241071,18,b3,0,3,139.0,32.9996113030151,2,48.92448184005175,1,1,0,48.92448184005175,22017,0.0,0,0,0
220190020004,74,b3,0,3,285.0,47.9703604206348,2,264.463134765625,2,2,0,264.463134765625,22019,32.47305225,1,1,0
220550014102,77,b3,0,3,598.0,41.4835422563579,3,169.73333740234375,2,2,3,169.73333740234375,22055,1.5760870500000002,0,0,1
220550019012,12,b3,0,3,160.0,40.400469371008,4,134.24424097236783,2,1,3,134.24424097236783,22055,1.5760870500000002,0,0,0
220550019013,12,b3,0,3,90.0,40.3629261211236,4,135.43058262133675,2,1,3,135.43058262133675,22055,1.5760870500000002,0,0,0
220550019014,12,b3,0,3,105.0,40.3339112513436,3,142.0500030517578,2,1,3,142.0500030517578,22055,1.5760870500000002,0,0,0
220550019021,28,b3,0,3,208.0,39.5251621881777,3,136.0,2,1,3,136.0,22055,1.5760870500000002,0,0,1
220550019022,18,b3,0,3,190.0,38.4392551872832,3,173.39999389648438,2,2,2,173.39999389648438,22055,1.5760870500000002,0,0,1
220550019023,20,b3,0,3,116.0,37.9753877719514,3,169.0894079081803,2,2,2,169.0894079081803,22055,1.5760870500000002,0,0,1
220550019031,16,b3,0,3,84.0,40.0756625758638,3,133.39999389648438,2,1,3,133.39999389648438,22055,1.5760870500000002,0,0,1
220710103004,8,b3,0,3,11.0,29.8986481266865,5,171.4586888106226,1,2,3,171.4586888106226,22071,0.06577263,1,1,1
220510270004,11,b3,0,3,48.0,29.7190734459523,5,98.51512415320464,1,1,5,98.51512415320464,22051,0.05823747,1,1,1
220930406002,10,b3,0,3,66.0,43.9385822333499,4,123.8249969482422,2,1,2,123.8249969482422,22093,0.29947926,1,1,1
220930403001,22,b3,0,3,253.0,42.8207607452742,4,133.89999389648438,2,1,2,133.89999389648438,22093,0.29947926,1,1,1
220550019033,20,b3,0,3,135.0,39.3589800567263,3,134.0,2,1,3,134.0,22055,1.5760870500000002,0,0,1
220550019042,11,b3,0,3,159.0,38.3434352810239,3,145.25618830672718,2,1,3,145.25618830672718,22055,1.5760870500000002,0,0,1
220550019051,44,b3,0,3,193.0,39.8571900562111,3,142.5,2,1,3,142.5,22055,1.5760870500000002,0,0,1
220550019052,5,b3,0,3,114.0,38.6532714536918,3,139.05972141665652,2,1,3,139.05972141665652,22055,1.5760870500000002,0,0,1
220550019053,18,b3,0,3,117.0,40.5338671583408,3,131.10000610351562,2,1,3,131.10000610351562,22055,1.5760870500000002,0,0,0
220550020011,16,b3,0,3,116.0,40.5061782710953,4,131.10000610351562,2,1,3,131.10000610351562,22055,1.5760870500000002,0,0,0
221030402011,82,b3,0,3,424.0,35.3580293069958,4,125.9000015258789,2,1,1,125.9000015258789,22103,0.05873937,0,1,0
221030413002,13,b3,0,3,83.0,29.3854925545451,5,104.53479251215036,1,1,3,104.53479251215036,22103,0.05873937,1,1,0
221030402021,61,b3,0,3,226.0,38.6813416283326,3,114.15999603271484,2,1,3,114.15999603271484,22103,0.05873937,0,1,0
221030412044,19,b3,0,3,178.0,29.8343483682584,4,117.4499969482422,1,1,5,117.4499969482422,22103,0.05873937,1,1,0
221030401026,31,b3,0,3,148.0,29.4666014841599,4,90.3000030517578,1,1,2,90.3000030517578,22103,0.05873937,0,1,0
221030403032,5,b3,0,3,195.0,29.2915351577038,5,110.96321945663968,1,1,3,110.96321945663968,22103,0.05873937,1,1,0
221030406011,24,b3,0,3,184.0,29.0783979189304,5,118.45253538438614,1,1,3,118.45253538438614,22103,0.05873937,0,1,0
221030412022,8,b3,0,3,66.0,29.8830229215906,5,116.46666717529295,1,1,3,116.46666717529295,22103,0.05873937,1,1,0
221030411031,25,b3,0,3,125.0,30.6237359059122,4,206.2629223782902,1,2,2,206.2629223782902,22103,0.05873937,1,1,0
221030408032,5,b3,0,3,108.0,31.0240253675842,4,250.5,1,2,2,250.5,22103,0.05873937,1,1,0
221030412092,22,b3,0,3,137.0,29.4711838474051,5,101.7675027211785,1,1,2,101.7675027211785,22103,0.05873937,1,1,0
221030412072,19,b3,0,3,221.0,29.3202172191365,5,103.02879081799416,1,1,2,103.02879081799416,22103,0.05873937,1,1,0
221030407051,37,b3,0,3,167.0,30.7822779986566,4,211.4431457880476,1,2,4,211.4431457880476,22103,0.05873937,0,1,0
221030412042,59,b3,0,3,302.0,30.0957099641296,4,126.25,1,1,5,126.25,22103,0.05873937,1,1,0
221030406051,13,b3,0,3,127.0,29.1750359724692,4,115.16877248631825,1,1,2,115.16877248631825,22103,0.05873937,0,1,0
221030404001,28,b3,0,3,199.0,33.9684340874506,4,117.5,2,1,2,117.5,22103,0.05873937,0,1,0
221030403053,52,b3,0,3,440.0,31.5648811273833,5,125.45676458535682,1,1,3,125.45676458535682,22103,0.05873937,1,1,0
221030403033,23,b3,0,3,136.0,29.3440243717394,5,105.99092458855232,1,1,3,105.99092458855232,22103,0.05873937,1,1,0
220170249001,12,b3,0,3,53.0,24.9967781587539,2,41.42727279663086,1,1,0,41.42727279663086,22017,0.0,0,0,0
220510278122,4,b3,0,3,42.0,30.0144191806862,5,89.21103627745848,1,1,3,89.21103627745848,22051,0.05823747,1,1,1
220510279012,59,b3,0,3,233.0,37.8671252728103,4,90.6750030517578,2,1,3,90.6750030517578,22051,0.05823747,1,1,1
221139510013,21,b3,0,3,223.0,41.0629809001867,3,183.2527418752064,2,2,2,183.2527418752064,22113,12.34417553,0,1,0
221139511001,14,b3,0,3,80.0,38.4676315994853,2,113.95581817626952,2,1,4,113.95581817626952,22113,12.34417553,1,1,0
220530007002,14,b3,0,3,72.0,41.5441827162868,3,221.06797146673463,2,2,3,221.06797146673463,22053,34.29631719,0,1,0
220530003002,12,b3,0,3,74.0,49.4388573150938,2,248.23513098846695,2,2,2,248.23513098846695,22053,34.29631719,0,1,0
220550014071,27,b3,0,3,250.0,36.2401441887189,3,158.89334344441153,2,2,2,158.89334344441153,22055,1.5760870500000002,0,0,1
220550014072,35,b3,0,3,538.0,36.9229578897233,3,153.87763154702128,2,2,2,153.87763154702128,22055,1.5760870500000002,0,0,1
220550014111,42,b3,0,3,346.0,36.2026672082777,3,158.3000030517578,2,2,3,158.3000030517578,22055,1.5760870500000002,0,0,1
220550014092,5,b3,0,3,143.0,37.0763659110884,3,147.07702611211178,2,1,4,147.07702611211178,22055,1.5760870500000002,0,0,1
220550014093,45,b3,0,3,272.0,36.7966495191931,3,146.52976463163282,2,1,4,146.52976463163282,22055,1.5760870500000002,0,0,1
220550014094,29,b3,0,3,192.0,36.5199818317913,3,149.06264877458418,2,1,4,149.06264877458418,22055,1.5760870500000002,0,0,1
220550017005,10,b3,0,3,105.0,37.8074970395996,3,138.3144725975872,2,1,3,138.3144725975872,22055,1.5760870500000002,0,0,1
220550017001,24,b3,0,3,159.0,37.4256595234372,3,142.33251196674118,2,1,3,142.33251196674118,22055,1.5760870500000002,0,0,1
220550018021,20,b3,0,3,113.0,36.8553912782267,3,161.5274444572038,2,2,2,161.5274444572038,22055,1.5760870500000002,0,0,1
220550018023,12,b3,0,3,91.0,37.231301290338,3,159.6433378165486,2,2,2,159.6433378165486,22055,1.5760870500000002,0,0,1
220550017004,6,b3,0,3,78.0,37.5641592528339,3,142.8000030517578,2,1,3,142.8000030517578,22055,1.5760870500000002,0,0,1
220550018012,8,b3,0,3,72.0,37.7825696006942,3,146.91413466508362,2,1,3,146.91413466508362,22055,1.5760870500000002,0,0,1
220510251041,4,b3,0,3,90.0,30.2385733382232,5,94.40499801274592,1,1,3,94.40499801274592,22051,0.05823747,1,1,1
220510268002,19,b3,0,3,51.0,29.8201357195675,5,89.72370698763997,1,1,6,89.72370698763997,22051,0.05823747,1,1,1
220510278091,28,b3,0,3,105.0,30.63899896661,5,86.75255935998995,1,1,5,86.75255935998995,22051,0.05823747,1,1,1
220510201012,14,b3,0,3,113.0,29.7623510333635,5,98.86065124093246,1,1,2,98.86065124093246,22051,0.05823747,1,1,1
220510277031,6,b3,0,3,63.0,29.7690805617885,5,88.26916003309881,1,1,5,88.26916003309881,22051,0.05823747,1,1,1
220510277032,12,b3,0,3,57.0,30.2223121857882,5,88.2390739300308,1,1,5,88.2390739300308,22051,0.05823747,1,1,1
220510280003,25,b3,0,3,99.0,30.9166106495337,5,92.10714474750256,1,1,4,92.10714474750256,22051,0.05823747,1,1,1
220510280002,51,b3,0,3,304.0,32.228419070529,5,83.51590460785704,1,1,4,83.51590460785704,22051,0.05823747,1,1,1
220510278031,8,b3,0,3,118.0,30.1470413033966,5,89.73426705461357,1,1,3,89.73426705461357,22051,0.05823747,1,1,1
220510201023,15,b3,0,3,56.0,29.7164273622019,5,99.21204453138331,1,1,2,99.21204453138331,22051,0.05823747,1,1,1
220510202021,8,b3,0,3,76.0,29.6030189940248,5,98.88658728428273,1,1,3,98.88658728428273,22051,0.05823747,1,1,1
220170205002,17,b3,0,3,123.0,30.946403342062,2,38.51575779246478,1,1,0,38.51575779246478,22017,0.0,0,0,0
220170228001,4,b3,0,3,67.0,34.0042390376238,1,45.99614354366386,2,1,0,45.99614354366386,22017,0.0,0,0,0
220570206001,18,b3,0,3,109.0,37.9989780705615,3,82.04104890175691,2,1,2,82.04104890175691,22057,0.52554993,1,1,1
220630404012,41,b3,0,3,343.0,36.3513953289271,4,119.0201272524488,2,1,1,119.0201272524488,22063,0.03585767,0,1,1
220630403032,52,b3,0,3,284.0,32.7779143639339,5,194.37241506904115,1,2,1,194.37241506904115,22063,0.03585767,0,1,1
220630403031,29,b3,0,3,237.0,32.9163259995129,5,184.3000030517578,1,2,1,184.3000030517578,22063,0.03585767,0,1,1
220630408052,34,b3,0,3,369.0,35.511854425085,4,129.89999389648438,2,1,1,129.89999389648438,22063,0.03585767,0,1,1
220630403014,34,b3,0,3,253.0,32.6993275359528,5,191.1000061035156,1,2,1,191.1000061035156,22063,0.03585767,0,1,1
220630403033,108,b3,0,3,560.0,32.2528168928422,5,199.0,1,2,1,199.0,22063,0.03585767,0,1,1
220630403042,35,b3,0,3,211.0,33.9413103485453,4,157.39999389648438,2,2,0,157.39999389648438,22063,0.03585767,0,1,1
220630408042,89,b3,0,3,660.0,36.1656577855588,4,103.5999984741211,2,1,1,103.5999984741211,22063,0.03585767,0,1,1
220630408043,115,b3,0,3,585.0,35.622271858411,4,74.80000305175781,2,1,1,74.80000305175781,22063,0.03585767,0,1,1
220630407003,45,b3,0,3,286.0,34.1969716237468,4,136.0438678620318,2,1,1,136.0438678620318,22063,0.03585767,0,1,1
221030406041,13,b3,0,3,110.0,29.2598096410031,5,104.6113802550588,1,1,2,104.6113802550588,22103,0.05873937,0,1,0
220570201003,12,b3,0,3,64.0,38.1935454743853,3,83.27806682744368,2,1,2,83.27806682744368,22057,0.52554993,1,1,1
220890623011,50,b3,0,3,204.0,28.4226448667643,5,133.3000030517578,1,1,4,133.3000030517578,22089,0.19315147,1,1,1
220890623021,22,b3,0,3,129.0,27.8914047530696,5,142.4707751687989,1,1,4,142.4707751687989,22089,0.19315147,1,1,1
220170253002,10,b3,0,3,91.0,32.0875578990318,2,39.80057234053505,1,1,0,39.80057234053505,22017,0.0,0,0,0
220890623022,12,b3,0,3,75.0,27.9282805592692,5,142.26259428222272,1,1,4,142.26259428222272,22089,0.19315147,1,1,1
220890624002,20,b3,0,3,88.0,28.5491291562245,4,151.60812868254018,1,2,3,151.60812868254018,22089,0.19315147,1,1,1
220890625001,14,b3,0,3,46.0,29.4856639022568,4,149.0,1,1,3,149.0,22089,0.19315147,1,1,1
220890625002,33,b3,0,3,156.0,29.6379615508051,4,156.54484163911644,1,2,2,156.54484163911644,22089,0.19315147,1,1,1
220890625004,4,b3,0,3,53.0,28.9821039768128,4,161.16494431677918,1,2,2,161.16494431677918,22089,0.19315147,1,1,1
220890627003,18,b3,0,3,143.0,28.3476763303604,4,161.5500030517578,1,2,3,161.5500030517578,22089,0.19315147,1,1,1
220170239042,4,b3,0,3,79.0,34.141766190014,1,44.54105571494309,2,1,0,44.54105571494309,22017,0.0,0,0,0
220319502003,4,b3,0,3,77.0,34.9994944515428,1,91.39121785729527,2,1,2,91.39121785729527,22031,0.0,0,0,0
220790124002,19,b3,0,3,90.0,32.2787178213987,3,210.6000061035156,1,2,1,210.6000061035156,22079,4.49269524,0,0,0
221159507032,12,b3,0,3,116.0,39.9695009037556,2,166.60000610351562,2,2,2,166.60000610351562,22115,19.00196373,0,0,0
221159507021,15,b3,0,3,47.0,36.2448274983319,2,154.54680314591354,2,2,3,154.54680314591354,22115,19.00196373,0,0,0
220330017002,12,b3,0,3,63.0,32.9441866924847,4,117.56992168275396,1,1,1,117.56992168275396,22033,0.02202799,0,0,1
220330039061,13,b3,0,3,71.0,33.1783553019939,4,112.91825222548408,2,1,1,112.91825222548408,22033,0.02202799,0,0,1
220170246011,18,b3,0,3,99.0,30.9264171175174,2,35.25,1,1,0,35.25,22017,0.0,0,0,0
220170244003,4,b3,0,3,58.0,30.8358256281,2,41.71018796476609,1,1,0,41.71018796476609,22017,0.0,0,0,0
220990203021,14,b3,0,3,187.0,37.6403305227169,2,124.23333740234376,2,1,2,124.23333740234376,22099,2.17976609,0,1,1
220990206001,8,b3,0,3,73.0,37.8963720076512,3,129.6999969482422,2,1,4,129.6999969482422,22099,2.17976609,0,1,1
220190026002,13,b3,0,3,107.0,52.6969886003344,2,203.11287917395185,2,2,3,203.11287917395185,22019,32.47305225,0,1,0
220190024004,4,b3,0,3,67.0,51.5899464171027,3,192.60875467710324,2,2,2,192.60875467710324,22019,32.47305225,0,1,0
220190007004,8,b3,0,3,77.0,54.2566180960939,4,226.9052588045076,2,2,2,226.9052588045076,22019,32.47305225,0,1,0
220190009001,18,b3,0,3,74.0,48.7758117189892,2,268.43922159730965,2,2,1,268.43922159730965,22019,32.47305225,0,1,0
220190020002,74,b3,0,3,236.0,45.3829520928881,2,372.3714294433594,2,2,0,372.3714294433594,22019,32.47305225,0,1,0
220190036002,8,b3,0,3,213.0,51.5812042761659,2,358.03997802734375,2,2,1,358.03997802734375,22019,32.47305225,0,1,0
220190036001,12,b3,0,3,109.0,51.7357449603443,3,269.3999938964844,2,2,1,269.3999938964844,22019,32.47305225,0,1,0
220190001001,4,b3,0,3,99.0,52.4720419492275,2,252.97546068516843,2,2,1,252.97546068516843,22019,32.47305225,0,1,0
220190009003,8,b3,0,3,92.0,49.1846322608526,2,252.6630044024704,2,2,1,252.6630044024704,22019,32.47305225,0,1,0
220450303011,24,b3,0,3,157.0,39.2283223638366,4,114.3000030517578,2,1,3,114.3000030517578,22045,3.09661809,0,1,1
220050310001,21,b3,0,3,146.0,37.6117055897039,3,91.6500015258789,2,1,1,91.6500015258789,22005,0.01186332,1,1,1
220050310003,5,b3,0,3,71.0,36.9259764728283,3,74.05615134292283,2,1,1,74.05615134292283,22005,0.01186332,0,1,1
220170226001,4,b3,0,3,49.0,33.0926890875907,1,41.45874741679758,2,1,0,41.45874741679758,22017,0.0,0,0,0
220170227001,8,b3,0,3,69.0,33.6802280095686,1,43.38063225961397,2,1,0,43.38063225961397,22017,0.0,0,0,0
220170228002,13,b3,0,3,74.0,33.5581415583707,1,45.22894965986231,2,1,0,45.22894965986231,22017,0.0,0,0,0
220170228004,6,b3,0,3,78.0,34.0334593546726,1,46.30519284165554,2,1,0,46.30519284165554,22017,0.0,0,0,0
220170229002,8,b3,0,3,113.0,34.2832893411661,1,48.10976102426832,2,1,0,48.10976102426832,22017,0.0,0,0,0
220170230001,15,b3,0,3,93.0,34.3448740039,1,46.400001525878906,2,1,0,46.400001525878906,22017,0.0,0,0,0
220170230002,21,b3,0,3,151.0,34.1952360672544,1,46.012156200138186,2,1,0,46.012156200138186,22017,0.0,0,0,0
220170230003,8,b3,0,3,119.0,34.0414274815428,1,43.77811388518763,2,1,0,43.77811388518763,22017,0.0,0,0,0
220570204002,12,b3,0,3,35.0,38.554094680054,3,85.50927941945699,2,1,2,85.50927941945699,22057,0.52554993,1,1,1
220570220002,12,b3,0,3,67.0,38.3000370855269,3,86.7300911738001,2,1,2,86.7300911738001,22057,0.52554993,1,1,1
220570202021,18,b3,0,3,120.0,39.6287509854651,3,113.89718661226526,2,1,2,113.89718661226526,22057,0.52554993,1,1,1
220170231002,8,b3,0,3,73.0,34.061241837254,1,43.432423510873456,2,1,0,43.432423510873456,22017,0.0,0,0,0
220190010001,20,b3,0,3,107.0,55.2294969751128,3,238.06745696872193,2,2,2,238.06745696872193,22019,32.47305225,0,1,0
220190010002,8,b3,0,3,79.0,54.8607751767589,4,221.8664060651116,2,2,2,221.8664060651116,22019,32.47305225,0,1,0
220190012011,4,b3,0,3,56.0,47.6166186061711,2,266.014062276034,2,2,1,266.014062276034,22019,32.47305225,0,1,0
220190011001,10,b3,0,3,75.0,54.9215567848516,3,243.73447392944965,2,2,2,243.73447392944965,22019,32.47305225,0,1,0
220190011002,13,b3,0,3,86.0,55.2806011698414,3,245.5850015392569,2,2,2,245.5850015392569,22019,32.47305225,0,1,0
220190012012,12,b3,0,3,62.0,55.014262724784,3,248.5,2,2,1,248.5,22019,32.47305225,0,1,0
220190012013,12,b3,0,3,59.0,55.6476104199838,3,258.8725696301061,2,2,1,258.8725696301061,22019,32.47305225,0,1,0
220570219023,11,b3,0,3,128.0,35.2145363101372,3,133.9604220799964,2,1,2,133.9604220799964,22057,0.52554993,1,1,1
220570216012,45,b3,0,3,140.0,33.544467354754,3,160.6999969482422,2,2,2,160.6999969482422,22057,0.52554993,1,1,1
220570207041,23,b3,0,3,186.0,40.2485997650272,3,124.10000610351562,2,1,1,124.10000610351562,22057,0.52554993,1,1,1
220570207021,12,b3,0,3,141.0,39.1113416808622,3,84.29999542236328,2,1,2,84.29999542236328,22057,0.52554993,1,1,1
220570214003,41,b3,0,3,129.0,33.1063443404296,4,119.25,2,1,4,119.25,22057,0.52554993,1,1,1
220570211002,52,b3,0,3,178.0,32.1934148658976,5,128.89999389648438,1,1,5,128.89999389648438,22057,0.52554993,1,1,1
220570208002,25,b3,0,3,121.0,40.8389162158325,3,128.875,2,1,3,128.875,22057,0.52554993,1,1,1
220570201002,18,b3,0,3,89.0,38.3673499593299,3,82.26914249840661,2,1,2,82.26914249840661,22057,0.52554993,1,1,1
220570210003,29,b3,0,3,100.0,32.55825334132,5,124.0199966430664,1,1,4,124.0199966430664,22057,0.52554993,1,1,1
220570212001,38,b3,0,3,169.0,38.8590185908436,4,114.63333129882812,2,1,5,114.63333129882812,22057,0.52554993,1,1,1
220570208003,32,b3,0,3,78.0,38.0828943830954,2,138.1444549560547,2,1,2,138.1444549560547,22057,0.52554993,1,1,1
220570210002,32,b3,0,3,99.0,35.1574141889017,4,138.43809509277344,2,1,4,138.43809509277344,22057,0.52554993,1,1,1
220570207042,22,b3,0,3,221.0,40.3844027089688,3,99.46666717529295,2,1,2,99.46666717529295,22057,0.52554993,1,1,1
220570211004,27,b3,0,3,114.0,36.8517067644908,4,98.9111099243164,2,1,4,98.9111099243164,22057,0.52554993,1,1,1
220570216022,26,b3,0,3,171.0,34.128734374626,3,100.34000396728516,2,1,5,100.34000396728516,22057,0.52554993,1,1,1
220570209001,28,b3,0,3,73.0,35.5975295171152,2,154.0500030517578,2,2,1,154.0500030517578,22057,0.52554993,1,1,1
220570214001,27,b3,0,3,147.0,32.3454948101759,5,112.0,1,1,6,112.0,22057,0.52554993,1,1,1
220570219021,32,b3,0,3,109.0,33.9531603169804,2,171.3000030517578,2,2,2,171.3000030517578,22057,0.52554993,1,1,1
220170243013,13,b3,0,3,103.0,30.4180014959066,2,39.900001525878906,1,1,0,39.900001525878906,22017,0.0,0,0,0
220170241045,16,b3,0,3,121.0,33.7018269784376,1,51.27217273093236,2,1,0,51.27217273093236,22017,0.0,0,0,0
220890631004,14,b3,0,3,112.0,28.6178045418502,5,127.3000030517578,1,1,5,127.3000030517578,22089,0.19315147,1,1,1
220510224001,14,b3,0,3,110.0,29.7395467648871,5,102.03458767622156,1,1,3,102.03458767622156,22051,0.05823747,1,1,1
220510224002,8,b3,0,3,74.0,29.7744637289116,5,102.19529667645467,1,1,4,102.19529667645467,22051,0.05823747,1,1,1
220570213001,30,b3,0,3,78.0,37.1576715940514,4,117.8000030517578,2,1,5,117.8000030517578,22057,0.52554993,1,1,1
220570214002,49,b3,0,3,129.0,32.3462265414085,5,125.3000030517578,1,1,3,125.3000030517578,22057,0.52554993,1,1,1
220510244001,5,b3,0,3,72.0,29.5457058868467,5,103.00053054457368,1,1,3,103.00053054457368,22051,0.05823747,1,1,1
220170238005,4,b3,0,3,119.0,34.1133638015394,1,43.26297643898928,2,1,0,43.26297643898928,22017,0.0,0,0,0
220170228003,8,b3,0,3,44.0,33.7427345798687,1,45.24801750552549,2,1,0,45.24801750552549,22017,0.0,0,0,0
220170249002,15,b3,0,3,110.0,25.9415194075972,2,67.76667022705078,1,1,0,67.76667022705078,22017,0.0,0,0,0
220170242031,17,b3,0,3,96.0,30.3929431603978,2,60.96000289916992,1,1,0,60.96000289916992,22017,0.0,0,0,0
220170245043,29,b3,0,3,181.0,28.1404967738444,2,95.5500030517578,1,1,1,95.5500030517578,22017,0.0,0,0,0
220510276011,12,b3,0,3,75.0,29.2898747587197,5,106.23844086417373,1,1,4,106.23844086417373,22051,0.05823747,1,1,1
220510271003,16,b3,0,3,46.0,29.5656201163459,5,98.04387335672732,1,1,5,98.04387335672732,22051,0.05823747,1,1,1
221059540011,28,b3,0,3,190.0,36.0874488539004,3,121.54091856585528,2,1,1,121.54091856585528,22105,0.00826522,0,1,1
220690008005,8,b3,0,3,96.0,32.9213456706394,4,136.9166717529297,1,1,3,136.9166717529297,22069,0.0,0,0,0
220690008001,12,b3,0,3,67.0,35.8463838100633,3,128.00714111328125,2,1,3,128.00714111328125,22069,0.0,0,0,0
220190013004,12,b3,0,3,48.0,56.2500923258283,3,245.70076888581684,2,2,3,245.70076888581684,22019,32.47305225,0,1,0
220190013002,32,b3,0,3,103.0,56.1009861295843,3,241.84185019062664,2,2,3,241.84185019062664,22019,32.47305225,0,1,0
220190013003,25,b3,0,3,94.0,56.5742719062994,3,244.5789824614398,2,2,3,244.5789824614398,22019,32.47305225,0,1,0
220190013001,33,b3,0,3,149.0,57.2545339415996,3,247.0122909220048,2,2,3,247.0122909220048,22019,32.47305225,0,1,0
220890627001,36,b3,0,3,127.0,28.2104212516352,4,168.10000610351562,1,2,3,168.10000610351562,22089,0.19315147,1,1,1
220890628001,16,b3,0,3,123.0,28.1707431823594,5,137.57319719945733,1,1,4,137.57319719945733,22089,0.19315147,1,1,1
220890628003,21,b3,0,3,173.0,29.7795875233045,5,151.67614847045877,1,2,3,151.67614847045877,22089,0.19315147,1,1,1
220290004005,4,b3,0,3,110.0,28.7729930380114,3,60.98033690498866,1,1,0,60.98033690498866,22029,0.00757152,0,0,0
220290004004,16,b3,0,3,105.0,28.6849601382771,3,62.248301130463894,1,1,0,62.248301130463894,22029,0.00757152,0,0,0
220570218002,24,b3,0,3,91.0,34.951565313528,2,160.70878484601707,2,2,2,160.70878484601707,22057,0.52554993,1,1,1
221030401031,34,b3,0,3,156.0,29.3106948091227,4,118.5999984741211,1,1,3,118.5999984741211,22103,0.05873937,0,1,0
221030402022,63,b3,0,3,283.0,28.9069516999674,4,131.5,1,1,3,131.5,22103,0.05873937,0,1,0
221030401032,52,b3,0,3,148.0,29.1828927222248,4,114.9000015258789,1,1,3,114.9000015258789,22103,0.05873937,0,1,0
221030401033,12,b3,0,3,96.0,29.1977752899917,4,117.20000457763672,1,1,3,117.20000457763672,22103,0.05873937,0,1,0
221030401041,26,b3,0,3,236.0,29.9209927133837,4,108.0,1,1,3,108.0,22103,0.05873937,0,1,0
220890631002,12,b3,0,3,175.0,28.0953404330341,5,124.43337923393514,1,1,5,124.43337923393514,22089,0.19315147,1,1,1
220890631003,20,b3,0,3,255.0,28.3045686220094,5,129.7163149763157,1,1,5,129.7163149763157,22089,0.19315147,1,1,1
220450304005,24,b3,0,3,179.0,38.546132136362,4,118.8000030517578,2,1,3,118.8000030517578,22045,3.09661809,1,1,1
220890632003,23,b3,0,3,131.0,31.3346507944716,4,162.10000610351562,1,2,3,162.10000610351562,22089,0.19315147,1,1,1
220170229003,9,b3,0,3,94.0,33.6645791168938,1,45.856817259643755,2,1,0,45.856817259643755,22017,0.0,0,0,0
220990204001,25,b3,0,3,121.0,37.254554793222,3,113.70000457763672,2,1,2,113.70000457763672,22099,2.17976609,0,1,1
220990201001,16,b3,0,3,94.0,36.5699744835519,2,111.93478393554688,2,1,1,111.93478393554688,22099,2.17976609,0,1,1
220990201004,14,b3,0,3,109.0,36.0832947594527,4,104.83333587646484,2,1,2,104.83333587646484,22099,2.17976609,0,1,1
220990203011,23,b3,0,3,234.0,37.8013641773775,2,114.0,2,1,4,114.0,22099,2.17976609,0,1,1
220990203012,22,b3,0,3,140.0,36.9152832657866,2,161.1999969482422,2,2,2,161.1999969482422,22099,2.17976609,0,1,1
220990203022,16,b3,0,3,186.0,38.2423497481379,3,110.1999969482422,2,1,3,110.1999969482422,22099,2.17976609,0,1,1
220990205011,13,b3,0,3,149.0,36.9999373663627,3,170.0,2,2,3,170.0,22099,2.17976609,0,1,1
220990203023,25,b3,0,3,145.0,38.3144213487041,1,127.9499969482422,2,1,3,127.9499969482422,22099,2.17976609,0,1,1
220990210002,20,b3,0,3,115.0,38.6827884538745,4,51.97142791748047,2,1,0,51.97142791748047,22099,2.17976609,1,1,1
220170254052,39,b3,0,3,189.0,29.3565467189169,2,59.443146182639936,1,1,0,59.443146182639936,22017,0.0,0,0,0
220990204004,8,b3,0,3,69.0,37.8275340541361,5,97.64775669361173,2,1,3,97.64775669361173,22099,2.17976609,0,1,1
220450304004,26,b3,0,3,290.0,37.8737420416521,5,121.5999984741211,2,1,3,121.5999984741211,22045,3.09661809,0,1,1
220450311002,12,b3,0,3,198.0,36.4346851514226,5,109.17846805423277,2,1,3,109.17846805423277,22045,3.09661809,0,1,1
220450312002,11,b3,0,3,110.0,36.8957171168837,5,120.0999984741211,2,1,3,120.0999984741211,22045,3.09661809,0,1,1
220510278121,22,b3,0,3,115.0,30.7090500617729,5,87.4000015258789,1,1,3,87.4000015258789,22051,0.05823747,1,1,1
220510278074,44,b3,0,3,174.0,29.8813810154937,5,85.4194790013376,1,1,4,85.4194790013376,22051,0.05823747,1,1,1
220330039071,12,b3,0,3,69.0,32.9085475574039,5,129.91242225052235,1,1,1,129.91242225052235,22033,0.02202799,0,0,1
220190001002,12,b3,0,3,59.0,52.9348857064076,2,247.2412314725617,2,2,1,247.2412314725617,22019,32.47305225,0,1,0
220190006005,8,b3,0,3,23.0,50.038520954964,2,266.8439948547782,2,2,1,266.8439948547782,22019,32.47305225,0,1,0
220190007002,12,b3,0,3,59.0,54.0375264433002,4,229.96093480610728,2,2,2,229.96093480610728,22019,32.47305225,0,1,0
220570215001,32,b3,0,3,115.0,32.6582644545465,5,117.56280759578486,1,1,5,117.56280759578486,22057,0.52554993,1,1,1
220170241091,4,b3,0,3,73.0,33.8429258074615,1,54.29387037156131,2,1,0,54.29387037156131,22017,0.0,0,0,0
220170242021,29,b3,0,3,180.0,32.1086376678524,2,46.79999923706055,1,1,0,46.79999923706055,22017,0.0,0,0,0
220170243011,8,b3,0,3,98.0,29.2194806807744,2,52.5,1,1,0,52.5,22017,0.0,0,0,0
220170244002,8,b3,0,3,120.0,30.4569220302925,2,40.44999694824219,1,1,0,40.44999694824219,22017,0.0,0,0,0
220170245041,48,b3,0,3,241.0,26.6842183220177,2,65.06363677978516,1,1,0,65.06363677978516,22017,0.0,0,0,0
220170205001,8,b3,0,3,40.0,30.673501356362,2,37.71174894112258,1,1,0,37.71174894112258,22017,0.0,0,0,0
220170210001,20,b3,0,3,118.0,32.2730866794717,2,39.92998042104629,1,1,0,39.92998042104629,22017,0.0,0,0,0
220170212001,16,b3,0,3,51.0,32.7030716269544,2,40.94553232382734,1,1,0,40.94553232382734,22017,0.0,0,0,0
220170213001,8,b3,0,3,70.0,32.699762780988,2,41.765111963315654,1,1,0,41.765111963315654,22017,0.0,0,0,0
221119603001,27,b3,0,3,144.0,27.7115975256119,2,104.1199951171875,1,1,3,104.1199951171875,22111,0.0,0,0,0
220570205004,46,b3,0,3,183.0,38.530750177878,3,81.3601124957907,2,1,2,81.3601124957907,22057,0.52554993,1,1,1
220570207033,6,b3,0,3,53.0,37.9069011496699,3,86.09416419394177,2,1,2,86.09416419394177,22057,0.52554993,1,1,1
220570207032,32,b3,0,3,232.0,37.9437159171342,3,92.4008410137669,2,1,2,92.4008410137669,22057,0.52554993,1,1,1
220570212003,32,b3,0,3,162.0,34.5594355305346,4,124.642145220595,2,1,4,124.642145220595,22057,0.52554993,1,1,1
220570218003,19,b3,0,3,60.0,34.954076334556,2,160.13633897241968,2,2,2,160.13633897241968,22057,0.52554993,1,1,1
220050304011,50,b3,0,3,263.0,39.3963549699863,4,86.0999984741211,2,1,1,86.0999984741211,22005,0.01186332,0,1,1
220510205162,8,b3,0,3,87.0,28.9737616866372,5,138.9779492699864,1,1,3,138.9779492699864,22051,0.05823747,1,1,1
220510205163,8,b3,0,3,62.0,28.9294710381583,5,140.83861941110732,1,1,3,140.83861941110732,22051,0.05823747,1,1,1
220190014004,12,b3,0,3,124.0,50.3483694689436,2,326.8333435058594,2,2,0,326.8333435058594,22019,32.47305225,0,1,0
220170243014,15,b3,0,3,106.0,30.4576093795234,2,41.79999923706055,1,1,0,41.79999923706055,22017,0.0,0,0,0
220170243031,13,b3,0,3,256.0,31.337064562567,2,43.599998474121094,1,1,0,43.599998474121094,22017,0.0,0,0,0
220170243032,8,b3,0,3,142.0,30.3954077490028,2,40.88705407554339,1,1,0,40.88705407554339,22017,0.0,0,0,0
220170243033,8,b3,0,3,72.0,31.2490689560588,2,43.45972646412596,1,1,0,43.45972646412596,22017,0.0,0,0,0
220170243034,18,b3,0,3,92.0,31.0103662616716,2,42.24091101476446,1,1,0,42.24091101476446,22017,0.0,0,0,0
221119606001,33,b3,0,3,143.0,25.2620289600465,2,100.5,1,1,2,100.5,22111,0.0,0,0,0
221119606002,57,b3,0,3,169.0,27.8726330558493,2,100.8874969482422,1,1,2,100.8874969482422,22111,0.0,0,0,0
221119603003,5,b3,0,3,48.0,24.9889298322403,2,125.66666412353516,1,1,2,125.66666412353516,22111,0.0,0,0,0
221119605001,16,b3,0,3,42.0,23.7589518906576,1,86.57499694824219,1,1,2,86.57499694824219,22111,0.0,0,0,0
221119602004,11,b3,0,3,52.0,25.4480887832057,2,104.5749969482422,1,1,3,104.5749969482422,22111,0.0,0,0,0
221119604001,12,b3,0,3,85.0,29.1508489364408,2,102.00085914655251,1,1,2,102.00085914655251,22111,0.0,0,0,0
221119602003,4,b3,0,3,54.0,23.7958495818826,2,99.4250030517578,1,1,2,99.4250030517578,22111,0.0,0,0,0
221119601001,19,b3,0,3,55.0,23.6275119350425,2,89.37222290039062,1,1,2,89.37222290039062,22111,0.0,0,0,0
221119603002,12,b3,0,3,44.0,24.3155804609473,2,102.53333282470705,1,1,3,102.53333282470705,22111,0.0,0,0,0
221119601003,20,b3,0,3,72.0,27.9775149223697,2,101.91364288330078,1,1,3,101.91364288330078,22111,0.0,0,0,0
221119605002,52,b3,0,3,227.0,25.6043856281564,2,97.44615936279295,1,1,2,97.44615936279295,22111,0.0,0,0,0
220790132002,36,b3,0,3,185.0,29.9866917579858,3,211.0363616943359,1,2,1,211.0363616943359,22079,4.49269524,0,0,0
221119604002,9,b3,0,3,109.0,29.8556579298096,2,101.7371560788356,1,1,2,101.7371560788356,22111,0.0,0,0,0
221119602001,16,b3,0,3,94.0,24.1732285161251,2,129.91818237304688,1,1,2,129.91818237304688,22111,0.0,0,0,0
221119601004,33,b3,0,3,148.0,26.8784440331872,2,103.6300048828125,1,1,3,103.6300048828125,22111,0.0,0,0,0
220790106002,12,b3,0,3,105.0,37.0306489507409,3,211.8000030517578,2,2,1,211.8000030517578,22079,4.49269524,0,0,0
220790133004,15,b3,0,3,108.0,33.4332193021857,3,222.15789794921875,2,2,1,222.15789794921875,22079,4.49269524,0,0,0
220790137003,7,b3,0,3,118.0,30.4377329853218,3,229.8999938964844,1,2,0,229.8999938964844,22079,4.49269524,0,0,0
220790133001,18,b3,0,3,161.0,33.0427882644183,2,212.3500061035156,2,2,1,212.3500061035156,22079,4.49269524,0,0,0
220790101002,41,b3,0,3,220.0,30.8386918980793,3,245.3000030517578,1,2,0,245.3000030517578,22079,4.49269524,0,0,0
220790132004,15,b3,0,3,204.0,30.1616650366906,3,233.4150494901325,1,2,1,233.4150494901325,22079,4.49269524,0,0,0
220790137001,12,b3,0,3,45.0,30.1844474648661,3,240.0833282470703,1,2,0,240.0833282470703,22079,4.49269524,0,0,0
220790103002,12,b3,0,3,168.0,30.6682327331232,3,225.0,1,2,1,225.0,22079,4.49269524,0,0,0
220170216002,19,b3,0,3,61.0,33.0252902209184,1,40.67964864996649,2,1,0,40.67964864996649,22017,0.0,0,0,0
220170241072,17,b3,0,3,124.0,33.2971552013828,1,52.34460475912267,2,1,0,52.34460475912267,22017,0.0,0,0,0
220550007002,8,b3,0,3,120.0,37.1108440340983,3,162.43124648420817,2,2,2,162.43124648420817,22055,1.5760870500000002,0,0,1
220330040092,98,b3,0,3,634.0,34.3274156650172,4,81.80000305175781,2,1,1,81.80000305175781,22033,0.02202799,0,0,1
220510267001,12,b3,0,3,47.0,29.8600600554577,5,89.0926141865458,1,1,6,89.0926141865458,22051,0.05823747,1,1,1
220510268001,9,b3,0,3,58.0,29.8112696352624,5,89.16079779569944,1,1,6,89.16079779569944,22051,0.05823747,1,1,1
220510278093,9,b3,0,3,78.0,31.0127788542015,5,84.38403924982305,1,1,5,84.38403924982305,22051,0.05823747,1,1,1
220550022002,24,b3,0,3,257.0,35.9057003622843,3,164.3000030517578,2,2,2,164.3000030517578,22055,1.5760870500000002,0,0,1
220550005002,4,b3,0,3,37.0,36.0396926714117,3,164.58988654802167,2,2,2,164.58988654802167,22055,1.5760870500000002,0,0,1
220550005004,13,b3,0,3,58.0,36.490333568477,3,161.3334073305901,2,2,2,161.3334073305901,22055,1.5760870500000002,0,0,1
220170215002,12,b3,0,3,59.0,33.0888090963594,1,42.702912551192426,2,1,0,42.702912551192426,22017,0.0,0,0,0
220570218001,24,b3,0,3,89.0,33.4579536499997,3,145.8000030517578,2,1,3,145.8000030517578,22057,0.52554993,1,1,1
220170216003,4,b3,0,3,52.0,32.8064992093555,2,40.43876362917654,1,1,0,40.43876362917654,22017,0.0,0,0,0
220170217002,12,b3,0,3,148.0,32.4972003053529,2,39.76364162994974,1,1,0,39.76364162994974,22017,0.0,0,0,0
220510278064,19,b3,0,3,101.0,29.8202168144645,5,86.01807210474911,1,1,5,86.01807210474911,22051,0.05823747,1,1,1
220510278075,32,b3,0,3,130.0,29.9001193998009,5,85.9251729721274,1,1,5,85.9251729721274,22051,0.05823747,1,1,1
220550006041,9,b3,0,3,116.0,37.4318731800796,3,161.65052920391707,2,2,2,161.65052920391707,22055,1.5760870500000002,0,0,1
220550006023,24,b3,0,3,162.0,36.6246775277546,3,165.54612218285683,2,2,2,165.54612218285683,22055,1.5760870500000002,0,0,1
220550007001,17,b3,0,3,138.0,36.4014248663406,3,163.90078030935214,2,2,2,163.90078030935214,22055,1.5760870500000002,0,0,1
220570219011,45,b3,0,3,192.0,33.9270817673307,3,173.85805854719413,2,2,2,173.85805854719413,22057,0.52554993,1,1,1
220170241073,9,b3,0,3,75.0,33.506269179033,1,52.67949173892209,2,1,0,52.67949173892209,22017,0.0,0,0,0
220170241083,8,b3,0,3,82.0,33.7971564962265,1,53.47473702824963,2,1,0,53.47473702824963,22017,0.0,0,0,0
220170241085,22,b3,0,3,192.0,33.7866888212355,1,56.05379198415497,2,1,0,56.05379198415497,22017,0.0,0,0,0
220170254051,56,b3,0,3,262.0,30.3757750750592,2,35.0772816847572,1,1,0,35.0772816847572,22017,0.0,0,0,0
220190016002,12,b3,0,3,56.0,49.5111252394649,2,293.54309231224494,2,2,1,293.54309231224494,22019,32.47305225,0,1,0
220330038023,4,b3,0,3,79.0,32.4045482830915,6,134.78909007186198,1,1,1,134.78909007186198,22033,0.02202799,0,0,1
220330039072,4,b3,0,3,59.0,32.9230737438513,5,118.25435813835124,1,1,1,118.25435813835124,22033,0.02202799,0,0,1
220330039073,8,b3,0,3,59.0,33.1680641065209,4,117.92263566652402,2,1,1,117.92263566652402,22033,0.02202799,0,0,1
220330039081,4,b3,0,3,58.0,33.0090662878329,4,135.58874539153695,2,1,1,135.58874539153695,22033,0.02202799,0,0,1
220330039082,12,b3,0,3,82.0,33.3756640502822,4,118.09093910770063,2,1,1,118.09093910770063,22033,0.02202799,0,0,1
220330039083,22,b3,0,3,102.0,33.5753378153667,4,113.8874066943002,2,1,1,113.8874066943002,22033,0.02202799,0,0,1
220330040051,17,b3,0,3,135.0,32.8686639685551,6,88.51780523211211,1,1,1,88.51780523211211,22033,0.02202799,0,0,1
220319507003,4,b3,0,3,66.0,36.8859753908555,1,104.4800033569336,2,1,1,104.4800033569336,22031,0.0,0,0,0
220319501001,44,b3,0,3,228.0,35.8311044962194,1,89.89166259765625,2,1,1,89.89166259765625,22031,0.0,0,0,0
220330040052,4,b3,0,3,30.0,33.2804438004911,4,63.55691503150518,2,1,0,63.55691503150518,22033,0.02202799,0,0,1
220330040061,24,b3,0,3,253.0,32.6460960643427,6,92.0966498931004,1,1,1,92.0966498931004,22033,0.02202799,0,0,1
220319505001,4,b3,0,3,55.0,39.696689133325,2,139.08570861816406,2,1,2,139.08570861816406,22031,0.0,0,0,0
220319503001,16,b3,0,3,94.0,34.887135048388,1,110.94285583496094,2,1,1,110.94285583496094,22031,0.0,0,0,0
220330051001,12,b3,0,3,71.0,33.2890054049763,3,103.04896009325928,2,1,1,103.04896009325928,22033,0.02202799,0,0,1
220330046031,4,b3,0,3,27.0,32.6697383173238,5,103.61666870117188,1,1,1,103.61666870117188,22033,0.02202799,0,0,1
220330017001,16,b3,0,3,117.0,33.0919709433858,4,96.22837645487614,2,1,1,96.22837645487614,22033,0.02202799,0,0,1
220330019001,4,b3,0,3,86.0,32.5035055029546,6,127.18420402770452,1,1,1,127.18420402770452,22033,0.02202799,0,0,1
221179501011,12,b3,0,3,90.0,29.7792651548206,4,111.875,1,1,3,111.875,22117,0.0022141099999999,0,0,0
221179510003,12,b3,0,3,82.0,30.0012898810476,4,127.0,1,1,4,127.0,22117,0.0022141099999999,0,0,0
220330019002,16,b3,0,3,64.0,32.6583852110551,5,125.3621864846719,1,1,1,125.3621864846719,22033,0.02202799,0,0,1
220330019003,4,b3,0,3,60.0,32.8720973597352,5,116.91227707725432,1,1,1,116.91227707725432,22033,0.02202799,0,0,1
220330020001,10,b3,0,3,137.0,32.0920577284131,6,142.83503349472343,1,1,1,142.83503349472343,22033,0.02202799,0,0,1
220330020002,17,b3,0,3,133.0,32.3057968814909,6,136.75964604473407,1,1,1,136.75964604473407,22033,0.02202799,0,0,1
220330037023,18,b3,0,3,76.0,31.9267399163083,5,148.91311407122768,1,1,2,148.91311407122768,22033,0.02202799,0,0,1
220330037031,8,b3,0,3,74.0,32.2802341166539,5,145.4331293787855,1,1,1,145.4331293787855,22033,0.02202799,0,0,1
220330037032,12,b3,0,3,83.0,32.225237451734,5,146.03874296230745,1,1,2,146.03874296230745,22033,0.02202799,0,0,1
220330037034,13,b3,0,3,86.0,32.0682811568486,5,148.07712521134718,1,1,2,148.07712521134718,22033,0.02202799,0,0,1
220330025004,12,b3,0,3,109.0,33.5292242543982,4,60.626308262967555,2,1,0,60.626308262967555,22033,0.02202799,0,0,1
220330026011,12,b3,0,3,108.0,33.3202986767749,4,62.74111207119013,2,1,0,62.74111207119013,22033,0.02202799,0,0,1
220330038013,62,b3,0,3,639.0,32.9011110279927,5,100.0,1,1,1,100.0,22033,0.02202799,0,0,1
220330026012,12,b3,0,3,124.0,33.3283556651697,4,71.12537271549098,2,1,1,71.12537271549098,22033,0.02202799,0,0,1
220330026022,10,b3,0,3,124.0,33.2434870320704,4,75.19899821358169,2,1,1,75.19899821358169,22033,0.02202799,0,0,1
220330027001,4,b3,0,3,49.0,33.1492776610729,4,94.05925428551323,2,1,1,94.05925428551323,22033,0.02202799,0,0,1
220330052002,12,b3,0,3,133.0,33.5453485528003,3,66.04858704948782,2,1,0,66.04858704948782,22033,0.02202799,0,0,1
221030410043,31,b3,0,3,138.0,30.7220911053399,4,207.6248480932955,1,2,3,207.6248480932955,22103,0.05873937,1,1,0
220330044013,14,b3,0,3,155.0,30.7115879712388,4,186.8000030517578,1,2,1,186.8000030517578,22033,0.02202799,0,0,1
220330045051,40,b3,0,3,237.0,34.7298669564906,4,98.73708486483724,2,1,1,98.73708486483724,22033,0.02202799,0,0,1
220330044011,18,b3,0,3,142.0,30.5524543769135,4,183.58217335065768,1,2,1,183.58217335065768,22033,0.02202799,0,0,1
220330018001,8,b3,0,3,36.0,32.4317724268771,5,128.54620701735217,1,1,1,128.54620701735217,22033,0.02202799,0,0,1
220330042033,4,b3,0,3,41.0,32.3322691706157,4,159.56373618743868,1,2,0,159.56373618743868,22033,0.02202799,0,0,1
220330047001,4,b3,0,3,96.0,31.2195093900139,5,203.0800018310547,1,2,1,203.0800018310547,22033,0.02202799,0,0,1
220330044035,4,b3,0,3,42.0,32.2947007720699,4,148.46162529260505,1,1,1,148.46162529260505,22033,0.02202799,0,0,1
220330030002,7,b3,0,3,35.0,33.2804287443352,4,94.6999969482422,2,1,1,94.6999969482422,22033,0.02202799,0,0,1
220330030001,4,b3,0,3,26.0,32.6639148555085,4,135.93743614192647,1,1,1,135.93743614192647,22033,0.02202799,0,0,1
220330032022,8,b3,0,3,83.0,31.0542145143367,4,176.0202854746227,1,2,0,176.0202854746227,22033,0.02202799,0,0,1
220330044032,16,b3,0,3,71.0,32.8135431802028,5,159.3000030517578,1,2,0,159.3000030517578,22033,0.02202799,0,0,1
220330044033,8,b3,0,3,94.0,31.904084324471,4,160.16349973257593,1,2,0,160.16349973257593,22033,0.02202799,0,0,1
220330047002,15,b3,0,3,71.0,28.8608243551536,4,226.26666259765625,1,2,0,226.26666259765625,22033,0.02202799,0,0,1
220330043012,15,b3,0,3,160.0,30.1884269764317,5,199.3999938964844,1,2,1,199.3999938964844,22033,0.02202799,0,0,1
220330044012,20,b3,0,3,99.0,30.7068776307229,5,197.6000061035156,1,2,0,197.6000061035156,22033,0.02202799,0,0,1
220330039041,10,b3,0,3,67.0,32.8280809598166,5,135.71365222594753,1,1,1,135.71365222594753,22033,0.02202799,0,0,1
220330040054,12,b3,0,3,152.0,33.1255200482188,5,80.30000305175781,2,1,1,80.30000305175781,22033,0.02202799,0,0,1
220330035064,16,b3,0,3,107.0,31.6946967401666,5,153.37613121039897,1,2,0,153.37613121039897,22033,0.02202799,0,0,1
220710006042,4,b3,0,3,53.0,30.3143565796536,5,86.95978018672155,1,1,3,86.95978018672155,22071,0.06577263,1,1,1
220330040161,18,b3,0,3,226.0,34.6640383741269,4,72.6645490529761,2,1,1,72.6645490529761,22033,0.02202799,0,0,1
220330042032,9,b3,0,3,55.0,31.9664207999099,4,185.6000061035156,1,2,0,185.6000061035156,22033,0.02202799,0,0,1
220330043011,16,b3,0,3,140.0,29.9182445843471,4,216.8000030517578,1,2,0,216.8000030517578,22033,0.02202799,0,0,1
220330044022,28,b3,0,3,235.0,31.468810256221,4,158.89999389648438,1,2,0,158.89999389648438,22033,0.02202799,0,0,1
220730009001,8,b3,0,3,55.0,22.8492331204497,1,122.32038997654756,1,1,1,122.32038997654756,22073,0.0,0,0,0
220170247001,26,b3,0,3,49.0,30.993929776163,2,37.900001525878906,1,1,0,37.900001525878906,22017,0.0,0,0,0
220170247002,14,b3,0,3,64.0,30.6445324250574,2,36.84088610191386,1,1,0,36.84088610191386,22017,0.0,0,0,0
220170250003,13,b3,0,3,121.0,23.6367809382924,2,43.099998474121094,1,1,0,43.099998474121094,22017,0.0,0,0,0
220170239032,39,b3,0,3,205.0,33.8336641169265,1,48.94275836535587,2,1,0,48.94275836535587,22017,0.0,0,0,0
220170239033,16,b3,0,3,144.0,33.6175468916472,1,60.599998474121094,2,1,0,60.599998474121094,22017,0.0,0,0,0
220170240003,38,b3,0,3,254.0,33.0310679297231,1,74.30000305175781,2,1,1,74.30000305175781,22017,0.0,0,0,0
220170243042,16,b3,0,3,148.0,30.2480748279872,2,56.79999923706055,1,1,0,56.79999923706055,22017,0.0,0,0,0
220170244001,24,b3,0,3,111.0,30.2999741397073,2,37.82255914756373,1,1,0,37.82255914756373,22017,0.0,0,0,0
220170246022,4,b3,0,3,41.0,30.470157283199,2,43.0,1,1,0,43.0,22017,0.0,0,0,0
220170246025,13,b3,0,3,62.0,30.5736989726371,2,39.79999923706055,1,1,0,39.79999923706055,22017,0.0,0,0,0
221179503003,20,b3,0,3,74.0,37.4071268445763,3,106.9000015258789,2,1,1,106.9000015258789,22117,0.0022141099999999,0,0,0
221059540012,8,b3,0,3,51.0,35.5671508704467,3,126.80183654193256,2,1,1,126.80183654193256,22105,0.00826522,0,1,1
221059540022,19,b3,0,3,106.0,36.321835753286,3,99.5,2,1,1,99.5,22105,0.00826522,0,1,1
221179501012,4,b3,0,3,89.0,29.5298955394749,4,117.8000030517578,1,1,2,117.8000030517578,22117,0.0022141099999999,0,0,0
221179509001,12,b3,0,3,104.0,29.8792314718631,4,113.3300652118802,1,1,4,113.3300652118802,22117,0.0022141099999999,0,0,0
221179501021,34,b3,0,3,141.0,33.8420860418056,3,76.37857818603516,2,1,1,76.37857818603516,22117,0.0022141099999999,0,0,0
221139501001,79,b3,0,3,277.0,39.1509505278698,3,130.5500030517578,2,1,3,130.5500030517578,22113,12.34417553,0,1,0
221139505002,20,b3,0,3,116.0,36.7582963345498,4,110.0500030517578,2,1,4,110.0500030517578,22113,12.34417553,0,1,0
221139509021,26,b3,0,3,217.0,41.0561895788716,3,160.3000030517578,2,2,3,160.3000030517578,22113,12.34417553,0,1,1
220399501002,24,b3,0,3,75.0,35.0647563066007,2,307.7699890136719,2,2,2,307.7699890136719,22039,4.6647587800000005,0,0,0
220190022012,30,b3,0,3,240.0,46.7470135773595,2,267.8999938964844,2,2,0,267.8999938964844,22019,32.47305225,0,1,0
220190022032,38,b3,0,3,238.0,48.2628877345777,2,288.7257669794793,2,2,1,288.7257669794793,22019,32.47305225,0,1,0
220190022042,33,b3,0,3,180.0,46.9053319479305,3,292.9065651496242,2,2,0,292.9065651496242,22019,32.47305225,0,1,0
220190022043,19,b3,0,3,135.0,47.4341204388293,3,350.3999938964844,2,2,0,350.3999938964844,22019,32.47305225,0,1,0
220510217004,15,b3,0,3,111.0,29.3814806030843,5,96.8000030517578,1,1,3,96.8000030517578,22051,0.05823747,1,1,1
220510230011,11,b3,0,3,135.0,29.5234035279067,5,102.20974104024523,1,1,2,102.20974104024523,22051,0.05823747,1,1,1
220330039042,16,b3,0,3,92.0,32.3689867923559,5,144.07425957486512,1,1,2,144.07425957486512,22033,0.02202799,0,0,1
220330001001,8,b3,0,3,39.0,32.4849627868639,4,156.4416547576295,1,2,0,156.4416547576295,22033,0.02202799,0,0,1
221139504003,10,b3,0,3,76.0,36.1488606292061,3,113.20333397734883,2,1,4,113.20333397734883,22113,12.34417553,0,1,0
220330003001,12,b3,0,3,52.0,32.6508466809526,4,139.41368410216072,1,1,1,139.41368410216072,22033,0.02202799,0,0,1
220690004002,4,b3,0,3,51.0,34.3215770197746,3,144.10000610351562,2,1,4,144.10000610351562,22069,0.0,0,0,0
220190018011,22,b3,0,3,139.0,54.727386399093,3,179.16000366210938,2,2,0,179.16000366210938,22019,32.47305225,1,1,0
221010408001,39,b3,0,3,223.0,37.1903060846942,4,68.84782409667969,2,1,0,68.84782409667969,22101,0.68496657,1,1,1
221010405001,23,b3,0,3,120.0,37.6584418755019,5,57.525573974471904,2,1,0,57.525573974471904,22101,0.68496657,1,1,1
221010402002,46,b3,0,3,174.0,37.1340431966497,4,59.571059716359485,2,1,0,59.571059716359485,22101,0.68496657,1,1,1
221010409001,28,b3,0,3,105.0,36.3540937031294,5,73.8778568613431,2,1,1,73.8778568613431,22101,0.68496657,1,1,1
221010407003,24,b3,0,3,98.0,38.8163896585292,5,63.51609012636737,2,1,0,63.51609012636737,22101,0.68496657,1,1,1
221010405002,44,b3,0,3,252.0,38.2357647364549,5,57.400001525878906,2,1,0,57.400001525878906,22101,0.68496657,1,1,1
220430201002,9,b3,0,3,50.0,28.8727910183769,3,183.7611083984375,1,2,0,183.7611083984375,22043,0.0,0,0,0
220430204014,6,b3,0,3,54.0,32.4675338707661,3,166.0600128173828,1,2,1,166.0600128173828,22043,0.0,0,0,0
220430202001,16,b3,0,3,131.0,36.5915764859228,3,122.9888916015625,2,1,2,122.9888916015625,22043,0.0,0,0,0
220430204012,19,b3,0,3,143.0,28.1840336238,3,227.1999969482422,1,2,0,227.1999969482422,22043,0.0,0,0,0
220430202002,12,b3,0,3,42.0,34.0789706299588,1,135.74444580078125,2,1,2,135.74444580078125,22043,0.0,0,0,0
220430204013,11,b3,0,3,101.0,32.220275982463,3,177.33749389648438,1,2,0,177.33749389648438,22043,0.0,0,0,0
220430204021,47,b3,0,3,294.0,31.4262156618189,3,204.6999969482422,1,2,1,204.6999969482422,22043,0.0,0,0,0
220430201001,16,b3,0,3,73.0,28.9518394586438,3,142.0785675048828,1,1,2,142.0785675048828,22043,0.0,0,0,0
220430204011,20,b3,0,3,47.0,27.2261050428041,3,219.3999938964844,1,2,0,219.3999938964844,22043,0.0,0,0,0
220430203001,4,b3,0,3,57.0,36.7506708031778,2,175.0625,2,2,1,175.0625,22043,0.0,0,0,0
220430204015,19,b3,0,3,144.0,30.7288555352094,3,206.8666534423828,1,2,0,206.8666534423828,22043,0.0,0,0,0
220239702013,8,b3,0,3,140.0,51.0368307955479,3,170.89999389648438,2,2,4,170.89999389648438,22023,89.29875362,1,1,0
220570211005,39,b3,0,3,89.0,33.0599060072619,4,113.60000610351562,2,1,4,113.60000610351562,22057,0.52554993,1,1,1
220570215002,35,b3,0,3,63.0,32.982070401465,5,118.5999984741211,1,1,5,118.5999984741211,22057,0.52554993,1,1,1
220570215003,21,b3,0,3,94.0,32.3504695940799,5,116.74321456142326,1,1,5,116.74321456142326,22057,0.52554993,1,1,1
220570215004,12,b3,0,3,87.0,32.4328940397964,5,113.00643297210722,1,1,5,113.00643297210722,22057,0.52554993,1,1,1
220690002002,4,b3,0,3,93.0,31.9134408728635,4,180.51251220703125,1,2,3,180.51251220703125,22069,0.0,0,0,0
220690005002,8,b3,0,3,84.0,32.7633255830777,4,146.39280954234107,1,1,3,146.39280954234107,22069,0.0,0,0,0
221059535002,8,b3,0,3,67.0,34.7424984359942,3,128.6333465576172,2,1,1,128.6333465576172,22105,0.00826522,0,1,0
221059539002,22,b3,0,3,89.0,35.6848573901613,3,186.0,2,2,0,186.0,22105,0.00826522,0,1,1
221059539004,24,b3,0,3,169.0,35.8644581524286,3,164.60000610351562,2,2,0,164.60000610351562,22105,0.00826522,0,1,1
220690006003,16,b3,0,3,64.0,31.2143900110048,4,136.98282677093633,1,1,3,136.98282677093633,22069,0.0,0,0,0
221090009004,24,b3,0,3,69.0,34.2652821684249,3,178.1844730968932,2,2,2,178.1844730968932,22109,0.7674244,1,1,1
221010401002,8,b3,0,3,72.0,37.4092673652784,4,80.69999694824219,2,1,1,80.69999694824219,22101,0.68496657,1,1,1
220190026001,22,b3,0,3,119.0,52.7056503000529,2,226.7216503502075,2,2,3,226.7216503502075,22019,32.47305225,0,1,0
220190026004,12,b3,0,3,69.0,52.6898405792431,2,218.1426460923869,2,2,3,218.1426460923869,22019,32.47305225,0,1,0
220190027004,72,b3,0,3,269.0,52.5782397196604,3,190.16000366210935,2,2,3,190.16000366210935,22019,32.47305225,0,1,0
220190028003,16,b3,0,3,70.0,51.7024705315725,2,188.9426338032699,2,2,3,188.9426338032699,22019,32.47305225,0,1,0
220190028001,26,b3,0,3,110.0,51.9511857393497,3,188.17641839872272,2,2,3,188.17641839872272,22019,32.47305225,0,1,0
220710017301,14,b3,0,3,54.0,38.6519197235223,4,132.25,2,1,4,132.25,22071,0.06577263,1,1,0
220399503003,21,b3,0,3,82.0,35.0915736114522,3,228.61001586914065,2,2,2,228.61001586914065,22039,4.6647587800000005,0,0,0
220399502002,12,b3,0,3,73.0,34.5221128915169,4,379.6466674804687,2,2,2,379.6466674804687,22039,4.6647587800000005,0,0,0
220399501004,22,b3,0,3,151.0,34.8756765624208,3,253.65554809570312,2,2,2,253.65554809570312,22039,4.6647587800000005,0,0,0
220399508002,12,b3,0,3,89.0,34.8817338432353,3,194.4142913818359,2,2,2,194.4142913818359,22039,4.6647587800000005,0,0,1
220399501003,12,b3,0,3,188.0,34.7277910613631,2,333.5999755859375,2,2,2,333.5999755859375,22039,4.6647587800000005,0,0,0
220399504001,20,b3,0,3,142.0,34.5770451157875,3,259.3000183105469,2,2,2,259.3000183105469,22039,4.6647587800000005,0,0,0
220399508003,24,b3,0,3,90.0,38.4705038226852,3,207.44285583496097,2,2,2,207.44285583496097,22039,4.6647587800000005,0,0,0
220399507001,8,b3,0,3,83.0,36.0718519676635,3,172.8000030517578,2,2,1,172.8000030517578,22039,4.6647587800000005,0,0,1
220399504003,12,b3,0,3,96.0,37.476170439328,3,237.98974714766015,2,2,2,237.98974714766015,22039,4.6647587800000005,0,0,0
220450303012,10,b3,0,3,103.0,37.6950363663854,5,111.06754930248654,2,1,3,111.06754930248654,22045,3.09661809,0,1,1
220419501001,21,b3,0,3,107.0,20.7104504406168,0,148.1266632080078,1,1,1,148.1266632080078,22041,0.00585853,0,0,0
220550020012,8,b3,0,3,158.0,39.1972387228926,3,141.39999389648438,2,1,3,141.39999389648438,22055,1.5760870500000002,0,0,1
220550020013,16,b3,0,3,104.0,38.0167611131249,4,174.99616204740042,2,2,2,174.99616204740042,22055,1.5760870500000002,0,0,1
220550020021,19,b3,0,3,180.0,37.0764562280364,3,194.3999938964844,2,2,2,194.3999938964844,22055,1.5760870500000002,0,0,1
220550020022,21,b3,0,3,88.0,38.1692952721252,3,159.42377302334654,2,2,2,159.42377302334654,22055,1.5760870500000002,0,0,1
220550020023,12,b3,0,3,104.0,37.6408360676154,3,156.8000030517578,2,2,2,156.8000030517578,22055,1.5760870500000002,0,0,1
220550021011,23,b3,0,3,145.0,37.8364017406003,4,183.3000030517578,2,2,2,183.3000030517578,22055,1.5760870500000002,0,0,1
220710017254,19,b3,0,3,71.0,32.3967541521437,5,91.02217186191425,1,1,3,91.02217186191425,22071,0.06577263,1,1,0
220550021012,25,b3,0,3,203.0,36.5189991802365,3,175.40778165698305,2,2,2,175.40778165698305,22055,1.5760870500000002,0,0,1
220550021013,8,b3,0,3,78.0,36.5623242826234,3,182.097585274542,2,2,2,182.097585274542,22055,1.5760870500000002,0,0,1
220550021022,24,b3,0,3,195.0,36.7773052212361,2,160.60000610351562,2,2,2,160.60000610351562,22055,1.5760870500000002,0,0,1
220550021032,12,b3,0,3,69.0,35.3961052893119,3,173.33918858092665,2,2,2,173.33918858092665,22055,1.5760870500000002,0,0,1
220550021033,23,b3,0,3,134.0,35.3544962552674,3,176.5,2,2,2,176.5,22055,1.5760870500000002,0,0,1
220550016001,4,b3,0,3,78.0,36.7711880261618,3,155.7242131759676,2,2,2,155.7242131759676,22055,1.5760870500000002,0,0,1
220870307001,12,b3,0,3,47.0,30.6701299717272,5,93.62617546320487,1,1,3,93.62617546320487,22087,1.14608952,1,1,0
220950709002,11,b3,0,3,64.0,31.7412529425598,4,144.3000030517578,1,1,3,144.3000030517578,22095,0.2488945099999999,1,1,1
220950702003,11,b3,0,3,87.0,32.8788591393623,4,149.58553700576138,1,1,2,149.58553700576138,22095,0.2488945099999999,1,1,1
220870301031,8,b3,0,3,33.0,32.9577911341113,5,113.4000015258789,1,1,3,113.4000015258789,22087,1.14608952,1,1,0
220870302083,14,b3,0,3,81.0,32.2332928515884,5,108.1175599186162,1,1,3,108.1175599186162,22087,1.14608952,1,1,0
220870301042,25,b3,0,3,79.0,38.3263470264634,4,132.18552878108642,2,1,5,132.18552878108642,22087,1.14608952,1,1,0
220870302094,10,b3,0,3,52.0,31.5346073304616,5,106.67311814595485,1,1,3,106.67311814595485,22087,1.14608952,1,1,0
220870301041,15,b3,0,3,96.0,38.5959919746648,4,135.0,2,1,5,135.0,22087,1.14608952,1,1,0
220419506001,12,b3,0,3,83.0,26.4532320527168,2,169.89999389648438,1,2,0,169.89999389648438,22041,0.00585853,0,0,0
220419502002,8,b3,0,3,62.0,24.4719305442412,2,187.5666656494141,1,2,0,187.5666656494141,22041,0.00585853,0,0,0
220419501002,27,b3,0,3,160.0,20.6042062464231,0,174.63333129882812,1,2,0,174.63333129882812,22041,0.00585853,0,0,0
220419505002,8,b3,0,3,79.0,26.9775090752288,2,163.5,1,2,0,163.5,22041,0.00585853,0,0,0
220419502003,33,b3,0,3,115.0,24.7766776521987,2,172.9666748046875,1,2,0,172.9666748046875,22041,0.00585853,0,0,0
220419501003,39,b3,0,3,121.0,20.9147980926143,0,135.89999389648438,1,1,1,135.89999389648438,22041,0.00585853,0,0,0
220950707003,8,b3,0,3,47.0,31.0811231712239,4,143.4784220790153,1,1,2,143.4784220790153,22095,0.2488945099999999,1,1,1
220419503001,20,b3,0,3,122.0,23.1543731249961,1,178.63714868690113,1,2,0,178.63714868690113,22041,0.00585853,0,0,0
220419504003,8,b3,0,3,103.0,24.9685742675564,2,164.34999084472656,1,2,0,164.34999084472656,22041,0.00585853,0,0,0
221059534003,36,b3,0,3,197.0,36.8210542898658,3,139.8000030517578,2,1,2,139.8000030517578,22105,0.00826522,0,1,0
220419503004,9,b3,0,3,49.0,24.0040660076986,1,179.91748167824923,1,2,0,179.91748167824923,22041,0.00585853,0,0,0
220419503005,8,b3,0,3,69.0,23.7572142846087,1,176.99456940544923,1,2,0,176.99456940544923,22041,0.00585853,0,0,0
220419505001,14,b3,0,3,103.0,24.5215180018469,1,173.1374969482422,1,2,0,173.1374969482422,22041,0.00585853,0,0,0
220419506002,9,b3,0,3,80.0,27.4441235201959,2,195.54286193847656,1,2,0,195.54286193847656,22041,0.00585853,0,0,0
221059539001,12,b3,0,3,127.0,35.5626509024012,3,137.10000610351562,2,1,1,137.10000610351562,22105,0.00826522,0,1,1
221010408002,21,b3,0,3,149.0,39.5928060503343,5,53.25714111328125,2,1,0,53.25714111328125,22101,0.68496657,1,1,1
220550014011,94,b3,0,3,463.0,38.0410323218666,3,132.26815128070507,2,1,3,132.26815128070507,22055,1.5760870500000002,0,0,1
220550014012,35,b3,0,3,208.0,38.5055663962111,3,130.68541097144998,2,1,3,130.68541097144998,22055,1.5760870500000002,0,0,1
220550014013,43,b3,0,3,254.0,39.1085325238978,3,133.8058679310558,2,1,3,133.8058679310558,22055,1.5760870500000002,0,0,0
220550014022,44,b3,0,3,299.0,37.2088598337277,3,144.10249085013623,2,1,4,144.10249085013623,22055,1.5760870500000002,0,0,1
220550014023,28,b3,0,3,219.0,40.5282542323184,3,142.10000610351562,2,1,4,142.10000610351562,22055,1.5760870500000002,0,0,1
220550014031,10,b3,0,3,216.0,37.7182831732738,3,135.05877689388447,2,1,3,135.05877689388447,22055,1.5760870500000002,0,0,1
220550014021,39,b3,0,3,249.0,38.2495652004602,3,130.1559233933103,2,1,4,130.1559233933103,22055,1.5760870500000002,0,0,1
220750502003,14,b3,0,3,134.0,30.4462790303824,5,100.67566365824676,1,1,3,100.67566365824676,22075,1.49824733,1,1,1
220750502004,30,b3,0,3,148.0,30.428991832924,5,100.6611597288687,1,1,3,100.6611597288687,22075,1.49824733,1,1,1
220750502005,17,b3,0,3,112.0,30.4641338156342,5,99.96198382764712,1,1,3,99.96198382764712,22075,1.49824733,1,1,1
220750503001,12,b3,0,3,155.0,30.4510253220063,5,100.1999969482422,1,1,3,100.1999969482422,22075,1.49824733,1,1,1
220750503003,12,b3,0,3,78.0,30.4282752679341,5,94.15058865672522,1,1,3,94.15058865672522,22075,1.49824733,1,1,1
220750504002,36,b3,0,3,248.0,32.8943731523951,5,95.3499984741211,1,1,6,95.3499984741211,22075,1.49824733,1,1,1
220150111103,52,b3,0,3,190.0,30.6604539300851,2,38.0,1,1,0,38.0,22015,0.0,0,0,0
220750508002,12,b3,0,3,90.0,37.2690595138772,4,98.96466669517922,2,1,2,98.96466669517922,22075,1.49824733,1,1,0
220730109002,5,b3,0,3,68.0,22.8223981541438,1,139.5583266634925,1,1,1,139.5583266634925,22073,0.0,0,0,0
220990202002,12,b3,0,3,66.0,34.1190233694353,2,124.1500015258789,2,1,3,124.1500015258789,22099,2.17976609,0,1,1
220990202001,13,b3,0,3,125.0,34.2540837609811,2,165.73333740234375,2,2,3,165.73333740234375,22099,2.17976609,0,1,1
220990204003,16,b3,0,3,161.0,38.3123798381407,4,120.3000030517578,2,1,4,120.3000030517578,22099,2.17976609,0,1,1
220990208001,19,b3,0,3,76.0,36.7348431789264,4,103.63333129882812,2,1,2,103.63333129882812,22099,2.17976609,0,1,1
220550014032,47,b3,0,3,354.0,37.2511140859742,3,144.12506232161974,2,1,3,144.12506232161974,22055,1.5760870500000002,0,0,1
220550014041,24,b3,0,3,209.0,36.4289791974062,3,157.5,2,2,2,157.5,22055,1.5760870500000002,0,0,1
220730052031,8,b3,0,3,92.0,22.8807986553696,1,103.72464963155645,1,1,2,103.72464963155645,22073,0.0,0,0,0
220730105022,22,b3,0,3,112.0,24.2072594107471,2,138.3000030517578,1,1,1,138.3000030517578,22073,0.0,0,0,0
220730102021,76,b3,0,3,385.0,21.453063979572,1,95.4499969482422,1,1,1,95.4499969482422,22073,0.0,0,0,0
220730102023,38,b3,0,3,161.0,20.8820792201821,0,122.0,1,1,1,122.0,22073,0.0,0,0,0
220730104003,33,b3,0,3,121.0,25.9105852293547,2,110.75,1,1,2,110.75,22073,0.0,0,0,0
220479527002,20,b3,0,3,130.0,35.0863979502265,4,63.491780109225495,2,1,0,63.491780109225495,22047,0.33403865,0,1,1
220730052012,54,b3,0,3,329.0,25.5112611684083,2,96.25,1,1,2,96.25,22073,0.0,0,0,0
220730103022,8,b3,0,3,64.0,23.2988867182918,1,100.5500030517578,1,1,2,100.5500030517578,22073,0.0,0,0,0
220730051002,14,b3,0,3,116.0,23.316499923348,1,91.66666412353516,1,1,2,91.66666412353516,22073,0.0,0,0,0
220730054002,20,b3,0,3,134.0,22.8131260291577,2,104.84904122873168,1,1,2,104.84904122873168,22073,0.0,0,0,0
220730105021,33,b3,0,3,260.0,24.722094126051,2,119.0999984741211,1,1,2,119.0999984741211,22073,0.0,0,0,0
220730104006,50,b3,0,3,208.0,25.2046160704824,2,99.5999984741211,1,1,2,99.5999984741211,22073,0.0,0,0,0
220730104005,36,b3,0,3,178.0,28.845330449471,2,112.5999984741211,1,1,2,112.5999984741211,22073,0.0,0,0,0
220730006001,7,b3,0,3,59.0,22.9667403298489,1,151.24314442065608,1,2,0,151.24314442065608,22073,0.0,0,0,0
220730105045,10,b3,0,3,58.0,22.6909699427662,2,108.5,1,1,2,108.5,22073,0.0,0,0,0
220730059002,8,b3,0,3,78.0,22.2900086340891,2,111.0,1,1,1,111.0,22073,0.0,0,0,0
220730103011,27,b3,0,3,203.0,23.195798360587,1,111.4000015258789,1,1,1,111.4000015258789,22073,0.0,0,0,0
220730104002,26,b3,0,3,137.0,26.1216271875401,2,104.5,1,1,2,104.5,22073,0.0,0,0,0
220730104004,38,b3,0,3,195.0,27.7717078826513,2,107.4749984741211,1,1,2,107.4749984741211,22073,0.0,0,0,0
220730105042,22,b3,0,3,142.0,24.7601661066937,2,113.3000030517578,1,1,2,113.3000030517578,22073,0.0,0,0,0
220730106042,4,b3,0,3,41.0,21.3450331551362,1,167.58889770507812,1,2,0,167.58889770507812,22073,0.0,0,0,0
220730001002,8,b3,0,3,64.0,22.8718822975349,2,112.59183739002248,1,1,2,112.59183739002248,22073,0.0,0,0,0
220730001003,4,b3,0,3,40.0,22.8396375152293,2,113.3753690358277,1,1,2,113.3753690358277,22073,0.0,0,0,0
220730001004,9,b3,0,3,66.0,22.9050601050714,2,115.729071607576,1,1,2,115.729071607576,22073,0.0,0,0,0
220950704001,42,b3,0,3,214.0,33.0053094448495,3,140.2086829946503,2,1,2,140.2086829946503,22095,0.2488945099999999,1,1,1
220950703001,5,b3,0,3,64.0,32.1852487488425,4,145.5044424817555,1,1,3,145.5044424817555,22095,0.2488945099999999,1,1,1
220950703002,13,b3,0,3,63.0,32.4633594496835,4,151.62154702963343,1,2,1,151.62154702963343,22095,0.2488945099999999,1,1,1
220950703003,15,b3,0,3,87.0,32.193971479458,4,151.5279036681175,1,2,1,151.5279036681175,22095,0.2488945099999999,1,1,1
220950707002,17,b3,0,3,103.0,31.6924772131949,4,141.7020000081169,1,1,2,141.7020000081169,22095,0.2488945099999999,1,1,1
220950707004,20,b3,0,3,40.0,31.4443106435892,4,143.44929105668027,1,1,2,143.44929105668027,22095,0.2488945099999999,1,1,1
220730106041,9,b3,0,3,40.0,22.1327932300715,1,143.60000610351562,1,1,1,143.60000610351562,22073,0.0,0,0,0
220950709001,4,b3,0,3,30.0,31.3053536005629,4,146.8860709456028,1,1,3,146.8860709456028,22095,0.2488945099999999,1,1,1
220730109001,11,b3,0,3,101.0,22.8338479154686,1,138.60000610351562,1,1,1,138.60000610351562,22073,0.0,0,0,0
220730011002,4,b3,0,3,65.0,22.6836788575819,1,131.18089329284328,1,1,1,131.18089329284328,22073,0.0,0,0,0
220570217003,23,b3,0,3,86.0,33.3387740703098,3,133.24368045484783,2,1,3,133.24368045484783,22057,0.52554993,1,1,1
220730001005,4,b3,0,3,90.0,22.9346404510108,2,114.62208269326574,1,1,2,114.62208269326574,22073,0.0,0,0,0
220730002003,8,b3,0,3,79.0,23.1349432578739,1,111.3020632933904,1,1,2,111.3020632933904,22073,0.0,0,0,0
220730103021,23,b3,0,3,142.0,23.639185665523,1,89.9000015258789,1,1,3,89.9000015258789,22073,0.0,0,0,0
220730052041,24,b3,0,3,151.0,22.8511145166255,1,102.83867849349464,1,1,2,102.83867849349464,22073,0.0,0,0,0
220730002004,36,b3,0,3,172.0,23.0372261812999,1,104.56340365219374,1,1,2,104.56340365219374,22073,0.0,0,0,0
220730101013,38,b3,0,3,158.0,21.401584020163,1,117.2249984741211,1,1,1,117.2249984741211,22073,0.0,0,0,0
220730105041,16,b3,0,3,120.0,24.9851775054071,2,110.0,1,1,2,110.0,22073,0.0,0,0,0
220730106034,4,b3,0,3,51.0,20.1098802090819,0,139.85000610351562,1,1,1,139.85000610351562,22073,0.0,0,0,0
220510279022,115,b3,0,3,392.0,39.3204107056526,3,110.81663484671016,2,1,1,110.81663484671016,22051,0.05823747,1,1,1
220510220012,9,b3,0,3,76.0,29.5729279392104,5,103.6108777418706,1,1,3,103.6108777418706,22051,0.05823747,1,1,1
220510250023,10,b3,0,3,60.0,30.2775591378095,5,88.65877372937503,1,1,3,88.65877372937503,22051,0.05823747,1,1,1
220690003003,40,b3,0,3,201.0,31.8775577818053,4,161.46665954589844,1,2,3,161.46665954589844,22069,0.0,0,0,0
220170240004,17,b3,0,3,202.0,33.3752049367171,1,62.88426697894491,2,1,0,62.88426697894491,22017,0.0,0,0,0
220730002002,5,b3,0,3,81.0,23.0805234894965,1,110.72536275828088,1,1,2,110.72536275828088,22073,0.0,0,0,0
220730053011,53,b3,0,3,310.0,25.3411232326212,1,101.5999984741211,1,1,2,101.5999984741211,22073,0.0,0,0,0
220950704002,9,b3,0,3,66.0,32.4479994159861,4,144.41785096183003,1,1,3,144.41785096183003,22095,0.2488945099999999,1,1,1
220950710001,21,b3,0,3,77.0,31.1380297330368,4,157.26312935194736,1,2,1,157.26312935194736,22095,0.2488945099999999,1,1,1
220730002005,14,b3,0,3,55.0,23.1169108256817,1,111.91107555082122,1,1,2,111.91107555082122,22073,0.0,0,0,0
220570218004,38,b3,0,3,121.0,33.4472293996514,3,157.68642173208914,2,2,2,157.68642173208914,22057,0.52554993,1,1,1
220730052032,8,b3,0,3,80.0,22.9496091291887,1,101.66442592576048,1,1,2,101.66442592576048,22073,0.0,0,0,0
220779521002,16,b3,0,3,124.0,34.4791721569816,3,73.5666732788086,2,1,1,73.5666732788086,22077,0.4857803799999999,0,0,1
220779524001,32,b3,0,3,144.0,35.0214063094814,1,62.54999923706055,2,1,0,62.54999923706055,22077,0.4857803799999999,0,0,1
220779524003,16,b3,0,3,107.0,35.328499659366,1,89.52000427246094,2,1,1,89.52000427246094,22077,0.4857803799999999,0,0,1
220730001001,4,b3,0,3,74.0,22.9251731066465,2,108.74341463644896,1,1,2,108.74341463644896,22073,0.0,0,0,0
220510278043,24,b3,0,3,100.0,30.1893329886863,5,93.20959292586146,1,1,3,93.20959292586146,22051,0.05823747,1,1,1
220510278051,18,b3,0,3,140.0,30.1261697411552,5,90.89511383841084,1,1,3,90.89511383841084,22051,0.05823747,1,1,1
220510278062,30,b3,0,3,127.0,29.8337931193379,5,88.84145167356179,1,1,5,88.84145167356179,22051,0.05823747,1,1,1
220510278063,43,b3,0,3,197.0,29.8337975595675,5,88.85241708460006,1,1,5,88.85241708460006,22051,0.05823747,1,1,1
220510278071,46,b3,0,3,181.0,29.9633981650607,5,88.3549605740331,1,1,4,88.3549605740331,22051,0.05823747,1,1,1
220479531013,20,b3,0,3,91.0,34.8450853502043,4,60.29999923706055,2,1,0,60.29999923706055,22047,0.33403865,0,1,1
221190316002,47,b3,0,3,218.0,33.7660316366157,1,150.5500030517578,2,2,1,150.5500030517578,22119,0.0,0,0,0
221190319003,12,b3,0,3,47.0,35.3355237902041,1,131.71790602346027,2,1,2,131.71790602346027,22119,0.0,0,0,0
220510278073,30,b3,0,3,145.0,29.9208650004379,5,86.2973276466364,1,1,4,86.2973276466364,22051,0.05823747,1,1,1
220510278072,34,b3,0,3,142.0,30.3170853295813,5,87.63334310249921,1,1,5,87.63334310249921,22051,0.05823747,1,1,1
220510278092,52,b3,0,3,247.0,30.9778753189539,5,87.88460065977509,1,1,5,87.88460065977509,22051,0.05823747,1,1,1
220510278094,46,b3,0,3,186.0,32.7561642462197,5,85.0,1,1,4,85.0,22051,0.05823747,1,1,1
220510278103,12,b3,0,3,70.0,29.9526543432112,5,88.06562037590592,1,1,4,88.06562037590592,22051,0.05823747,1,1,1
220510278111,4,b3,0,3,49.0,29.9930528657495,5,88.67632672561706,1,1,4,88.67632672561706,22051,0.05823747,1,1,1
220990205021,4,b3,0,3,60.0,37.8512211401455,2,128.78367633022273,2,1,4,128.78367633022273,22099,2.17976609,0,1,1
220990205013,20,b3,0,3,106.0,37.2569472193895,3,149.6800079345703,2,1,4,149.6800079345703,22099,2.17976609,0,1,1
221030406042,31,b3,0,3,294.0,29.1926817959605,5,113.48641044251416,1,1,2,113.48641044251416,22103,0.05873937,0,1,0
220479527001,16,b3,0,3,154.0,34.4317966302726,4,68.0999984741211,2,1,0,68.0999984741211,22047,0.33403865,0,1,1
220479527003,8,b3,0,3,94.0,34.9774320465518,4,58.34798858371682,2,1,0,58.34798858371682,22047,0.33403865,0,1,1
220790132003,33,b3,0,3,224.0,30.4205021022614,4,224.22000122070312,1,2,1,224.22000122070312,22079,4.49269524,0,0,0
220510278052,12,b3,0,3,119.0,30.1196224742309,5,90.86626854859888,1,1,3,90.86626854859888,22051,0.05823747,1,1,1
220510278061,25,b3,0,3,74.0,29.8315769539231,5,88.93009920423307,1,1,6,88.93009920423307,22051,0.05823747,1,1,1
220510205084,30,b3,0,3,159.0,28.9969747343852,5,135.32234039383698,1,1,3,135.32234039383698,22051,0.05823747,1,1,1
221159504002,4,b3,0,3,61.0,41.6682273086348,2,150.17428469441816,2,2,3,150.17428469441816,22115,19.00196373,0,0,0
221159503001,23,b3,0,3,113.0,46.1568634032703,3,137.9250030517578,2,1,4,137.9250030517578,22115,19.00196373,0,0,0
221159502003,8,b3,0,3,98.0,48.5770938887981,3,191.8999938964844,2,2,2,191.8999938964844,22115,19.00196373,0,0,0
221159508002,12,b3,0,3,57.0,40.8050776137518,3,216.4199981689453,2,2,3,216.4199981689453,22115,19.00196373,0,0,0
221159502001,11,b3,0,3,76.0,34.0969170330617,2,144.52000427246094,2,1,3,144.52000427246094,22115,19.00196373,0,0,0
221159509004,16,b3,0,3,116.0,49.1323921301483,2,157.8249969482422,2,2,3,157.8249969482422,22115,19.00196373,0,0,0
221159506003,31,b3,0,3,84.0,40.6963666921014,2,164.4499969482422,2,2,3,164.4499969482422,22115,19.00196373,0,0,0
221159501001,19,b3,0,3,59.0,40.1121416250561,2,151.55862426757812,2,2,2,151.55862426757812,22115,19.00196373,0,0,0
221190312003,16,b3,0,3,125.0,29.7401345642439,2,59.4666633605957,1,1,0,59.4666633605957,22119,0.0,0,0,0
220550021034,9,b3,0,3,85.0,35.5850905150505,3,173.86196701813003,2,2,2,173.86196701813003,22055,1.5760870500000002,0,0,1
221190314003,28,b3,0,3,121.0,30.3259151064754,2,50.133331298828125,1,1,0,50.133331298828125,22119,0.0,0,0,0
220450301001,18,b3,0,3,157.0,31.9449120919024,5,72.05172729492188,1,1,2,72.05172729492188,22045,3.09661809,1,1,1
220450304001,4,b3,0,3,48.0,37.9627681075558,4,112.22856903076172,2,1,3,112.22856903076172,22045,3.09661809,1,1,1
220790115001,13,b3,0,3,142.0,31.4606462428086,3,235.13423510723223,1,2,1,235.13423510723223,22079,4.49269524,0,0,0
220790134002,33,b3,0,3,198.0,32.8567656968545,4,262.6666564941406,1,2,1,262.6666564941406,22079,4.49269524,0,0,0
220790105003,13,b3,0,3,195.0,31.5952812529325,3,229.1000061035156,1,2,1,229.1000061035156,22079,4.49269524,0,0,0
220790107002,13,b3,0,3,99.0,32.7439668607997,4,228.5,1,2,2,228.5,22079,4.49269524,0,0,0
220790136003,16,b3,0,3,61.0,42.5539533117008,3,404.6727294921875,2,2,2,404.6727294921875,22079,4.49269524,0,0,0
220790104002,18,b3,0,3,101.0,31.8533594205353,3,210.6000061035156,1,2,1,210.6000061035156,22079,4.49269524,0,0,0
220790113002,15,b3,0,3,132.0,31.1752579109746,3,237.3000030517578,1,2,1,237.3000030517578,22079,4.49269524,0,0,0
220790138003,25,b3,0,3,181.0,32.2888013172732,3,216.5,1,2,1,216.5,22079,4.49269524,0,0,0
220790135001,27,b3,0,3,150.0,33.2415146655412,3,299.81427001953125,2,2,2,299.81427001953125,22079,4.49269524,0,0,0
221059537003,46,b3,0,3,275.0,37.2977616346546,3,147.42498779296875,2,1,1,147.42498779296875,22105,0.00826522,0,1,0
221059546001,45,b3,0,3,352.0,32.5631050798884,4,119.31999206542967,1,1,2,119.31999206542967,22105,0.00826522,1,1,0
221059535001,25,b3,0,3,116.0,36.5651096992628,2,104.54999542236328,2,1,1,104.54999542236328,22105,0.00826522,0,1,0
221059539003,15,b3,0,3,165.0,35.2068605263528,3,237.5,2,2,1,237.5,22105,0.00826522,0,1,1
221059540021,18,b3,0,3,218.0,36.6568106564202,3,102.76666259765624,2,1,1,102.76666259765624,22105,0.00826522,0,1,0
221059546004,16,b3,0,3,162.0,31.9693675038023,4,103.5,1,1,1,103.5,22105,0.00826522,0,1,0
221059537004,80,b3,0,3,445.0,35.5463812343629,3,112.0749969482422,2,1,1,112.0749969482422,22105,0.00826522,0,1,0
221059545024,37,b3,0,3,113.0,39.3035638365671,3,100.45342475481796,2,1,2,100.45342475481796,22105,0.00826522,0,1,1
221059541022,36,b3,0,3,232.0,37.7734925302363,3,110.5999984741211,2,1,2,110.5999984741211,22105,0.00826522,0,1,1
221059535003,8,b3,0,3,68.0,35.3708569237315,3,141.3199920654297,2,1,2,141.3199920654297,22105,0.00826522,0,1,0
221059532002,24,b3,0,3,88.0,34.4879575722831,2,96.4000015258789,2,1,1,96.4000015258789,22105,0.00826522,0,1,0
221059537002,24,b3,0,3,109.0,38.9188347264577,3,157.95999145507812,2,2,1,157.95999145507812,22105,0.00826522,0,1,0
221059546005,12,b3,0,3,128.0,29.5446827677143,5,130.75,1,1,2,130.75,22105,0.00826522,1,1,0
221059537001,30,b3,0,3,146.0,38.1779600389973,3,113.78333282470705,2,1,2,113.78333282470705,22105,0.00826522,0,1,0
221059546003,18,b3,0,3,149.0,39.7700289589753,3,106.1500015258789,2,1,1,106.1500015258789,22105,0.00826522,0,1,1
221059541012,20,b3,0,3,99.0,36.1707057635368,3,225.6000061035156,2,2,1,225.6000061035156,22105,0.00826522,0,1,1
221059534002,20,b3,0,3,86.0,36.0541538273943,3,143.0500030517578,2,1,2,143.0500030517578,22105,0.00826522,0,1,0
221059535005,12,b3,0,3,86.0,39.1745611727278,3,104.84000396728516,2,1,2,104.84000396728516,22105,0.00826522,0,1,0
221059532001,12,b3,0,3,102.0,35.621162111428,2,67.41666412353516,2,1,0,67.41666412353516,22105,0.00826522,0,1,0
221059533001,8,b3,0,3,71.0,34.5135364387222,4,73.9333267211914,2,1,1,73.9333267211914,22105,0.00826522,0,1,0
221059534001,16,b3,0,3,81.0,34.7574433518313,3,112.6999969482422,2,1,2,112.6999969482422,22105,0.00826522,0,1,0
221059541023,48,b3,0,3,263.0,39.1322395514366,3,103.0863817694348,2,1,2,103.0863817694348,22105,0.00826522,0,1,1
220510259003,12,b3,0,3,50.0,30.1217769051517,5,96.5039923725174,1,1,4,96.5039923725174,22051,0.05823747,1,1,1
220510280001,32,b3,0,3,106.0,36.3738071560807,4,93.9000015258789,2,1,4,93.9000015258789,22051,0.05823747,1,1,1
220690008003,16,b3,0,3,119.0,29.3049726490719,4,143.23333740234375,1,1,3,143.23333740234375,22069,0.0,0,0,0
220690001002,4,b3,0,3,59.0,30.5493557104952,4,203.4166717529297,1,2,3,203.4166717529297,22069,0.0,0,0,0
220039501002,13,b3,0,3,92.0,42.2312977970711,2,427.5,2,2,2,427.5,22003,22.13319891,0,0,0
220850003001,19,b3,0,3,73.0,40.1477335676918,3,191.0,2,2,2,191.0,22085,0.0,0,0,0
220039504004,4,b3,0,3,65.0,40.2923970679689,2,375.4200134277344,2,2,2,375.4200134277344,22003,22.13319891,0,0,0
220850007002,12,b3,0,3,63.0,48.2258997940148,3,199.5749969482422,2,2,2,199.5749969482422,22085,0.0,0,0,0
220850004003,29,b3,0,3,151.0,43.1292599159022,3,184.30714416503903,2,2,1,184.30714416503903,22085,0.0,0,0,0
221139509011,12,b3,0,3,124.0,39.5277730862087,3,153.7421229410183,2,2,2,153.7421229410183,22113,12.34417553,0,1,0
220690008004,8,b3,0,3,157.0,32.1248585747386,4,142.44000244140625,1,1,3,142.44000244140625,22069,0.0,0,0,0
220279501003,8,b3,0,3,138.0,24.5932015462944,3,105.0250015258789,1,1,2,105.0250015258789,22027,0.0,0,0,0
221190315005,17,b3,0,3,80.0,33.9328221797762,1,79.0,2,1,2,79.0,22119,0.0,0,0,0
220319503002,24,b3,0,3,149.0,39.8767185963325,2,130.7085723876953,2,1,2,130.7085723876953,22031,0.0,0,0,0
220679503001,8,b3,0,3,96.0,20.4555350526114,0,87.9000015258789,1,1,1,87.9000015258789,22067,0.00512676,0,0,0
220679506004,16,b3,0,3,76.0,20.4319751352745,0,101.5500030517578,1,1,1,101.5500030517578,22067,0.00512676,0,0,0
220679502002,22,b3,0,3,183.0,20.7105321969818,0,91.85000610351562,1,1,1,91.85000610351562,22067,0.00512676,0,0,0
221190318003,8,b3,0,3,76.0,34.8758369374338,1,137.28683018897985,2,1,2,137.28683018897985,22119,0.0,0,0,0
221190313005,4,b3,0,3,106.0,30.3804546559929,2,60.71914745221762,1,1,0,60.71914745221762,22119,0.0,0,0,0
220730105044,52,b3,0,3,276.0,25.2651241354643,2,101.5,1,1,2,101.5,22073,0.0,0,0,0
220730053012,69,b3,0,3,350.0,25.3654799218538,2,101.49978631537422,1,1,2,101.49978631537422,22073,0.0,0,0,0
220730058002,34,b3,0,3,485.0,22.5947872058752,2,103.6033440208064,1,1,2,103.6033440208064,22073,0.0,0,0,0
220730052042,50,b3,0,3,256.0,23.1218322851593,1,98.0500030517578,1,1,2,98.0500030517578,22073,0.0,0,0,0
221139502005,19,b3,0,3,140.0,38.6916283269621,4,117.45333862304688,2,1,5,117.45333862304688,22113,12.34417553,1,1,0
221139511002,20,b3,0,3,83.0,41.9148868606208,3,175.88888549804688,2,2,3,175.88888549804688,22113,12.34417553,1,1,0
221139509012,25,b3,0,3,122.0,40.2353729004831,3,180.3999938964844,2,2,2,180.3999938964844,22113,12.34417553,0,1,0
221139510024,5,b3,0,3,100.0,40.775902682414,3,190.2571563720703,2,2,2,190.2571563720703,22113,12.34417553,1,1,0
221139509023,35,b3,0,3,346.0,39.9468308313656,3,145.89999389648438,2,1,3,145.89999389648438,22113,12.34417553,0,1,0
221139509022,16,b3,0,3,161.0,40.9658447221275,3,181.76666259765625,2,2,2,181.76666259765625,22113,12.34417553,0,1,0
220150112005,12,b3,0,3,72.0,29.3315755600178,2,40.78571319580078,1,1,0,40.78571319580078,22015,0.0,0,0,0
220319502005,24,b3,0,3,96.0,35.0601578048118,1,73.97777557373047,2,1,1,73.97777557373047,22031,0.0,0,0,0
220319504003,4,b3,0,3,94.0,38.0240774327887,2,116.8000030517578,2,1,2,116.8000030517578,22031,0.0,0,0,0
220730102022,22,b3,0,3,105.0,20.5876458752669,0,130.96883442423402,1,1,1,130.96883442423402,22073,0.0,0,0,0
220150108062,9,b3,0,3,81.0,33.6860636467913,1,53.60020084941085,2,1,0,53.60020084941085,22015,0.0,0,0,0
220150111102,41,b3,0,3,162.0,30.6339596738202,2,42.73084064832363,1,1,0,42.73084064832363,22015,0.0,0,0,0
220150110011,48,b3,0,3,259.0,34.0342446273783,1,80.44285583496094,2,1,1,80.44285583496094,22015,0.0,0,0,0
220150104002,38,b3,0,3,401.0,31.2144134954799,2,38.34981772647372,1,1,0,38.34981772647372,22015,0.0,0,0,0
220150107011,25,b3,0,3,76.0,32.6941921231131,2,62.599998474121094,1,1,0,62.599998474121094,22015,0.0,0,0,0
220150107013,12,b3,0,3,47.0,32.5405261432233,2,52.60147339933672,1,1,0,52.60147339933672,22015,0.0,0,0,0
220150107014,18,b3,0,3,89.0,32.4228549268222,2,49.58464704793831,1,1,0,49.58464704793831,22015,0.0,0,0,0
220150107023,36,b3,0,3,130.0,33.0012362366411,1,60.78619121762681,2,1,0,60.78619121762681,22015,0.0,0,0,0
220150108011,4,b3,0,3,51.0,32.4649962233356,2,45.807566340096926,1,1,0,45.807566340096926,22015,0.0,0,0,0
220150104001,7,b3,0,3,34.0,31.3843442253317,2,38.022165716454865,1,1,0,38.022165716454865,22015,0.0,0,0,0
220150105001,43,b3,0,3,136.0,31.2674001848553,2,38.36340102453479,1,1,0,38.36340102453479,22015,0.0,0,0,0
220150105002,17,b3,0,3,68.0,31.5670366529335,2,38.42097783082167,1,1,0,38.42097783082167,22015,0.0,0,0,0
220150111071,16,b3,0,3,84.0,30.4647192250437,2,40.748426660170026,1,1,0,40.748426660170026,22015,0.0,0,0,0
220150107012,4,b3,0,3,48.0,32.5964440193172,2,55.84712930232949,1,1,0,55.84712930232949,22015,0.0,0,0,0
220150111051,16,b3,0,3,84.0,33.1812123087945,1,108.19453816136748,2,1,1,108.19453816136748,22015,0.0,0,0,0
220150110021,12,b3,0,3,63.0,36.6093485335491,1,91.5,2,1,2,91.5,22015,0.0,0,0,0
220150111053,26,b3,0,3,101.0,33.3820112586876,1,70.43822784335653,2,1,1,70.43822784335653,22015,0.0,0,0,0
220150111061,48,b3,0,3,171.0,33.8056374380585,1,87.86000061035156,2,1,1,87.86000061035156,22015,0.0,0,0,0
220730053024,29,b3,0,3,120.0,22.7275645247427,2,105.9000015258789,1,1,2,105.9000015258789,22073,0.0,0,0,0
220150108051,16,b3,0,3,128.0,33.990059449709,1,48.099998474121094,2,1,0,48.099998474121094,22015,0.0,0,0,0
220150108052,4,b3,0,3,67.0,34.2325904168583,1,49.15318942756043,2,1,0,49.15318942756043,22015,0.0,0,0,0
220150111063,12,b3,0,3,85.0,33.3621365607418,1,113.5999984741211,2,1,1,113.5999984741211,22015,0.0,0,0,0
220150111062,65,b3,0,3,188.0,32.9640821184245,2,99.6999969482422,1,1,1,99.6999969482422,22015,0.0,0,0,0
220150108043,63,b3,0,3,363.0,34.4315112429887,1,59.09908293352012,2,1,0,59.09908293352012,22015,0.0,0,0,0
220150108061,9,b3,0,3,85.0,34.4406204622292,1,54.420688932441976,2,1,0,54.420688932441976,22015,0.0,0,0,0
220150111031,45,b3,0,3,134.0,31.9069804258809,2,51.89999771118164,1,1,0,51.89999771118164,22015,0.0,0,0,0
220150112001,12,b3,0,3,78.0,29.3212963814414,2,53.95454406738281,1,1,0,53.95454406738281,22015,0.0,0,0,0
220150112006,41,b3,0,3,114.0,30.8787734694832,2,50.98999786376953,1,1,0,50.98999786376953,22015,0.0,0,0,0
220150108063,39,b3,0,3,138.0,34.0316855433897,1,53.58189744641821,2,1,0,53.58189744641821,22015,0.0,0,0,0
220150108064,21,b3,0,3,69.0,34.2373895310897,1,54.14923122985547,2,1,0,54.14923122985547,22015,0.0,0,0,0
220150108041,9,b3,0,3,137.0,34.4599353645046,1,51.45633332958975,2,1,0,51.45633332958975,22015,0.0,0,0,0
220330039043,24,b3,0,3,92.0,32.6994754141119,5,148.89999389648438,1,1,1,148.89999389648438,22033,0.02202799,0,0,1
220330039074,31,b3,0,3,146.0,32.6536524289719,5,134.83637143080273,1,1,1,134.83637143080273,22033,0.02202799,0,0,1
220630406002,19,b3,0,3,88.0,33.9027843444251,4,156.91328103450812,2,2,0,156.91328103450812,22063,0.03585767,0,1,1
220150105003,8,b3,0,3,41.0,31.6358434443349,2,43.10905549771355,1,1,0,43.10905549771355,22015,0.0,0,0,0
220150105004,22,b3,0,3,73.0,31.2153291409062,2,38.26564159635465,1,1,0,38.26564159635465,22015,0.0,0,0,0
220150106012,25,b3,0,3,124.0,32.3372010569622,2,48.63075474491762,1,1,0,48.63075474491762,22015,0.0,0,0,0
220730053023,25,b3,0,3,144.0,22.8034450918547,2,104.13789824649518,1,1,2,104.13789824649518,22073,0.0,0,0,0
220450304003,5,b3,0,3,56.0,37.5360977795681,4,123.4000015258789,2,1,3,123.4000015258789,22045,3.09661809,1,1,1
220250002002,5,b3,0,3,80.0,28.8414558649533,3,184.4863777393644,1,2,0,184.4863777393644,22025,0.01476176,0,0,0
220250003001,8,b3,0,3,117.0,30.9692519360301,3,166.6658477783203,1,2,0,166.6658477783203,22025,0.01476176,0,0,0
220330047003,8,b3,0,3,101.0,29.0899552027515,4,230.9499969482422,1,2,0,230.9499969482422,22033,0.02202799,0,0,1
220730055001,23,b3,0,3,158.0,22.7475244037757,2,105.12906100657624,1,1,2,105.12906100657624,22073,0.0,0,0,0
220730111003,4,b3,0,3,63.0,22.6717350651241,2,112.9000015258789,1,1,2,112.9000015258789,22073,0.0,0,0,0
220730058001,11,b3,0,3,97.0,22.5665946533655,2,105.8000030517578,1,1,2,105.8000030517578,22073,0.0,0,0,0
220039501001,16,b3,0,3,141.0,43.132672491201,3,361.795654296875,2,2,1,361.795654296875,22003,22.13319891,0,0,0
220039501003,17,b3,0,3,127.0,45.2992422431889,3,393.316650390625,2,2,2,393.316650390625,22003,22.13319891,0,0,0
220039505004,4,b3,0,3,95.0,44.3372289047198,3,340.4818115234375,2,2,2,340.4818115234375,22003,22.13319891,0,0,0
220039505003,45,b3,0,3,527.0,48.2101696982805,3,428.1384582519531,2,2,2,428.1384582519531,22003,22.13319891,0,0,0
221010403001,4,b3,0,3,61.0,36.9647547871973,4,64.5999984741211,2,1,0,64.5999984741211,22101,0.68496657,1,1,1
221010410003,30,b3,0,3,194.0,31.7446888790648,5,94.0999984741211,1,1,2,94.0999984741211,22101,0.68496657,1,1,1
220730101011,21,b3,0,3,126.0,20.6418279017906,0,137.43106751102778,1,1,1,137.43106751102778,22073,0.0,0,0,0
220730101012,26,b3,0,3,104.0,20.9595561814564,0,131.8925669307703,1,1,1,131.8925669307703,22073,0.0,0,0,0
220379515011,22,b3,0,3,89.0,31.4779600213188,5,134.10000610351562,1,1,1,134.10000610351562,22037,0.25808331,0,0,1
220039502003,14,b3,0,3,95.0,35.1836359955844,3,461.1499938964844,2,2,2,461.1499938964844,22003,22.13319891,0,0,0
220039503001,17,b3,0,3,88.0,36.3492751634019,3,449.1830938700702,2,2,2,449.1830938700702,22003,22.13319891,0,0,0
220039504002,18,b3,0,3,141.0,35.7428571955361,2,420.9000244140625,2,2,2,420.9000244140625,22003,22.13319891,0,0,0
221159505003,8,b3,0,3,42.0,40.2980409128684,2,151.99005252137286,2,2,3,151.99005252137286,22115,19.00196373,0,0,0
220730101022,15,b3,0,3,96.0,20.3999577530647,0,139.0,1,1,1,139.0,22073,0.0,0,0,0
220730101023,14,b3,0,3,130.0,20.4630563486852,0,145.78301926692177,1,1,1,145.78301926692177,22073,0.0,0,0,0
220730101024,24,b3,0,3,125.0,20.6765854381826,0,146.5500030517578,1,1,1,146.5500030517578,22073,0.0,0,0,0
220730102012,30,b3,0,3,156.0,20.5309839011214,0,119.03362635180174,1,1,1,119.03362635180174,22073,0.0,0,0,0
220039504003,4,b3,0,3,61.0,44.1247978911971,3,393.0736402053229,2,2,2,393.0736402053229,22003,22.13319891,0,0,0
220730102011,5,b3,0,3,124.0,20.434640942205,0,115.09482952001206,1,1,1,115.09482952001206,22073,0.0,0,0,0
220730103012,16,b3,0,3,121.0,23.2136370324188,1,114.5062764591739,1,1,1,114.5062764591739,22073,0.0,0,0,0
220979605001,36,b3,0,3,221.0,34.6673208656061,1,140.5111083984375,2,1,3,140.5111083984375,22097,1.46434272,0,0,1
220979604002,21,b3,0,3,137.0,34.7655051501173,2,118.77692413330078,2,1,3,118.77692413330078,22097,1.46434272,0,0,1
220979601003,17,b3,0,3,87.0,33.9003121206565,1,128.5279998779297,2,1,2,128.5279998779297,22097,1.46434272,0,0,1
220790125002,10,b3,0,3,49.0,32.2475470316956,3,211.7976314676752,1,2,1,211.7976314676752,22079,4.49269524,0,0,0
220790126001,27,b3,0,3,232.0,32.3173764033248,3,222.31293609539577,1,2,1,222.31293609539577,22079,4.49269524,0,0,0
220790125001,19,b3,0,3,132.0,32.2925930650482,3,214.9830976922221,1,2,1,214.9830976922221,22079,4.49269524,0,0,0
220330039062,8,b3,0,3,95.0,33.2640959162852,4,109.52756783230718,2,1,1,109.52756783230718,22033,0.02202799,0,0,1
220330035061,4,b3,0,3,72.0,31.0468399593564,4,157.70137433243818,1,2,0,157.70137433243818,22033,0.02202799,0,0,1
220150111065,32,b3,0,3,157.0,35.2915139119378,1,87.43688843993547,2,1,1,87.43688843993547,22015,0.0,0,0,0
220790130002,8,b3,0,3,72.0,32.3642193695225,3,223.1673478925683,1,2,1,223.1673478925683,22079,4.49269524,0,0,0
220779522002,12,b3,0,3,226.0,33.9598088910297,3,66.70000457763672,2,1,0,66.70000457763672,22077,0.4857803799999999,0,0,1
220779520002,4,b3,0,3,74.0,32.5751694113362,3,107.73076629638672,1,1,1,107.73076629638672,22077,0.4857803799999999,0,0,1
220090306002,8,b3,0,3,98.0,34.2741622918086,3,177.06055191961133,2,2,1,177.06055191961133,22009,1.52021072,0,0,0
220190024001,8,b3,0,3,100.0,51.2925937260114,3,211.5,2,2,2,211.5,22019,32.47305225,0,1,0
220190024002,20,b3,0,3,117.0,51.2694659296725,3,187.7749938964844,2,2,2,187.7749938964844,22019,32.47305225,0,1,0
220190024003,10,b3,0,3,82.0,51.5692445806952,3,191.18906620973135,2,2,2,191.18906620973135,22019,32.47305225,0,1,0
220190024006,8,b3,0,3,63.0,51.1662938240653,3,194.6257872978331,2,2,2,194.6257872978331,22019,32.47305225,0,1,0
220190025002,18,b3,0,3,182.0,53.5440407822235,2,207.6000061035156,2,2,2,207.6000061035156,22019,32.47305225,0,1,0
220399503002,4,b3,0,3,74.0,37.9867784996329,3,273.0142822265625,2,2,2,273.0142822265625,22039,4.6647587800000005,0,0,0
220399507004,4,b3,0,3,68.0,34.8652959136764,3,191.62828095075872,2,2,1,191.62828095075872,22039,4.6647587800000005,0,0,1
220839703003,20,b3,0,3,90.0,20.46496883311,0,182.40000915527344,1,2,0,182.40000915527344,22083,0.01253687,0,0,0
220839705004,27,b3,0,3,106.0,20.3253923262544,0,185.3831153364829,1,2,0,185.3831153364829,22083,0.01253687,0,0,0
220839701003,16,b3,0,3,141.0,20.7270104173425,0,155.69432163803333,1,2,0,155.69432163803333,22083,0.01253687,0,0,0
220839703001,19,b3,0,3,75.0,20.2859743249436,0,174.1999969482422,1,2,0,174.1999969482422,22083,0.01253687,0,0,0
220839706001,27,b3,0,3,98.0,20.4429361137853,0,191.3800048828125,1,2,0,191.3800048828125,22083,0.01253687,0,0,0
220839705001,11,b3,0,3,51.0,20.2954829163339,0,188.0,1,2,0,188.0,22083,0.01253687,0,0,0
220839701002,15,b3,0,3,63.0,20.6740208968356,0,160.0,1,2,0,160.0,22083,0.01253687,0,0,0
220839702001,22,b3,0,3,119.0,20.5546378948806,0,179.4888916015625,1,2,0,179.4888916015625,22083,0.01253687,0,0,0
220839705002,17,b3,0,3,74.0,20.1911487753376,0,175.60000610351562,1,2,0,175.60000610351562,22083,0.01253687,0,0,0
220839702002,8,b3,0,3,95.0,20.6187205248133,0,181.11668395996097,1,2,0,181.11668395996097,22083,0.01253687,0,0,0
220839704001,47,b3,0,3,177.0,20.1239378970271,0,178.4199981689453,1,2,0,178.4199981689453,22083,0.01253687,0,0,0
220839706002,29,b3,0,3,124.0,20.2944827906334,0,183.35714721679688,1,2,0,183.35714721679688,22083,0.01253687,0,0,0
220839706003,29,b3,0,3,135.0,21.6712579525489,1,209.3473663330078,1,2,0,209.3473663330078,22083,0.01253687,0,0,0
220839705003,21,b3,0,3,122.0,20.2329406062373,0,172.0254681518247,1,2,0,172.0254681518247,22083,0.01253687,0,0,0
220839704002,33,b3,0,3,118.0,20.0798661209265,0,170.5357208251953,1,2,0,170.5357208251953,22083,0.01253687,0,0,0
220659605001,4,b3,0,3,131.0,21.3637955143646,1,137.89999389648438,1,1,1,137.89999389648438,22065,0.00606983,0,0,0
220990206004,20,b3,0,3,160.0,39.4924261624687,3,126.0,2,1,4,126.0,22099,2.17976609,0,1,1
221139510011,15,b3,0,3,69.0,41.5466835664356,3,178.60000610351562,2,2,2,178.60000610351562,22113,12.34417553,1,1,0
221139510022,4,b3,0,3,79.0,41.7555521103737,3,196.36249402392264,2,2,2,196.36249402392264,22113,12.34417553,1,1,0
221139510023,21,b3,0,3,152.0,41.7816809026807,3,218.5,2,2,2,218.5,22113,12.34417553,1,1,0
221139510012,23,b3,0,3,180.0,41.1664925693422,3,175.10000610351562,2,2,2,175.10000610351562,22113,12.34417553,0,1,0
220710006151,8,b3,0,3,82.0,30.3715397781924,5,87.0999984741211,1,1,3,87.0999984741211,22071,0.06577263,1,1,1
220710006181,8,b3,0,3,76.0,30.3633780471712,5,88.45991072768031,1,1,3,88.45991072768031,22071,0.06577263,1,1,1
220170218002,24,b3,0,3,135.0,32.0914857097306,2,38.9166053204158,1,1,0,38.9166053204158,22017,0.0,0,0,0
220690005001,28,b3,0,3,194.0,31.7823988382082,4,140.4027489134933,1,1,3,140.4027489134933,22069,0.0,0,0,0
220950706001,12,b3,0,3,94.0,43.083524670127,3,158.60000610351562,2,2,1,158.60000610351562,22095,0.2488945099999999,1,1,1
220950707001,16,b3,0,3,90.0,32.0721141836832,4,153.0,1,2,1,153.0,22095,0.2488945099999999,1,1,1
220690006002,24,b3,0,3,156.0,31.7326775409098,4,136.52778549023105,1,1,3,136.52778549023105,22069,0.0,0,0,0
220690009001,4,b3,0,3,36.0,34.5864718918038,2,134.586669921875,2,1,3,134.586669921875,22069,0.0,0,0,0
220870306021,9,b3,0,3,96.0,30.6879416272426,5,87.94251866745796,1,1,4,87.94251866745796,22087,1.14608952,1,1,0
220870306022,10,b3,0,3,107.0,30.4369646163441,5,85.87394932160653,1,1,3,85.87394932160653,22087,1.14608952,1,1,0
220870306031,4,b3,0,3,51.0,30.8145314180655,5,90.51743242262806,1,1,3,90.51743242262806,22087,1.14608952,1,1,0
220870307002,4,b3,0,3,36.0,30.7231746233357,5,93.0194209282655,1,1,3,93.0194209282655,22087,1.14608952,1,1,0
220870308001,5,b3,0,3,79.0,30.9569361191239,5,91.43976473236138,1,1,3,91.43976473236138,22087,1.14608952,1,1,0
220870308003,11,b3,0,3,63.0,30.7370967640892,5,92.80304333951656,1,1,3,92.80304333951656,22087,1.14608952,1,1,0
220430203002,8,b3,0,3,102.0,36.5487071932496,2,128.46665954589844,2,1,2,128.46665954589844,22043,0.0,0,0,0
220790125003,24,b3,0,3,146.0,32.2714935723254,3,208.0,1,2,1,208.0,22079,4.49269524,0,0,0
220790137002,16,b3,0,3,171.0,30.9174603465124,3,236.8000030517578,1,2,0,236.8000030517578,22079,4.49269524,0,0,0
220710017511,12,b3,0,3,136.0,35.2029215721439,4,126.33333587646484,2,1,5,126.33333587646484,22071,0.06577263,1,1,0
220710017341,20,b3,0,3,117.0,34.4259889670283,4,253.484619140625,2,2,3,253.484619140625,22071,0.06577263,1,1,0
220730005002,9,b3,0,3,78.0,20.2041911807312,0,151.0554749774972,1,2,0,151.0554749774972,22073,0.0,0,0,0
220950702001,35,b3,0,3,200.0,32.7249478912908,4,152.0803941995599,1,2,0,152.0803941995599,22095,0.2488945099999999,1,1,1
220950702002,10,b3,0,3,73.0,32.2869241028226,4,152.67572474882803,1,2,1,152.67572474882803,22095,0.2488945099999999,1,1,1
220779521003,26,b3,0,3,175.0,34.7785895240772,1,66.84000396728516,2,1,0,66.84000396728516,22077,0.4857803799999999,0,0,1
220779519001,25,b3,0,3,118.0,33.2640228943503,3,65.2249984741211,2,1,0,65.2249984741211,22077,0.4857803799999999,0,0,1
220779523001,30,b3,0,3,145.0,33.4290304494,1,62.79999923706055,2,1,0,62.79999923706055,22077,0.4857803799999999,0,0,1
220779520001,12,b3,0,3,123.0,34.0219930410179,2,82.13947296142578,2,1,1,82.13947296142578,22077,0.4857803799999999,0,0,1
220779521001,8,b3,0,3,103.0,34.0715620338786,4,62.2599983215332,2,1,0,62.2599983215332,22077,0.4857803799999999,0,0,1
220779519003,8,b3,0,3,85.0,35.2332117880217,1,81.04000091552734,2,1,1,81.04000091552734,22077,0.4857803799999999,0,0,1
220779524002,24,b3,0,3,155.0,35.0567001012482,3,65.5,2,1,0,65.5,22077,0.4857803799999999,0,0,1
220779522001,14,b3,0,3,109.0,33.2839952370637,4,61.94999694824219,2,1,0,61.94999694824219,22077,0.4857803799999999,0,0,1
221030405022,13,b3,0,3,61.0,29.1936623425391,4,104.9000015258789,1,1,2,104.9000015258789,22103,0.05873937,0,1,0
221030405023,8,b3,0,3,66.0,29.1326953946255,4,113.4954233944359,1,1,2,113.4954233944359,22103,0.05873937,0,1,0
221030406021,4,b3,0,3,82.0,29.0782655755826,5,119.61506495901192,1,1,2,119.61506495901192,22103,0.05873937,0,1,0
221030407062,19,b3,0,3,115.0,30.8748070219419,4,212.2954794886645,1,2,3,212.2954794886645,22103,0.05873937,0,1,0
221030407081,56,b3,0,3,380.0,30.9422298395093,4,242.95135200745435,1,2,3,242.95135200745435,22103,0.05873937,1,1,0
220990202004,27,b3,0,3,173.0,35.1119527051983,1,118.38231758402574,2,1,3,118.38231758402574,22099,2.17976609,0,1,1
220990208002,8,b3,0,3,95.0,36.5315819244083,4,104.6500015258789,2,1,3,104.6500015258789,22099,2.17976609,0,1,1
220990204002,12,b3,0,3,103.0,38.4980500916659,4,106.8000030517578,2,1,4,106.8000030517578,22099,2.17976609,0,1,1
220990202003,19,b3,0,3,102.0,34.7275737162605,1,145.5500030517578,2,1,3,145.5500030517578,22099,2.17976609,0,1,1
220990206002,20,b3,0,3,131.0,38.4781433738891,5,114.5,2,1,4,114.5,22099,2.17976609,0,1,1
220990209002,8,b3,0,3,64.0,37.9416181786001,5,114.5999984741211,2,1,4,114.5999984741211,22099,2.17976609,0,1,1
220730017001,21,b3,0,3,167.0,23.0818590965938,1,126.61156701232944,1,1,1,126.61156701232944,22073,0.0,0,0,0
220730017002,8,b3,0,3,83.0,22.9992430196825,2,115.56893269381231,1,1,2,115.56893269381231,22073,0.0,0,0,0
220730017003,12,b3,0,3,84.0,23.0879267203327,1,130.8872190858312,1,1,1,130.8872190858312,22073,0.0,0,0,0
221030408021,17,b3,0,3,230.0,30.5791632955642,4,224.77336201802063,1,2,3,224.77336201802063,22103,0.05873937,1,1,0
221030408031,18,b3,0,3,134.0,30.7752261559037,4,240.8980252815384,1,2,2,240.8980252815384,22103,0.05873937,1,1,0
220279502002,4,b3,0,3,46.0,30.6798734888885,2,77.90666198730469,1,1,2,77.90666198730469,22027,0.0,0,0,0
220279505001,17,b3,0,3,91.0,32.5076648040105,2,133.20909118652344,1,1,2,133.20909118652344,22027,0.0,0,0,0
220279504004,16,b3,0,3,76.0,26.0835069461932,2,80.84309244513645,1,1,2,80.84309244513645,22027,0.0,0,0,0
221030408033,20,b3,0,3,217.0,30.9219668984814,4,243.38217725982997,1,2,2,243.38217725982997,22103,0.05873937,1,1,0
220679502004,22,b3,0,3,195.0,20.343694823897,0,95.8000030517578,1,1,1,95.8000030517578,22067,0.00512676,0,0,0
220679507002,17,b3,0,3,110.0,22.0877582348243,1,99.72000122070312,1,1,1,99.72000122070312,22067,0.00512676,0,0,0
220679503002,12,b3,0,3,97.0,22.3262545493737,1,81.00416564941406,1,1,2,81.00416564941406,22067,0.00512676,0,0,0
220679504001,4,b3,0,3,78.0,20.195722579154,0,93.71852492176036,1,1,1,93.71852492176036,22067,0.00512676,0,0,0
220679507001,13,b3,0,3,82.0,19.7783170856307,0,128.6199951171875,1,1,1,128.6199951171875,22067,0.00512676,0,0,0
220679501001,12,b3,0,3,52.0,19.8951758434442,0,121.39393615722656,1,1,1,121.39393615722656,22067,0.00512676,0,0,0
220730004021,23,b3,0,3,97.0,23.1504655165663,1,134.466209414161,1,1,1,134.466209414161,22073,0.0,0,0,0
220730005001,18,b3,0,3,129.0,20.2190655668918,0,135.78042581253612,1,1,1,135.78042581253612,22073,0.0,0,0,0
220730015001,4,b3,0,3,23.0,22.5383988458761,2,117.32387526626192,1,1,1,117.32387526626192,22073,0.0,0,0,0
220730105046,32,b3,0,3,215.0,25.0254183489519,2,111.8000030517578,1,1,2,111.8000030517578,22073,0.0,0,0,0
220510267002,8,b3,0,3,36.0,29.8533672751816,5,90.99457496635826,1,1,6,90.99457496635826,22051,0.05823747,1,1,1
220510263002,45,b3,0,3,111.0,29.9673225727752,5,91.19081809171598,1,1,6,91.19081809171598,22051,0.05823747,1,1,1
221030409003,4,b3,0,3,74.0,30.6412393039891,4,215.21204038143708,1,2,3,215.21204038143708,22103,0.05873937,1,1,0
221030403034,21,b3,0,3,200.0,29.3542903384148,5,107.01626118150088,1,1,3,107.01626118150088,22103,0.05873937,1,1,0
220730007001,8,b3,0,3,59.0,22.9850730279723,1,136.30887635834412,1,1,1,136.30887635834412,22073,0.0,0,0,0
220730007002,4,b3,0,3,39.0,22.9185661506883,1,132.99202922396745,1,1,1,132.99202922396745,22073,0.0,0,0,0
221030410022,13,b3,0,3,86.0,30.7050344077138,4,222.35467101135336,1,2,3,222.35467101135336,22103,0.05873937,1,1,0
221030410021,20,b3,0,3,108.0,30.6528212217939,4,212.87817610122957,1,2,3,212.87817610122957,22103,0.05873937,1,1,0
221030410031,32,b3,0,3,87.0,30.7046107446014,4,216.3000030517578,1,2,3,216.3000030517578,22103,0.05873937,1,1,0
221030401021,12,b3,0,3,100.0,33.0307230926686,3,123.26000213623048,2,1,4,123.26000213623048,22103,0.05873937,0,1,0
221030407012,24,b3,0,3,131.0,30.2781403083323,4,114.55999755859376,1,1,3,114.55999755859376,22103,0.05873937,0,1,0
221030410034,9,b3,0,3,61.0,30.717793443319,4,218.54360422742096,1,2,3,218.54360422742096,22103,0.05873937,1,1,0
221030410042,30,b3,0,3,156.0,30.7175890279945,4,220.30321094646337,1,2,3,220.30321094646337,22103,0.05873937,1,1,0
221030410041,30,b3,0,3,151.0,30.6686460209111,4,210.4246572286412,1,2,2,210.4246572286412,22103,0.05873937,1,1,0
221030411022,13,b3,0,3,56.0,30.5524218798813,4,188.54999785331069,1,2,3,188.54999785331069,22103,0.05873937,1,1,0
221030412101,18,b3,0,3,138.0,29.4711892452181,5,99.4000015258789,1,1,2,99.4000015258789,22103,0.05873937,1,1,0
221030407101,48,b3,0,3,351.0,30.8109040463768,4,236.1000061035156,1,2,2,236.1000061035156,22103,0.05873937,1,1,0
221119605003,70,b3,0,3,193.0,26.4558317044451,2,102.6374969482422,1,1,2,102.6374969482422,22111,0.0,0,0,0
220330039102,10,b3,0,3,97.0,32.486405640063,5,121.80561034793786,1,1,1,121.80561034793786,22033,0.02202799,0,0,1
220330038024,4,b3,0,3,85.0,32.2587385909954,6,122.25365859695016,1,1,1,122.25365859695016,22033,0.02202799,0,0,1
220330045084,35,b3,0,3,189.0,35.2177518942533,4,88.53061635444854,2,1,1,88.53061635444854,22033,0.02202799,0,0,1
220330038025,12,b3,0,3,105.0,32.0964622047495,6,126.88177699825114,1,1,1,126.88177699825114,22033,0.02202799,0,0,1
220330039094,5,b3,0,3,35.0,32.1237682436812,5,135.15454467288012,1,1,1,135.15454467288012,22033,0.02202799,0,0,1
220330039093,8,b3,0,3,118.0,32.3737844526721,5,134.40589122076742,1,1,1,134.40589122076742,22033,0.02202799,0,0,1
220330040101,14,b3,0,3,132.0,33.5689897512366,4,77.3571194493095,2,1,1,77.3571194493095,22033,0.02202799,0,0,1
220379515022,7,b3,0,3,54.0,28.4344167068026,4,232.23333740234375,1,2,0,232.23333740234375,22037,0.25808331,0,0,1
220379514002,13,b3,0,3,64.0,30.1832113430669,4,131.39999389648438,1,1,1,131.39999389648438,22037,0.25808331,0,0,1
220330045092,59,b3,0,3,292.0,34.1696119260262,4,91.26414739468152,2,1,1,91.26414739468152,22033,0.02202799,0,0,1
220790117003,4,b3,0,3,50.0,31.7755075032196,3,241.56349665309153,1,2,1,241.56349665309153,22079,4.49269524,0,0,0
220290004001,10,b3,0,3,192.0,28.6175734935575,3,64.04072766680368,1,1,0,64.04072766680368,22029,0.00757152,0,0,0
220290002005,4,b3,0,3,82.0,27.6942109046754,3,73.30329218463369,1,1,1,73.30329218463369,22029,0.00757152,0,0,0
220290005003,9,b3,0,3,101.0,29.6696155226282,3,104.55294036865234,1,1,1,104.55294036865234,22029,0.00757152,0,0,0
220290003001,17,b3,0,3,129.0,28.0555904928638,3,74.6500015258789,1,1,1,74.6500015258789,22029,0.00757152,0,0,0
220510220013,20,b3,0,3,74.0,29.5630947772826,5,103.9000015258789,1,1,3,103.9000015258789,22051,0.05823747,1,1,1
220330045091,15,b3,0,3,125.0,34.6437747913042,4,87.2878814999994,2,1,1,87.2878814999994,22033,0.02202799,0,0,1
220510215002,8,b3,0,3,68.0,29.3082319638825,5,102.48581805101531,1,1,3,102.48581805101531,22051,0.05823747,1,1,1
220510205161,9,b3,0,3,51.0,28.9298745664628,5,140.13492155969678,1,1,3,140.13492155969678,22051,0.05823747,1,1,1
220330045093,20,b3,0,3,143.0,35.5557051755047,4,76.92838464400151,2,1,1,76.92838464400151,22033,0.02202799,0,0,1
220790122002,4,b3,0,3,79.0,32.3345624990844,3,232.24331135354197,1,2,1,232.24331135354197,22079,4.49269524,0,0,0
220790122003,12,b3,0,3,53.0,32.329869227083,3,231.8999938964844,1,2,1,231.8999938964844,22079,4.49269524,0,0,0
220790123021,30,b3,0,3,225.0,32.3154681116715,3,224.6529093387123,1,2,1,224.6529093387123,22079,4.49269524,0,0,0
220790123011,25,b3,0,3,176.0,32.2439997608779,3,213.7856887220024,1,2,1,213.7856887220024,22079,4.49269524,0,0,0
220790120002,4,b3,0,3,29.0,32.3427017101716,3,223.59098741452615,1,2,1,223.59098741452615,22079,4.49269524,0,0,0
220790121001,8,b3,0,3,67.0,32.3363352717456,3,225.47326923938655,1,2,1,225.47326923938655,22079,4.49269524,0,0,0
220790121002,4,b3,0,3,68.0,32.3442194378011,3,234.9394925604529,1,2,1,234.9394925604529,22079,4.49269524,0,0,0
220790116001,9,b3,0,3,60.0,31.7177048548898,3,234.3000030517578,1,2,1,234.3000030517578,22079,4.49269524,0,0,0
220790116002,8,b3,0,3,67.0,31.9883151405749,3,236.97737486578623,1,2,1,236.97737486578623,22079,4.49269524,0,0,0
220330039064,30,b3,0,3,164.0,33.7837738947135,4,99.03835082459705,2,1,1,99.03835082459705,22033,0.02202799,0,0,1
220330038014,8,b3,0,3,72.0,32.5223184977266,6,124.87688623983516,1,1,1,124.87688623983516,22033,0.02202799,0,0,1
220330040142,8,b3,0,3,151.0,34.0803083188556,4,63.523356687403016,2,1,0,63.523356687403016,22033,0.02202799,0,0,1
220870304002,6,b3,0,3,92.0,30.5509733390886,5,86.1543653144144,1,1,3,86.1543653144144,22087,1.14608952,1,1,1
220890622001,50,b3,0,3,157.0,28.2301590193722,5,121.0999984741211,1,1,4,121.0999984741211,22089,0.19315147,1,1,1
220730111002,16,b3,0,3,74.0,22.7374434032348,2,113.05025241691668,1,1,2,113.05025241691668,22073,0.0,0,0,0
220890621002,12,b3,0,3,172.0,28.6742502905255,5,145.10000610351562,1,1,3,145.10000610351562,22089,0.19315147,1,1,1
220890623012,32,b3,0,3,121.0,28.2528276522393,5,125.87390666100336,1,1,4,125.87390666100336,22089,0.19315147,1,1,1
220890627002,4,b3,0,3,58.0,29.6072896042665,4,164.35000610351562,1,2,2,164.35000610351562,22089,0.19315147,1,1,1
220630402012,39,b3,0,3,186.0,36.0073948468781,4,57.05999755859375,2,1,0,57.05999755859375,22063,0.03585767,0,1,1
220630403013,30,b3,0,3,241.0,33.9630497026925,4,127.95000457763672,2,1,2,127.95000457763672,22063,0.03585767,0,1,1
220630402021,20,b3,0,3,120.0,36.842409553165,4,69.81999969482422,2,1,0,69.81999969482422,22063,0.03585767,0,1,1
220630403011,35,b3,0,3,263.0,32.2742343934712,5,206.82675796739417,1,2,1,206.82675796739417,22063,0.03585767,0,1,1
220630405001,38,b3,0,3,271.0,32.9720575572577,5,170.3000030517578,1,2,0,170.3000030517578,22063,0.03585767,0,1,1
220630408062,32,b3,0,3,239.0,35.1878987423731,4,108.70748555491916,2,1,1,108.70748555491916,22063,0.03585767,0,1,1
220630406003,14,b3,0,3,89.0,34.0910827093722,4,149.3000030517578,2,1,1,149.3000030517578,22063,0.03585767,0,1,1
220630406004,58,b3,0,3,253.0,34.3235214691712,4,150.74171515033976,2,2,0,150.74171515033976,22063,0.03585767,0,1,1
220630407002,5,b3,0,3,65.0,33.8829601151853,4,146.1617146178652,2,1,1,146.1617146178652,22063,0.03585767,0,1,1
220630402011,16,b3,0,3,174.0,35.6618070616029,4,116.6500015258789,2,1,2,116.6500015258789,22063,0.03585767,0,1,1
220630404022,92,b3,0,3,451.0,36.2121044030636,4,70.5,2,1,1,70.5,22063,0.03585767,0,1,1
220630404011,36,b3,0,3,305.0,35.2290389612901,4,138.8000030517578,2,1,1,138.8000030517578,22063,0.03585767,0,1,1
220630404023,26,b3,0,3,180.0,35.5208740443664,4,126.39571892421296,2,1,1,126.39571892421296,22063,0.03585767,0,1,1
220630408051,47,b3,0,3,202.0,35.9797185938851,4,104.5999984741211,2,1,1,104.5999984741211,22063,0.03585767,0,1,1
220630403041,38,b3,0,3,280.0,34.2392098291858,4,137.35000610351562,2,1,1,137.35000610351562,22063,0.03585767,0,1,1
220630402022,69,b3,0,3,366.0,35.307434400768,4,112.11249542236328,2,1,2,112.11249542236328,22063,0.03585767,0,1,1
220630409022,12,b3,0,3,105.0,39.4580496572777,3,135.14614868164062,2,1,2,135.14614868164062,22063,0.03585767,1,1,1
220630409024,16,b3,0,3,176.0,38.180745647287,3,153.98001098632812,2,2,1,153.98001098632812,22063,0.03585767,1,1,1
220890621001,8,b3,0,3,97.0,28.5440228679013,5,132.1049037164061,1,1,4,132.1049037164061,22089,0.19315147,1,1,1
220890623013,59,b3,0,3,217.0,28.0242949133728,5,132.40534272007392,1,1,4,132.40534272007392,22089,0.19315147,1,1,1
220630403012,25,b3,0,3,228.0,31.5016021428562,5,217.45001220703125,1,2,1,217.45001220703125,22063,0.03585767,0,1,1
220139701003,5,b3,0,3,45.0,29.0025019172143,3,100.8000030517578,1,1,1,100.8000030517578,22013,0.0,0,0,0
220139704001,8,b3,0,3,56.0,31.9897621557717,3,92.42499542236328,1,1,2,92.42499542236328,22013,0.0,0,0,0
221030412122,24,b3,0,3,132.0,29.5258413627527,5,101.55186422332676,1,1,2,101.55186422332676,22103,0.05873937,1,1,0
221159505006,29,b3,0,3,42.0,40.9318936944108,2,146.46330379099496,2,1,4,146.46330379099496,22115,19.00196373,0,0,0
220050301012,79,b3,0,3,375.0,37.8875518401583,4,86.5999984741211,2,1,1,86.5999984741211,22005,0.01186332,1,1,1
220050301032,47,b3,0,3,262.0,39.2992925487064,4,152.0,2,2,1,152.0,22005,0.01186332,1,1,1
220050302031,74,b3,0,3,563.0,35.5818888272607,4,61.79999923706055,2,1,0,61.79999923706055,22005,0.01186332,0,1,1
220050302032,43,b3,0,3,243.0,35.4659209741425,4,68.35495975028716,2,1,0,68.35495975028716,22005,0.01186332,0,1,1
220790110003,4,b3,0,3,49.0,32.3222960326429,3,234.32401352310256,1,2,1,234.32401352310256,22079,4.49269524,0,0,0
221030412102,44,b3,0,3,121.0,29.4832900545199,5,101.0767471710024,1,1,2,101.0767471710024,22103,0.05873937,1,1,0
221179502003,24,b3,0,3,98.0,35.1949295874832,3,90.5999984741211,2,1,1,90.5999984741211,22117,0.0022141099999999,0,0,0
221030412093,16,b3,0,3,77.0,29.4464323831,5,100.52131724564413,1,1,3,100.52131724564413,22103,0.05873937,1,1,0
220790113001,14,b3,0,3,189.0,31.0458275308039,3,231.2656968223113,1,2,1,231.2656968223113,22079,4.49269524,0,0,0
220790106001,20,b3,0,3,117.0,35.8722921703025,2,150.0238037109375,2,2,1,150.0238037109375,22079,4.49269524,0,0,0
220790107001,18,b3,0,3,161.0,32.2611469403894,3,218.3500061035156,1,2,1,218.3500061035156,22079,4.49269524,0,0,0
220790132001,18,b3,0,3,122.0,31.1142956337749,3,242.1000061035156,1,2,0,242.1000061035156,22079,4.49269524,0,0,0
220790136001,16,b3,0,3,95.0,39.5314476142821,3,325.58001708984375,2,2,1,325.58001708984375,22079,4.49269524,0,0,0
220790135005,4,b3,0,3,70.0,34.0091103311265,2,351.3249816894531,2,2,2,351.3249816894531,22079,4.49269524,0,0,0
220790115002,25,b3,0,3,161.0,31.8034804203151,3,236.1125470417003,1,2,1,236.1125470417003,22079,4.49269524,0,0,0
220790105004,4,b3,0,3,103.0,31.837893361757,3,222.3000030517578,1,2,1,222.3000030517578,22079,4.49269524,0,0,0
220790101004,4,b3,0,3,92.0,30.2389177068331,4,207.6333465576172,1,2,0,207.6333465576172,22079,4.49269524,0,0,0
220790135004,4,b3,0,3,44.0,34.124130834458,2,349.56762314529544,2,2,2,349.56762314529544,22079,4.49269524,0,0,0
220790104001,17,b3,0,3,156.0,31.3891592449343,3,216.3999938964844,1,2,1,216.3999938964844,22079,4.49269524,0,0,0
220139703001,4,b3,0,3,75.0,37.9516349363806,2,103.14286041259766,2,1,2,103.14286041259766,22013,0.0,0,0,0
220430201003,5,b3,0,3,69.0,36.8375299532597,2,141.27500915527344,2,1,2,141.27500915527344,22043,0.0,0,0,0
220430204022,34,b3,0,3,200.0,29.2986014316625,3,230.1499938964844,1,2,0,230.1499938964844,22043,0.0,0,0,0
220619608001,14,b3,0,3,131.0,27.444066679546,3,132.8000030517578,1,1,2,132.8000030517578,22061,0.0,0,0,0
220330042043,12,b3,0,3,56.0,31.1464688519715,4,206.5,1,2,0,206.5,22033,0.02202799,0,0,1
221030405021,9,b3,0,3,113.0,29.1879461732129,4,106.64009811790216,1,1,2,106.64009811790216,22103,0.05873937,0,1,0
221030413001,28,b3,0,3,208.0,29.4241169289564,5,101.81679029342506,1,1,3,101.81679029342506,22103,0.05873937,1,1,0
221030406022,12,b3,0,3,81.0,29.1011724563207,5,117.8000030517578,1,1,3,117.8000030517578,22103,0.05873937,0,1,0
220150111101,129,b3,0,3,432.0,30.5434461082729,2,42.599998474121094,1,1,0,42.599998474121094,22015,0.0,0,0,0
220150111091,83,b3,0,3,326.0,31.5954059449903,2,82.5,1,1,1,82.5,22015,0.0,0,0,0
220150111092,61,b3,0,3,326.0,32.1484614057748,2,70.56895406835223,1,1,1,70.56895406835223,22015,0.0,0,0,0
220150106014,33,b3,0,3,184.0,31.7599417707526,2,44.241064807048325,1,1,0,44.241064807048325,22015,0.0,0,0,0
220150111093,39,b3,0,3,311.0,32.9498831031472,2,65.19999694824219,1,1,0,65.19999694824219,22015,0.0,0,0,0
220150111064,19,b3,0,3,162.0,35.2021235537707,1,69.05000305175781,2,1,0,69.05000305175781,22015,0.0,0,0,0
220150110012,60,b3,0,3,268.0,33.9368594361929,1,81.1500015258789,2,1,1,81.1500015258789,22015,0.0,0,0,0
220150111034,31,b3,0,3,125.0,31.9182234073213,2,107.4000015258789,1,1,1,107.4000015258789,22015,0.0,0,0,0
220150111081,41,b3,0,3,161.0,31.8329408099301,2,39.400001525878906,1,1,0,39.400001525878906,22015,0.0,0,0,0
220150111084,103,b3,0,3,286.0,31.6756972808812,2,39.79999923706055,1,1,0,39.79999923706055,22015,0.0,0,0,0
220150111033,62,b3,0,3,252.0,32.4382079533906,2,90.85479903830344,1,1,1,90.85479903830344,22015,0.0,0,0,0
220150109002,10,b3,0,3,124.0,33.614347809759,1,61.2054576414811,2,1,0,61.2054576414811,22015,0.0,0,0,0
220150110023,14,b3,0,3,77.0,35.1305237760197,1,89.6142807006836,2,1,2,89.6142807006836,22015,0.0,0,0,0
220150110022,66,b3,0,3,339.0,33.61046213054,1,70.9000015258789,2,1,1,70.9000015258789,22015,0.0,0,0,0
221159507043,4,b3,0,3,23.0,37.2938565267747,2,161.25568182840118,2,2,2,161.25568182840118,22115,19.00196373,0,0,0
221159507042,15,b3,0,3,91.0,36.4338424959043,2,159.9078086916996,2,2,2,159.9078086916996,22115,19.00196373,0,0,0
221030407042,58,b3,0,3,222.0,30.6380001123141,4,156.5,1,2,4,156.5,22103,0.05873937,0,1,0
220330035072,4,b3,0,3,107.0,31.258954380646,4,164.93365402455984,1,2,0,164.93365402455984,22033,0.02202799,0,0,1
220330036012,32,b3,0,3,80.0,31.4916030639938,5,150.2793920154866,1,2,1,150.2793920154866,22033,0.02202799,0,0,1
221030406023,10,b3,0,3,164.0,29.051212938925,5,119.58387563777907,1,1,2,119.58387563777907,22103,0.05873937,0,1,0
221030403041,11,b3,0,3,112.0,29.2562918720314,5,109.57218042380823,1,1,3,109.57218042380823,22103,0.05873937,1,1,0
221030403042,9,b3,0,3,111.0,29.2682905370355,5,112.70393619920922,1,1,3,112.70393619920922,22103,0.05873937,1,1,0
221030413004,17,b3,0,3,135.0,29.5281994946517,5,105.26648101705008,1,1,2,105.26648101705008,22103,0.05873937,1,1,0
221030401022,24,b3,0,3,186.0,29.9642148916153,4,105.2199935913086,1,1,3,105.2199935913086,22103,0.05873937,0,1,0
221030407041,54,b3,0,3,176.0,30.6189677342,4,137.4499969482422,1,1,5,137.4499969482422,22103,0.05873937,0,1,0
221030401024,16,b3,0,3,101.0,31.8140955416297,4,134.3000030517578,1,1,5,134.3000030517578,22103,0.05873937,0,1,0
220510210002,13,b3,0,3,52.0,29.0672058079466,5,125.13814996188822,1,1,2,125.13814996188822,22051,0.05823747,1,1,1
220510250011,10,b3,0,3,86.0,30.3090112770935,5,89.13687417015043,1,1,3,89.13687417015043,22051,0.05823747,1,1,1
220330035071,8,b3,0,3,100.0,31.6015340165241,4,149.10546537814776,1,1,2,149.10546537814776,22033,0.02202799,0,0,1
220510230022,23,b3,0,3,101.0,29.4539590256106,5,101.21367238801206,1,1,2,101.21367238801206,22051,0.05823747,1,1,1
220510230023,25,b3,0,3,143.0,29.4499690759658,5,100.86696586127708,1,1,1,100.86696586127708,22051,0.05823747,1,1,1
220510218032,25,b3,0,3,73.0,29.5346236556211,5,102.49294279416009,1,1,3,102.49294279416009,22051,0.05823747,1,1,1
220510262001,20,b3,0,3,60.0,30.038980811941,5,88.4944662786101,1,1,4,88.4944662786101,22051,0.05823747,1,1,1
220510227003,4,b3,0,3,42.0,29.6366162705192,5,103.25488676093396,1,1,3,103.25488676093396,22051,0.05823747,1,1,1
220510207001,4,b3,0,3,124.0,28.913623518961,5,129.5,1,1,2,129.5,22051,0.05823747,1,1,1
220510202032,46,b3,0,3,204.0,29.5624304497989,5,97.9678102141774,1,1,3,97.9678102141774,22051,0.05823747,1,1,1
220510220022,20,b3,0,3,75.0,29.5628875883284,5,103.32699640880914,1,1,2,103.32699640880914,22051,0.05823747,1,1,1
221030406053,62,b3,0,3,570.0,29.1831107672891,5,114.28630254033392,1,1,3,114.28630254033392,22103,0.05873937,1,1,0
221030402013,32,b3,0,3,121.0,38.8317497887207,4,108.5500030517578,2,1,2,108.5500030517578,22103,0.05873937,0,1,0
221030403052,78,b3,0,3,689.0,30.6719270748827,5,135.3800048828125,1,1,3,135.3800048828125,22103,0.05873937,1,1,0
221030403031,55,b3,0,3,332.0,30.0297363897776,5,111.0999984741211,1,1,3,111.0999984741211,22103,0.05873937,1,1,0
221030403043,22,b3,0,3,209.0,31.2033080773193,5,116.5,1,1,3,116.5,22103,0.05873937,1,1,0
221030412041,24,b3,0,3,112.0,29.7183310578272,4,117.0999984741211,1,1,2,117.0999984741211,22103,0.05873937,1,1,0
221030412121,48,b3,0,3,271.0,29.6232982616862,5,111.9000015258789,1,1,3,111.9000015258789,22103,0.05873937,1,1,0
221030412081,27,b3,0,3,190.0,29.4206408445173,5,97.05948521007224,1,1,2,97.05948521007224,22103,0.05873937,1,1,0
221030411032,40,b3,0,3,289.0,30.50047618017,4,178.8000030517578,1,2,4,178.8000030517578,22103,0.05873937,1,1,0
221030408011,38,b3,0,3,301.0,30.6248194829168,4,224.510670460203,1,2,3,224.510670460203,22103,0.05873937,1,1,0
221030405011,20,b3,0,3,227.0,28.9933639520574,5,121.3000030517578,1,1,1,121.3000030517578,22103,0.05873937,0,1,0
220870301033,31,b3,0,3,82.0,32.9290459594346,5,113.87824182296364,1,1,3,113.87824182296364,22087,1.14608952,1,1,0
221030412021,23,b3,0,3,110.0,30.1241119616179,4,127.6750030517578,1,1,4,127.6750030517578,22103,0.05873937,1,1,0
221030412082,45,b3,0,3,279.0,29.3940018459514,5,101.1120778338089,1,1,2,101.1120778338089,22103,0.05873937,1,1,0
221030401042,27,b3,0,3,296.0,29.6174963842193,4,100.5625,1,1,2,100.5625,22103,0.05873937,0,1,0
221030412112,25,b3,0,3,178.0,29.5344713988585,5,115.3000030517578,1,1,2,115.3000030517578,22103,0.05873937,1,1,0
221030401025,29,b3,0,3,128.0,30.5020695072917,4,123.6999969482422,1,1,4,123.6999969482422,22103,0.05873937,0,1,0
221030402012,27,b3,0,3,185.0,36.915284422812,4,116.9250030517578,2,1,1,116.9250030517578,22103,0.05873937,0,1,0
221030411041,13,b3,0,3,99.0,30.342498122126,4,168.70001220703125,1,2,3,168.70001220703125,22103,0.05873937,1,1,0
221030402023,4,b3,0,3,56.0,29.0265268827661,4,119.0999984741211,1,1,2,119.0999984741211,22103,0.05873937,0,1,0
220870302045,9,b3,0,3,54.0,33.3531837292892,4,111.4625015258789,2,1,4,111.4625015258789,22087,1.14608952,1,1,0
221030412071,30,b3,0,3,207.0,29.3736251478636,5,106.5,1,1,3,106.5,22103,0.05873937,1,1,0
221030407082,37,b3,0,3,235.0,33.226284331184,3,271.8791809082031,2,2,3,271.8791809082031,22103,0.05873937,1,1,0
220979608003,32,b3,0,3,220.0,36.6510073008875,3,166.5500030517578,2,2,2,166.5500030517578,22097,1.46434272,0,0,0
220330046023,29,b3,0,3,185.0,30.5739431625433,4,221.0,1,2,0,221.0,22033,0.02202799,0,0,1
220330040053,25,b3,0,3,36.0,33.0246086508831,5,83.75624989431574,2,1,1,83.75624989431574,22033,0.02202799,0,0,1
220690009003,25,b3,0,3,217.0,31.6984595215832,4,133.6999969482422,1,1,3,133.6999969482422,22069,0.0,0,0,0
220190032001,72,b3,0,3,517.0,55.9945772937098,2,162.84375,2,2,2,162.84375,22019,32.47305225,1,1,0
220190036003,8,b3,0,3,90.0,54.2642807571248,3,263.9866638183594,2,2,0,263.9866638183594,22019,32.47305225,0,1,0
220510266002,22,b3,0,3,94.0,29.9152832974932,5,92.02439893346066,1,1,6,92.02439893346066,22051,0.05823747,1,1,1
220190017002,22,b3,0,3,121.0,45.1647246956534,2,261.3999938964844,2,2,3,261.3999938964844,22019,32.47305225,0,1,0
221030408012,15,b3,0,3,122.0,30.6217230822815,4,231.5,1,2,3,231.5,22103,0.05873937,1,1,0
221030406052,32,b3,0,3,176.0,29.1237378523093,5,116.4000015258789,1,1,1,116.4000015258789,22103,0.05873937,0,1,0
220399507002,20,b3,0,3,83.0,35.9412638446811,3,189.7250061035156,2,2,2,189.7250061035156,22039,4.6647587800000005,0,0,0
220979618003,12,b3,0,3,85.0,36.0749256132914,3,144.0,2,1,2,144.0,22097,1.46434272,0,0,1
220979617003,22,b3,0,3,172.0,36.408150201476,2,151.5,2,2,1,151.5,22097,1.46434272,0,0,1
220979603001,4,b3,0,3,75.0,35.2301991054312,1,129.53334045410156,2,1,3,129.53334045410156,22097,1.46434272,0,0,1
220979602003,8,b3,0,3,102.0,35.3859856926433,2,158.60000610351562,2,2,0,158.60000610351562,22097,1.46434272,0,0,0
220979604001,24,b3,0,3,116.0,35.8089464471968,1,146.5500030517578,2,1,1,146.5500030517578,22097,1.46434272,0,0,1
220979607001,12,b3,0,3,103.0,37.930411924395,3,169.8000030517578,2,2,1,169.8000030517578,22097,1.46434272,0,0,1
220979618001,23,b3,0,3,156.0,37.5260961264104,3,180.3999938964844,2,2,1,180.3999938964844,22097,1.46434272,0,0,1
220979618004,30,b3,0,3,204.0,37.4775839137268,2,155.8666534423828,2,2,2,155.8666534423828,22097,1.46434272,0,0,1
220979608001,12,b3,0,3,59.0,39.4382996452498,3,152.0,2,2,2,152.0,22097,1.46434272,0,0,0
220979612002,20,b3,0,3,243.0,36.0061308578229,3,141.0500030517578,2,1,2,141.0500030517578,22097,1.46434272,0,0,1
220690003004,12,b3,0,3,70.0,32.6138612128052,4,176.59091186523438,1,2,3,176.59091186523438,22069,0.0,0,0,0
220190017003,21,b3,0,3,115.0,46.4760706063139,2,258.4338599105638,2,2,1,258.4338599105638,22019,32.47305225,0,1,0
220190018015,32,b3,0,3,153.0,56.505178255071,3,202.1000061035156,2,2,2,202.1000061035156,22019,32.47305225,0,1,0
220190019041,32,b3,0,3,72.0,55.6599252372258,4,193.83666331862503,2,2,2,193.83666331862503,22019,32.47305225,0,1,0
220190022013,61,b3,0,3,416.0,57.1206067862137,2,270.03997802734375,2,2,1,270.03997802734375,22019,32.47305225,0,1,0
220190023001,38,b3,0,3,224.0,56.5043126798028,2,204.1937561035156,2,2,2,204.1937561035156,22019,32.47305225,0,1,0
220190019033,33,b3,0,3,164.0,57.2385627432672,3,222.4956329549739,2,2,2,222.4956329549739,22019,32.47305225,0,1,0
220190022011,25,b3,0,3,173.0,43.476293612658,3,300.05999755859375,2,2,0,300.05999755859375,22019,32.47305225,0,1,0
220190027003,38,b3,0,3,140.0,53.3227887133829,2,174.0,2,2,3,174.0,22019,32.47305225,0,1,0
220550008002,8,b3,0,3,38.0,35.9553312827393,3,163.80038425098746,2,2,1,163.80038425098746,22055,1.5760870500000002,0,0,1
220550016002,8,b3,0,3,65.0,36.9455282501444,3,154.70991787362036,2,2,2,154.70991787362036,22055,1.5760870500000002,0,0,1
220550021043,25,b3,0,3,111.0,35.9966254787237,2,168.14999389648438,2,2,2,168.14999389648438,22055,1.5760870500000002,0,0,1
220730052033,13,b3,0,3,133.0,22.9247962749933,1,103.29211750697074,1,1,2,103.29211750697074,22073,0.0,0,0,0
220190034001,8,b3,0,3,129.0,53.7296549643364,3,267.1000061035156,2,2,1,267.1000061035156,22019,32.47305225,1,1,0
220330040062,23,b3,0,3,154.0,33.0178021059074,5,73.9351072362818,2,1,1,73.9351072362818,22033,0.02202799,0,0,1
220330040063,10,b3,0,3,122.0,32.7559656105417,6,76.76277482943185,1,1,1,76.76277482943185,22033,0.02202799,0,0,1
220979615004,26,b3,0,3,186.0,36.7037905652228,2,169.5244802453094,2,2,1,169.5244802453094,22097,1.46434272,0,0,1
220979617004,31,b3,0,3,257.0,37.326466357971,2,166.85000610351562,2,2,1,166.85000610351562,22097,1.46434272,0,0,1
220730104001,23,b3,0,3,150.0,25.5232056830726,2,105.16666412353516,1,1,2,105.16666412353516,22073,0.0,0,0,0
220730004011,27,b3,0,3,156.0,20.3107394408563,0,118.8000030517578,1,1,1,118.8000030517578,22073,0.0,0,0,0
220730106031,36,b3,0,3,333.0,19.8518292792543,0,155.5500030517578,1,2,0,155.5500030517578,22073,0.0,0,0,0
220730052011,15,b3,0,3,106.0,25.3114184616194,2,98.41402610746998,1,1,2,98.41402610746998,22073,0.0,0,0,0
220730103023,25,b3,0,3,155.0,21.5666019852751,1,85.4000015258789,1,1,2,85.4000015258789,22073,0.0,0,0,0
220730105031,14,b3,0,3,141.0,27.6928172590313,2,112.44285583496094,1,1,2,112.44285583496094,22073,0.0,0,0,0
220730111001,16,b3,0,3,99.0,22.3313822370552,2,115.0999984741211,1,1,1,115.0999984741211,22073,0.0,0,0,0
220730110001,41,b3,0,3,146.0,22.1638596961068,2,126.0,1,1,1,126.0,22073,0.0,0,0,0
221259518004,22,b3,0,3,157.0,31.4824891690655,4,84.0,1,1,1,84.0,22125,0.32906933,0,0,1
221259518001,8,b3,0,3,81.0,31.9677212404497,4,93.3166732788086,1,1,1,93.3166732788086,22125,0.32906933,0,0,1
220750501002,36,b3,0,3,64.0,30.5958331421021,5,98.86666870117188,1,1,3,98.86666870117188,22075,1.49824733,1,1,1
220350002001,8,b3,0,3,60.0,20.8371759882809,0,158.3142852783203,1,2,1,158.3142852783203,22035,0.0108612,0,0,0
220050302062,34,b3,0,3,256.0,37.9075621889777,4,78.8934561401592,2,1,1,78.8934561401592,22005,0.01186332,0,1,1
221030409001,27,b3,0,3,288.0,30.6976626237264,4,231.49899723072284,1,2,3,231.49899723072284,22103,0.05873937,1,1,0
221030407063,16,b3,0,3,87.0,30.9198256400894,4,212.5,1,2,3,212.5,22103,0.05873937,0,1,0
221030411012,12,b3,0,3,51.0,30.3445466080341,4,149.74436644659025,1,1,5,149.74436644659025,22103,0.05873937,1,1,0
221030412043,20,b3,0,3,91.0,29.9689622290966,4,122.16359369028623,1,1,5,122.16359369028623,22103,0.05873937,1,1,0
221030411024,22,b3,0,3,122.0,30.3425821413698,4,183.6000061035156,1,2,3,183.6000061035156,22103,0.05873937,1,1,0
221030407052,67,b3,0,3,218.0,30.7353356239984,4,209.55086480754227,1,2,4,209.55086480754227,22103,0.05873937,0,1,0
220870306011,4,b3,0,3,73.0,30.6533570972853,5,86.84149607005763,1,1,3,86.84149607005763,22087,1.14608952,1,1,0
220750502001,51,b3,0,3,319.0,30.5163182638865,5,96.4000015258789,1,1,3,96.4000015258789,22075,1.49824733,1,1,1
220750503002,16,b3,0,3,100.0,30.3899533020448,5,100.47674938703906,1,1,3,100.47674938703906,22075,1.49824733,1,1,1
220150106013,35,b3,0,3,162.0,32.3904233156459,2,53.838468996981874,1,1,0,53.838468996981874,22015,0.0,0,0,0
220150111054,86,b3,0,3,370.0,34.1711733948137,1,84.6500015258789,2,1,1,84.6500015258789,22015,0.0,0,0,0
220150111072,12,b3,0,3,58.0,30.7623199775404,2,38.082730162066575,1,1,0,38.082730162066575,22015,0.0,0,0,0
221230003002,16,b3,0,3,57.0,20.3249491897328,0,168.82858276367188,1,2,0,168.82858276367188,22123,0.00828592,0,0,0
220950701002,22,b3,0,3,142.0,37.3930145177165,3,138.84999084472656,2,1,3,138.84999084472656,22095,0.2488945099999999,1,1,1
220950703004,38,b3,0,3,148.0,32.9521659689469,4,147.51170474677124,1,1,2,147.51170474677124,22095,0.2488945099999999,1,1,1
220950705003,19,b3,0,3,140.0,33.0031773371419,3,139.30332901128045,2,1,3,139.30332901128045,22095,0.2488945099999999,1,1,1
220950711001,16,b3,0,3,78.0,44.3147433060708,3,144.1750030517578,2,1,2,144.1750030517578,22095,0.2488945099999999,1,1,1
221119604003,26,b3,0,3,98.0,28.9439182567504,2,100.0,1,1,2,100.0,22111,0.0,0,0,0
220479529002,22,b3,0,3,151.0,34.345320137196,4,58.54444885253906,2,1,0,58.54444885253906,22047,0.33403865,0,1,1
220139705004,8,b3,0,3,80.0,27.3643594656769,3,147.38461303710938,1,1,3,147.38461303710938,22013,0.0,0,0,0
221030407013,21,b3,0,3,359.0,30.4300926766269,4,141.8000030517578,1,1,4,141.8000030517578,22103,0.05873937,0,1,0
220379515025,4,b3,0,3,61.0,29.5422077593194,4,203.4333343505859,1,2,0,203.4333343505859,22037,0.25808331,0,0,1
220550014043,12,b3,0,3,102.0,36.3246048172872,3,149.0701655005792,2,1,4,149.0701655005792,22055,1.5760870500000002,0,0,1
220170249003,8,b3,0,3,73.0,22.655571985033,2,43.400001525878906,1,1,0,43.400001525878906,22017,0.0,0,0,0
220170211003,9,b3,0,3,43.0,32.3248605929443,2,40.12335039450634,1,1,0,40.12335039450634,22017,0.0,0,0,0
220170254061,72,b3,0,3,293.0,29.6833822916652,2,61.95000076293945,1,1,0,61.95000076293945,22017,0.0,0,0,0
220710017471,15,b3,0,3,117.0,33.5107045583135,4,89.87750749454639,2,1,5,89.87750749454639,22071,0.06577263,1,1,0
220710017472,21,b3,0,3,138.0,33.9924642826728,4,94.5999984741211,2,1,5,94.5999984741211,22071,0.06577263,1,1,0
220710133012,16,b3,0,3,90.0,29.9491795769384,5,106.78137205144712,1,1,3,106.78137205144712,22071,0.06577263,1,1,1
220710134003,28,b3,0,3,1968.0,30.057157371619,5,143.02217847194618,1,1,4,143.02217847194618,22071,0.06577263,1,1,1
220090306004,12,b3,0,3,71.0,33.0741934242761,3,196.95999145507812,2,2,1,196.95999145507812,22009,1.52021072,0,0,0
220710006163,10,b3,0,3,94.0,30.5653369935389,5,88.39538799273966,1,1,3,88.39538799273966,22071,0.06577263,1,1,1
220319501003,54,b3,0,3,312.0,34.9822583314978,1,73.75999450683594,2,1,1,73.75999450683594,22031,0.0,0,0,0
220319507002,4,b3,0,3,64.0,38.3954022865904,3,135.60665893554688,2,1,1,135.60665893554688,22031,0.0,0,0,0
220050301031,22,b3,0,3,217.0,39.5990509772134,4,132.56666564941406,2,1,2,132.56666564941406,22005,0.01186332,1,1,1
220050301011,29,b3,0,3,240.0,36.6908894125536,4,98.5,2,1,1,98.5,22005,0.01186332,0,1,1
220050302052,20,b3,0,3,94.0,37.0256463732809,4,54.695726148618355,2,1,0,54.695726148618355,22005,0.01186332,0,1,1
220050305001,37,b3,0,3,248.0,37.2652394466745,3,158.91819763183594,2,2,1,158.91819763183594,22005,0.01186332,1,1,1
220150110013,35,b3,0,3,201.0,34.173712048564,1,65.30000305175781,2,1,0,65.30000305175781,22015,0.0,0,0,0
220150111083,114,b3,0,3,363.0,31.4243931035965,2,33.13333511352539,1,1,0,33.13333511352539,22015,0.0,0,0,0
220710122001,4,b3,0,3,49.0,29.8415644639938,5,146.00718426564865,1,1,4,146.00718426564865,22071,0.06577263,1,1,1
220150113001,20,b3,0,3,49.0,31.9098188900991,2,37.400001525878906,1,1,0,37.400001525878906,22015,0.0,0,0,0
220150113002,26,b3,0,3,486.0,32.052771601941,2,41.53111576903763,1,1,0,41.53111576903763,22015,0.0,0,0,0
220150111052,42,b3,0,3,152.0,32.8077270793013,2,100.3536081152259,1,1,1,100.3536081152259,22015,0.0,0,0,0
220150111082,220,b3,0,3,789.0,30.8280405600553,2,53.650001525878906,1,1,0,53.650001525878906,22015,0.0,0,0,0
220150112003,12,b3,0,3,85.0,29.2094361720777,2,64.5,1,1,0,64.5,22015,0.0,0,0,0
220150108042,25,b3,0,3,131.0,34.6762840647348,1,57.17283067019863,2,1,0,57.17283067019863,22015,0.0,0,0,0
220150108044,16,b3,0,3,129.0,34.5601058199314,1,51.7471083388137,2,1,0,51.7471083388137,22015,0.0,0,0,0
220150111032,72,b3,0,3,217.0,31.475320481095,2,46.55999755859375,1,1,0,46.55999755859375,22015,0.0,0,0,0
220150106011,26,b3,0,3,150.0,32.1264189329654,2,49.193765832427886,1,1,0,49.193765832427886,22015,0.0,0,0,0
220150106021,11,b3,0,3,146.0,31.8885188485382,2,44.97424149574296,1,1,0,44.97424149574296,22015,0.0,0,0,0
220150106022,45,b3,0,3,319.0,32.1882550828912,2,47.003052033323826,1,1,0,47.003052033323826,22015,0.0,0,0,0
220890621003,30,b3,0,3,120.0,28.4934619816377,5,125.47583148773664,1,1,4,125.47583148773664,22089,0.19315147,1,1,1
220890624001,4,b3,0,3,79.0,28.4356348240827,5,136.45999145507812,1,1,3,136.45999145507812,22089,0.19315147,1,1,1
220890632002,22,b3,0,3,65.0,31.0088477213492,4,167.19000244140625,1,2,2,167.19000244140625,22089,0.19315147,1,1,1
221230002002,14,b3,0,3,210.0,20.0851428752795,0,155.8000030517578,1,2,1,155.8000030517578,22123,0.00828592,0,0,0
221230002001,20,b3,0,3,195.0,20.3012488661002,0,175.90000915527344,1,2,1,175.90000915527344,22123,0.00828592,0,0,0
221230002003,8,b3,0,3,84.0,20.1186328456017,0,154.16000366210938,1,2,1,154.16000366210938,22123,0.00828592,0,0,0
221139508006,8,b3,0,3,43.0,39.5295390545585,3,152.11978179069413,2,2,2,152.11978179069413,22113,12.34417553,0,1,0
220790124001,13,b3,0,3,182.0,32.2989519587196,3,218.07527181927256,1,2,1,218.07527181927256,22079,4.49269524,0,0,0
221059542001,30,b3,0,3,155.0,36.9142367702211,3,110.30784171506126,2,1,1,110.30784171506126,22105,0.00826522,0,1,1
221010402001,33,b3,0,3,157.0,37.1400123301664,4,61.23683013706112,2,1,0,61.23683013706112,22101,0.68496657,1,1,1
220630406006,22,b3,0,3,151.0,34.7448215490345,4,133.31228400263933,2,1,1,133.31228400263933,22063,0.03585767,0,1,1
220239701002,40,b3,0,3,185.0,53.1894276253504,3,222.0531311035156,2,2,0,222.0531311035156,22023,89.29875362,1,1,0
221139504004,15,b3,0,3,116.0,35.5452818214321,3,129.82851451066983,2,1,4,129.82851451066983,22113,12.34417553,0,1,0
221139504005,16,b3,0,3,116.0,35.7498121521191,3,121.8000030517578,2,1,4,121.8000030517578,22113,12.34417553,0,1,0
221139506002,12,b3,0,3,105.0,38.8388287470313,3,131.62265512253526,2,1,4,131.62265512253526,22113,12.34417553,0,1,0
221139507002,8,b3,0,3,69.0,39.1057859489917,3,134.37667064611472,2,1,4,134.37667064611472,22113,12.34417553,0,1,0
221139507004,8,b3,0,3,78.0,39.0369145372329,3,142.89999389648438,2,1,4,142.89999389648438,22113,12.34417553,0,1,0
221010404004,12,b3,0,3,48.0,37.6464097473437,5,56.89735889740014,2,1,0,56.89735889740014,22101,0.68496657,1,1,1
221010402004,13,b3,0,3,96.0,38.1121643817258,4,59.29999923706055,2,1,0,59.29999923706055,22101,0.68496657,1,1,1
221010402003,11,b3,0,3,111.0,37.5897374040484,4,57.805888843015225,2,1,0,57.805888843015225,22101,0.68496657,1,1,1
221010405003,16,b3,0,3,75.0,37.3921495346091,5,56.900001525878906,2,1,0,56.900001525878906,22101,0.68496657,1,1,1
220450303021,19,b3,0,3,100.0,40.978614931995,3,141.8000030517578,2,1,4,141.8000030517578,22045,3.09661809,0,1,1
220550021021,31,b3,0,3,189.0,36.4417630035554,2,175.60000610351562,2,2,2,175.60000610351562,22055,1.5760870500000002,0,0,1
221010404005,12,b3,0,3,53.0,37.612996357835,5,58.31052985428326,2,1,0,58.31052985428326,22101,0.68496657,1,1,1
220790124003,9,b3,0,3,85.0,32.2333681651945,3,213.6843163273928,1,2,1,213.6843163273928,22079,4.49269524,0,0,0
220790126002,24,b3,0,3,222.0,32.318915017561,3,225.21958511471888,1,2,1,225.21958511471888,22079,4.49269524,0,0,0
221010406001,20,b3,0,3,118.0,38.37948048882,5,52.03326924336266,2,1,0,52.03326924336266,22101,0.68496657,1,1,1
221010406003,15,b3,0,3,173.0,37.8005775834502,5,62.5,2,1,0,62.5,22101,0.68496657,1,1,1
221010407001,16,b3,0,3,52.0,39.180621361951,5,59.764774606267714,2,1,0,59.764774606267714,22101,0.68496657,1,1,1
220630405003,27,b3,0,3,76.0,34.870634123603,4,136.58126182861673,2,1,1,136.58126182861673,22063,0.03585767,0,1,1
220479527004,16,b3,0,3,153.0,34.8090273013609,4,56.5333366394043,2,1,0,56.5333366394043,22047,0.33403865,0,1,1
221159507012,22,b3,0,3,149.0,36.2314277479191,2,128.1729290519692,2,1,3,128.1729290519692,22115,19.00196373,0,0,0
220710046002,8,b3,0,3,55.0,29.9622705452534,5,115.53187124617249,1,1,5,115.53187124617249,22071,0.06577263,1,1,1
220550010023,4,b3,0,3,48.0,35.5500561365808,3,168.3057632040781,2,2,3,168.3057632040781,22055,1.5760870500000002,0,0,1
220550010031,19,b3,0,3,101.0,36.1756147990985,3,169.85323795604995,2,2,2,169.85323795604995,22055,1.5760870500000002,0,0,1
220550010032,13,b3,0,3,98.0,35.8771571963427,3,165.10000610351562,2,2,3,165.10000610351562,22055,1.5760870500000002,0,0,1
220550010033,13,b3,0,3,65.0,35.827471638737,3,166.4491492402976,2,2,2,166.4491492402976,22055,1.5760870500000002,0,0,1
220550011001,13,b3,0,3,106.0,35.5396315620629,3,163.27670050797047,2,2,1,163.27670050797047,22055,1.5760870500000002,0,0,1
220550012001,19,b3,0,3,149.0,36.1554094288839,3,165.87826571528498,2,2,3,165.87826571528498,22055,1.5760870500000002,0,0,1
220550012002,11,b3,0,3,82.0,35.9640489304523,3,162.39999389648438,2,2,3,162.39999389648438,22055,1.5760870500000002,0,0,1
220550012003,19,b3,0,3,106.0,35.9159456561054,3,163.46196180804284,2,2,3,163.46196180804284,22055,1.5760870500000002,0,0,1
220550012004,17,b3,0,3,53.0,36.2956175143349,3,166.50552065539406,2,2,3,166.50552065539406,22055,1.5760870500000002,0,0,1
220550013003,5,b3,0,3,45.0,36.0696452269448,3,167.43936476499803,2,2,2,167.43936476499803,22055,1.5760870500000002,0,0,1
220550013004,19,b3,0,3,76.0,36.5233673289732,3,167.10000610351562,2,2,3,167.10000610351562,22055,1.5760870500000002,0,0,1
220550010012,31,b3,0,3,158.0,36.6469883700239,3,163.10000610351562,2,2,2,163.10000610351562,22055,1.5760870500000002,0,0,1
220550019032,4,b3,0,3,167.0,38.8898853825251,3,145.53854097107643,2,1,3,145.53854097107643,22055,1.5760870500000002,0,0,1
220550014091,72,b3,0,3,415.0,37.2341953172271,3,144.36571840199937,2,1,4,144.36571840199937,22055,1.5760870500000002,0,0,1
220550020024,16,b3,0,3,140.0,38.4826792862068,3,158.75349331518944,2,2,2,158.75349331518944,22055,1.5760870500000002,0,0,1
220550010021,17,b3,0,3,99.0,35.4578264279214,3,173.7700851994165,2,2,3,173.7700851994165,22055,1.5760870500000002,0,0,1
220550014042,15,b3,0,3,216.0,36.2013837072087,3,151.13298151681613,2,2,2,151.13298151681613,22055,1.5760870500000002,0,0,1
220550021041,18,b3,0,3,170.0,37.5167994616857,2,165.8000030517578,2,2,2,165.8000030517578,22055,1.5760870500000002,0,0,1
220550013001,4,b3,0,3,38.0,35.9617221187844,3,163.92690473350365,2,2,3,163.92690473350365,22055,1.5760870500000002,0,0,1
220550021042,39,b3,0,3,249.0,37.4140211591014,3,173.10139557299894,2,2,2,173.10139557299894,22055,1.5760870500000002,0,0,1
220550021031,4,b3,0,3,39.0,35.695351514431,3,170.9917888515082,2,2,2,170.9917888515082,22055,1.5760870500000002,0,0,1
220090304002,8,b3,0,3,110.0,31.6597835277174,3,129.60000610351562,1,1,2,129.60000610351562,22009,1.52021072,0,0,0
220870308002,4,b3,0,3,50.0,31.0136755341058,5,92.41299790200634,1,1,3,92.41299790200634,22087,1.14608952,1,1,0
221010414001,8,b3,0,3,55.0,32.6591635448145,5,83.85000610351562,1,1,1,83.85000610351562,22101,0.68496657,1,1,1
220090304003,12,b3,0,3,76.0,31.840528463266,3,132.02003490285185,1,1,2,132.02003490285185,22009,1.52021072,0,0,0
220090305005,21,b3,0,3,79.0,32.4487979026225,3,143.89999389648438,1,1,2,143.89999389648438,22009,1.52021072,0,0,0
220090303001,24,b3,0,3,141.0,32.4133450754335,4,173.7571563720703,1,2,1,173.7571563720703,22009,1.52021072,0,0,0
220090308001,22,b3,0,3,170.0,33.2046583853776,2,144.1800079345703,2,1,2,144.1800079345703,22009,1.52021072,0,0,1
220090302001,24,b3,0,3,187.0,32.0682384387191,4,147.68235778808594,1,1,2,147.68235778808594,22009,1.52021072,0,0,0
220090305003,4,b3,0,3,44.0,32.4476925955544,3,135.0,1,1,2,135.0,22009,1.52021072,0,0,0
220090304005,8,b3,0,3,106.0,31.3972031229315,3,131.3000030517578,1,1,2,131.3000030517578,22009,1.52021072,0,0,0
220710006071,4,b3,0,3,33.0,30.6338761088568,5,89.22244227496286,1,1,3,89.22244227496286,22071,0.06577263,1,1,1
221030407103,29,b3,0,3,159.0,30.8914580286155,4,238.0116801144116,1,2,3,238.0116801144116,22103,0.05873937,1,1,0
220330040111,8,b3,0,3,88.0,33.5240118975402,4,63.610542727936824,2,1,0,63.610542727936824,22033,0.02202799,0,0,1
221030407102,33,b3,0,3,127.0,30.8620985778042,4,236.68665207738607,1,2,3,236.68665207738607,22103,0.05873937,1,1,0
221030410023,16,b3,0,3,138.0,30.7398039691441,4,224.9468086727952,1,2,3,224.9468086727952,22103,0.05873937,1,1,0
221010414003,12,b3,0,3,53.0,32.4460176413683,5,87.16901874310558,1,1,2,87.16901874310558,22101,0.68496657,1,1,1
220870301032,30,b3,0,3,113.0,33.4186015040318,4,115.83103811509837,2,1,3,115.83103811509837,22087,1.14608952,1,1,0
220870301034,17,b3,0,3,83.0,33.3686806349716,4,110.9000015258789,2,1,3,110.9000015258789,22087,1.14608952,1,1,0
220870302031,9,b3,0,3,41.0,30.9325922314626,5,98.37891007636516,1,1,3,98.37891007636516,22087,1.14608952,1,1,0
220330042041,8,b3,0,3,34.0,30.910483760775,4,209.8065584995545,1,2,0,209.8065584995545,22033,0.02202799,0,0,1
221030409002,4,b3,0,3,79.0,30.6295636369633,4,219.96657522444423,1,2,3,219.96657522444423,22103,0.05873937,1,1,0
220630407001,12,b3,0,3,63.0,33.6678457453294,4,156.61435969855862,2,2,0,156.61435969855862,22063,0.03585767,0,1,1
220330042052,12,b3,0,3,72.0,31.5994143709209,4,193.3592276692123,1,2,0,193.3592276692123,22033,0.02202799,0,0,1
220330043022,8,b3,0,3,107.0,30.5488244884859,4,191.8000030517578,1,2,1,191.8000030517578,22033,0.02202799,0,0,1
220330043023,4,b3,0,3,166.0,30.0374620901356,4,197.1000061035156,1,2,1,197.1000061035156,22033,0.02202799,0,0,1
220330045033,21,b3,0,3,97.0,32.6087802829536,5,142.74424153385138,1,1,1,142.74424153385138,22033,0.02202799,0,0,1
220330045034,4,b3,0,3,59.0,32.5531100119837,5,143.38073095511203,1,1,1,143.38073095511203,22033,0.02202799,0,0,1
220330045042,11,b3,0,3,88.0,33.0606448898781,4,130.08746058972318,2,1,1,130.08746058972318,22033,0.02202799,0,0,1
220330045043,9,b3,0,3,96.0,33.2023565602372,4,128.21313305138193,2,1,1,128.21313305138193,22033,0.02202799,0,0,1
220330045053,8,b3,0,3,137.0,33.4783605602546,4,122.40880732834472,2,1,1,122.40880732834472,22033,0.02202799,0,0,1
220330045052,21,b3,0,3,231.0,34.2663094001932,4,104.8000030517578,2,1,1,104.8000030517578,22033,0.02202799,0,0,1
220330045071,4,b3,0,3,64.0,34.2321953485984,4,101.67280746239229,2,1,1,101.67280746239229,22033,0.02202799,0,0,1
220330045072,26,b3,0,3,177.0,34.3748103450505,4,94.38654279269444,2,1,1,94.38654279269444,22033,0.02202799,0,0,1
220450316001,12,b3,0,3,87.0,34.4715295257681,4,101.1999969482422,2,1,2,101.1999969482422,22045,3.09661809,1,1,1
220330046022,8,b3,0,3,116.0,30.2620882902156,4,234.5,1,2,0,234.5,22033,0.02202799,0,0,1
221030407043,12,b3,0,3,85.0,30.6353760100567,4,158.89999389648438,1,2,4,158.89999389648438,22103,0.05873937,0,1,0
221030407053,24,b3,0,3,152.0,30.7555972155076,4,219.8999938964844,1,2,4,219.8999938964844,22103,0.05873937,0,1,0
220330046041,20,b3,0,3,90.0,30.4701201408897,4,197.31456456416137,1,2,0,197.31456456416137,22033,0.02202799,0,0,1
220510205141,12,b3,0,3,106.0,29.2401295101357,5,109.0081386614846,1,1,2,109.0081386614846,22051,0.05823747,1,1,1
220510205143,20,b3,0,3,95.0,29.2259967316141,5,112.37655796745692,1,1,2,112.37655796745692,22051,0.05823747,1,1,1
220510206001,12,b3,0,3,74.0,28.9923975030807,5,133.07306047917777,1,1,3,133.07306047917777,22051,0.05823747,1,1,1
220510210001,13,b3,0,3,45.0,29.1208843712292,5,122.83247109634094,1,1,2,122.83247109634094,22051,0.05823747,1,1,1
220510249001,20,b3,0,3,274.0,29.6844616207062,5,103.20572365079232,1,1,4,103.20572365079232,22051,0.05823747,1,1,1
220510250012,19,b3,0,3,92.0,30.2973797514974,5,91.11744460463407,1,1,3,91.11744460463407,22051,0.05823747,1,1,1
220510276013,12,b3,0,3,50.0,29.2447486910717,5,105.3000030517578,1,1,4,105.3000030517578,22051,0.05823747,1,1,1
220510276014,16,b3,0,3,98.0,29.0584368130569,5,114.5,1,1,3,114.5,22051,0.05823747,1,1,1
220510276023,8,b3,0,3,83.0,29.5623070001957,5,104.13592080689352,1,1,5,104.13592080689352,22051,0.05823747,1,1,1
221059536002,12,b3,0,3,72.0,38.0951456188787,3,137.5,2,1,2,137.5,22105,0.00826522,0,1,0
221059538001,33,b3,0,3,122.0,36.7315724333378,3,134.39999389648438,2,1,1,134.39999389648438,22105,0.00826522,0,1,1
221059538003,8,b3,0,3,104.0,36.8907943658689,3,234.5333251953125,2,2,0,234.5333251953125,22105,0.00826522,0,1,1
220330049003,20,b3,0,3,141.0,33.3431700720252,4,64.73033759167964,2,1,0,64.73033759167964,22033,0.02202799,0,0,1
220330049004,8,b3,0,3,53.0,33.4081717171474,4,65.68828205782972,2,1,0,65.68828205782972,22033,0.02202799,0,0,1
220330050001,8,b3,0,3,74.0,33.2134563127825,4,72.5999984741211,2,1,2,72.5999984741211,22033,0.02202799,0,0,1
220450303022,20,b3,0,3,218.0,40.73772386563,3,146.10000610351562,2,1,4,146.10000610351562,22045,3.09661809,0,1,1
220239702011,16,b3,0,3,154.0,52.6690655123561,3,168.99258422851562,2,2,1,168.99258422851562,22023,89.29875362,1,1,0
220239701005,22,b3,0,3,135.0,53.6214492813029,3,161.5625,2,2,0,161.5625,22023,89.29875362,1,1,0
220330040093,8,b3,0,3,112.0,33.3854918067988,4,84.5999984741211,2,1,1,84.5999984741211,22033,0.02202799,0,0,1
220330040091,16,b3,0,3,135.0,34.727989891784,4,80.07901845108368,2,1,1,80.07901845108368,22033,0.02202799,0,0,1
220330040102,5,b3,0,3,96.0,33.1278965807501,5,77.53969700538644,2,1,1,77.53969700538644,22033,0.02202799,0,0,1
220050303001,84,b3,0,3,518.0,37.7223913965751,3,80.75999450683594,2,1,1,80.75999450683594,22005,0.01186332,1,1,1
220050309002,4,b3,0,3,46.0,38.4084551777161,3,43.34285736083984,2,1,0,43.34285736083984,22005,0.01186332,1,1,1
220419502001,28,b3,0,3,187.0,22.8526427908788,1,176.1555633544922,1,2,0,176.1555633544922,22041,0.00585853,0,0,0
220419504002,20,b3,0,3,140.0,23.9491270213334,2,145.55833435058594,1,1,1,145.55833435058594,22041,0.00585853,0,0,0
220330042012,8,b3,0,3,38.0,31.7812083739474,4,191.1092592379509,1,2,0,191.1092592379509,22033,0.02202799,0,0,1
220330042016,8,b3,0,3,29.0,32.0083158457654,4,179.43689688473856,1,2,0,179.43689688473856,22033,0.02202799,0,0,1
221030407092,38,b3,0,3,280.0,30.8193393300353,4,223.69007336140183,1,2,3,223.69007336140183,22103,0.05873937,1,1,0
220710006021,8,b3,0,3,33.0,30.2538911472056,5,89.31337647471558,1,1,5,89.31337647471558,22071,0.06577263,1,1,1
220330044031,21,b3,0,3,208.0,32.3717627620307,5,165.53522639125543,1,2,0,165.53522639125543,22033,0.02202799,0,0,1
220330044034,8,b3,0,3,84.0,31.6590087288383,4,161.0,1,2,0,161.0,22033,0.02202799,0,0,1
221030407064,20,b3,0,3,73.0,30.8354657944683,4,220.19052057184712,1,2,3,220.19052057184712,22103,0.05873937,0,1,0
220330045032,4,b3,0,3,72.0,32.948839245875,5,132.4007521880496,1,1,1,132.4007521880496,22033,0.02202799,0,0,1
220330045073,37,b3,0,3,158.0,34.4446738168863,4,91.5999984741211,2,1,1,91.5999984741211,22033,0.02202799,0,0,1
220330045082,16,b3,0,3,77.0,34.7642873426331,4,93.78581436241667,2,1,1,93.78581436241667,22033,0.02202799,0,0,1
220330045083,12,b3,0,3,160.0,34.9328330995842,4,91.22712402887528,2,1,1,91.22712402887528,22033,0.02202799,0,0,1
220330046021,25,b3,0,3,130.0,29.641255295248,4,238.8666534423828,1,2,0,238.8666534423828,22033,0.02202799,0,0,1
220450304002,4,b3,0,3,96.0,39.2576063211659,4,179.10000610351562,2,2,2,179.10000610351562,22045,3.09661809,0,1,1
220450305003,18,b3,0,3,101.0,37.1598509346673,5,109.4467672001238,2,1,3,109.4467672001238,22045,3.09661809,0,1,1
220450306002,9,b3,0,3,135.0,35.8103305569584,5,108.86168828924934,2,1,3,108.86168828924934,22045,3.09661809,0,1,1
220450306004,26,b3,0,3,156.0,35.8018509825171,5,108.17207630378074,2,1,3,108.17207630378074,22045,3.09661809,0,1,1
220450307001,11,b3,0,3,137.0,36.5680962589614,5,108.52681891988568,2,1,3,108.52681891988568,22045,3.09661809,0,1,1
220450307002,9,b3,0,3,77.0,36.3004314078862,5,108.99336797574418,2,1,3,108.99336797574418,22045,3.09661809,0,1,1
220790135002,8,b3,0,3,91.0,33.3456659513461,3,383.3285827636719,2,2,2,383.3285827636719,22079,4.49269524,0,0,0
220450313003,22,b3,0,3,115.0,35.0938148521309,5,112.0,2,1,3,112.0,22045,3.09661809,1,1,1
221030410033,8,b3,0,3,90.0,30.7743723624221,4,222.50320098946915,1,2,3,222.50320098946915,22103,0.05873937,1,1,0
220330049001,12,b3,0,3,51.0,33.4484298293836,4,62.831012591359546,2,1,0,62.831012591359546,22033,0.02202799,0,0,1
221030411042,12,b3,0,3,122.0,30.5045436984444,4,201.85959031873656,1,2,3,201.85959031873656,22103,0.05873937,1,1,0
220450306001,17,b3,0,3,143.0,36.0446695259169,5,112.0999984741211,2,1,2,112.0999984741211,22045,3.09661809,0,1,1
220450306003,35,b3,0,3,165.0,35.1651023139869,4,101.8726989257372,2,1,3,101.8726989257372,22045,3.09661809,0,1,1
221159507041,12,b3,0,3,63.0,36.4868226733603,2,154.5686652559438,2,2,2,154.5686652559438,22115,19.00196373,0,0,0
220450311003,13,b3,0,3,159.0,36.387126958252,5,110.24407079407578,2,1,3,110.24407079407578,22045,3.09661809,0,1,1
220450312001,21,b3,0,3,125.0,37.1856661793597,5,116.573129718773,2,1,3,116.573129718773,22045,3.09661809,0,1,1
220790106003,13,b3,0,3,162.0,37.6139277485109,3,285.7545471191406,2,2,1,285.7545471191406,22079,4.49269524,0,0,0
220790101001,19,b3,0,3,181.0,29.6086797630519,4,221.25,1,2,0,221.25,22079,4.49269524,0,0,0
220790103001,19,b3,0,3,164.0,30.6680964138877,3,217.3000030517578,1,2,0,217.3000030517578,22079,4.49269524,0,0,0
220790134001,26,b3,0,3,159.0,32.6019393376807,4,280.71002197265625,1,2,1,280.71002197265625,22079,4.49269524,0,0,0
220790115003,35,b3,0,3,271.0,30.2176004932883,3,241.6000061035156,1,2,1,241.6000061035156,22079,4.49269524,0,0,0
220790101005,18,b3,0,3,113.0,31.8050024812555,4,170.3000030517578,1,2,0,170.3000030517578,22079,4.49269524,0,0,0
220790103004,10,b3,0,3,101.0,30.6597537384635,3,219.20663078134788,1,2,1,219.20663078134788,22079,4.49269524,0,0,0
220790107003,17,b3,0,3,139.0,35.6941547150817,3,240.46665954589844,2,2,2,240.46665954589844,22079,4.49269524,0,0,0
220790105002,16,b3,0,3,95.0,36.0031920072448,3,199.25,2,2,1,199.25,22079,4.49269524,0,0,0
220479532003,20,b3,0,3,126.0,35.0280976798111,3,44.5,2,1,0,44.5,22047,0.33403865,0,1,1
220479532001,4,b3,0,3,68.0,35.0152447446901,4,56.97999954223633,2,1,0,56.97999954223633,22047,0.33403865,0,1,1
220479526002,12,b3,0,3,82.0,34.9767696229572,3,54.900001525878906,2,1,0,54.900001525878906,22047,0.33403865,0,1,1
220550014101,84,b3,0,3,616.0,36.6473685201645,3,171.5,2,2,3,171.5,22055,1.5760870500000002,0,0,1
220790139001,16,b3,0,3,173.0,32.2339420904067,3,243.69502207795736,1,2,1,243.69502207795736,22079,4.49269524,0,0,0
220479531011,22,b3,0,3,116.0,34.918487097914,4,59.86325094827653,2,1,0,59.86325094827653,22047,0.33403865,0,1,1
220479531012,16,b3,0,3,160.0,34.8403929658936,4,58.80021327911662,2,1,0,58.80021327911662,22047,0.33403865,0,1,1
220710006161,8,b3,0,3,40.0,30.6465454885905,5,89.81488393181488,1,1,3,89.81488393181488,22071,0.06577263,1,1,1
220330043013,34,b3,0,3,241.0,30.4653789696943,5,177.89999389648438,1,2,0,177.89999389648438,22033,0.02202799,0,0,1
220790138002,12,b3,0,3,128.0,32.2122772007648,3,222.3206736816223,1,2,1,222.3206736816223,22079,4.49269524,0,0,0
220330045031,12,b3,0,3,79.0,32.9513405174918,4,143.63499760471953,1,1,1,143.63499760471953,22033,0.02202799,0,0,1
220330047004,12,b3,0,3,83.0,29.6196100672352,4,211.95001220703125,1,2,1,211.95001220703125,22033,0.02202799,0,0,1
220330045101,25,b3,0,3,243.0,35.6873266673649,4,75.69999694824219,2,1,1,75.69999694824219,22033,0.02202799,0,0,1
220510230033,21,b3,0,3,77.0,29.386624324365,5,102.08936461454144,1,1,1,102.08936461454144,22051,0.05823747,1,1,1
220550014103,46,b3,0,3,277.0,37.1750419047929,3,146.43499337015206,2,1,4,146.43499337015206,22055,1.5760870500000002,0,0,1
220550018011,20,b3,0,3,147.0,37.7879179006534,3,145.44892622955138,2,1,3,145.44892622955138,22055,1.5760870500000002,0,0,1
220550008003,19,b3,0,3,52.0,35.8787457829803,3,163.21272559250605,2,2,2,163.21272559250605,22055,1.5760870500000002,0,0,1
221210201002,12,b3,0,3,65.0,33.5390960148283,4,79.58586126791263,2,1,1,79.58586126791263,22121,0.36837128,0,0,1
221210203001,16,b3,0,3,154.0,35.1072196138086,4,60.21818542480469,2,1,0,60.21818542480469,22121,0.36837128,0,0,1
220550002001,4,b3,0,3,92.0,35.872422433656,3,166.36531069676045,2,2,2,166.36531069676045,22055,1.5760870500000002,0,0,1
220550022001,12,b3,0,3,157.0,36.1091986581671,3,164.38857742787727,2,2,2,164.38857742787727,22055,1.5760870500000002,0,0,1
220550006031,4,b3,0,3,52.0,37.3760870059383,3,167.9455013136035,2,2,2,167.9455013136035,22055,1.5760870500000002,0,0,1
220730108002,8,b3,0,3,69.0,22.9805551715123,1,120.3000030517578,1,1,2,120.3000030517578,22073,0.0,0,0,0
220550010022,13,b3,0,3,91.0,35.4986537524523,3,172.729101337257,2,2,3,172.729101337257,22055,1.5760870500000002,0,0,1
220550022003,12,b3,0,3,129.0,35.7073384523154,3,164.26804182154024,2,2,2,164.26804182154024,22055,1.5760870500000002,0,0,1
220550011002,11,b3,0,3,112.0,35.6442330189898,3,163.20321625077915,2,2,2,163.20321625077915,22055,1.5760870500000002,0,0,1
220550006044,16,b3,0,3,107.0,37.1423808365057,3,164.72758517258384,2,2,2,164.72758517258384,22055,1.5760870500000002,0,0,1
220550006043,5,b3,0,3,128.0,37.7639074363005,3,160.2792342975742,2,2,2,160.2792342975742,22055,1.5760870500000002,0,0,1
220550014112,11,b3,0,3,116.0,37.0244408973248,3,153.39999389648438,2,2,2,153.39999389648438,22055,1.5760870500000002,0,0,1
220550011004,15,b3,0,3,70.0,35.6558849843176,3,162.88501172398503,2,2,2,162.88501172398503,22055,1.5760870500000002,0,0,1
220599702003,18,b3,0,3,139.0,26.2359150252887,3,198.8500061035156,1,2,0,198.8500061035156,22059,0.0,0,0,0
220599703005,4,b3,0,3,77.0,29.5010549131718,4,205.51998901367188,1,2,0,205.51998901367188,22059,0.0,0,0,0
220979611001,27,b3,0,3,99.0,36.6990534749436,2,160.59487053932315,2,2,1,160.59487053932315,22097,1.46434272,0,0,0
220979611002,16,b3,0,3,48.0,36.4340407802809,3,158.23994424067237,2,2,1,158.23994424067237,22097,1.46434272,0,0,0
220979611003,4,b3,0,3,75.0,36.4538399201697,3,161.45265722032676,2,2,1,161.45265722032676,22097,1.46434272,0,0,0
220979616001,4,b3,0,3,22.0,36.3990261619591,2,170.57025321684452,2,2,1,170.57025321684452,22097,1.46434272,0,0,1
220979617005,21,b3,0,3,119.0,35.5759516813994,2,157.39999389648438,2,2,1,157.39999389648438,22097,1.46434272,0,0,1
220979619002,5,b3,0,3,63.0,36.4879848569131,2,150.0479880515563,2,2,1,150.0479880515563,22097,1.46434272,0,0,1
220510211003,11,b3,0,3,32.0,29.1471729976504,5,122.75185240069816,1,1,2,122.75185240069816,22051,0.05823747,1,1,1
220510279021,67,b3,0,3,318.0,37.6149524377436,4,91.88780212402344,2,1,3,91.88780212402344,22051,0.05823747,1,1,1
220510205083,17,b3,0,3,136.0,28.9212915013581,5,140.8264201523686,1,1,3,140.8264201523686,22051,0.05823747,1,1,1
220510203023,4,b3,0,3,69.0,29.407057740626,5,96.80311908247884,1,1,3,96.80311908247884,22051,0.05823747,1,1,1
220510272001,26,b3,0,3,96.0,29.6783242633472,5,96.361421966065,1,1,5,96.361421966065,22051,0.05823747,1,1,1
220510250033,8,b3,0,3,70.0,30.2713959913222,5,91.56055244619048,1,1,3,91.56055244619048,22051,0.05823747,1,1,1
220510278101,8,b3,0,3,78.0,29.9590645625092,5,87.88889868240224,1,1,4,87.88889868240224,22051,0.05823747,1,1,1
221010410001,4,b3,0,3,52.0,31.7225316366611,5,78.79130554199219,1,1,1,78.79130554199219,22101,0.68496657,1,1,1
221010406002,16,b3,0,3,79.0,38.3025694164362,5,52.72766247014087,2,1,0,52.72766247014087,22101,0.68496657,1,1,1
221010404002,8,b3,0,3,58.0,37.9025470206774,5,56.45958227165136,2,1,0,56.45958227165136,22101,0.68496657,1,1,1
220599701001,26,b3,0,3,227.0,26.3802008911866,3,172.7166748046875,1,2,0,172.7166748046875,22059,0.0,0,0,0
221179508002,8,b3,0,3,63.0,29.837179503985,4,111.27049798629268,1,1,4,111.27049798629268,22117,0.0022141099999999,0,0,0
220599702002,12,b3,0,3,68.0,26.4562701916196,3,195.99397252320333,1,2,0,195.99397252320333,22059,0.0,0,0,0
220599702006,4,b3,0,3,65.0,27.7931906651754,3,190.1000061035156,1,2,0,190.1000061035156,22059,0.0,0,0,0
220599701003,8,b3,0,3,55.0,27.9592074266957,3,198.38182067871097,1,2,0,198.38182067871097,22059,0.0,0,0,0
220599702001,17,b3,0,3,126.0,26.603762864561,3,201.9499969482422,1,2,0,201.9499969482422,22059,0.0,0,0,0
220599703004,4,b3,0,3,71.0,26.6697774870184,3,199.6800079345703,1,2,0,199.6800079345703,22059,0.0,0,0,0
220599703001,12,b3,0,3,71.0,29.2809506402626,3,201.9499969482422,1,2,0,201.9499969482422,22059,0.0,0,0,0
220979606002,11,b3,0,3,75.0,36.0635749611208,2,153.1666717529297,2,2,1,153.1666717529297,22097,1.46434272,0,0,1
220979612001,4,b3,0,3,74.0,35.8170040245412,3,151.0,2,2,1,151.0,22097,1.46434272,0,0,1
220979605002,25,b3,0,3,187.0,35.1296062022081,2,167.5600128173828,2,2,2,167.5600128173828,22097,1.46434272,0,0,1
220979607002,11,b3,0,3,96.0,36.6740076391995,3,150.5,2,2,1,150.5,22097,1.46434272,0,0,1
220979618002,4,b3,0,3,110.0,38.3587311542684,3,195.4333343505859,2,2,1,195.4333343505859,22097,1.46434272,0,0,1
220979619001,8,b3,0,3,96.0,37.0871771013235,2,155.39999389648438,2,2,1,155.39999389648438,22097,1.46434272,0,0,1
220979602002,12,b3,0,3,59.0,35.0062660085214,2,157.03750610351562,2,2,1,157.03750610351562,22097,1.46434272,0,0,1
220979602004,9,b3,0,3,71.0,36.6726003983178,2,157.0,2,2,1,157.0,22097,1.46434272,0,0,1
220979612003,8,b3,0,3,47.0,35.8593088747843,3,157.0,2,2,0,157.0,22097,1.46434272,0,0,1
220979613003,13,b3,0,3,100.0,36.5149260106514,2,172.2243533194055,2,2,1,172.2243533194055,22097,1.46434272,0,0,1
220979614001,24,b3,0,3,107.0,37.0145342131394,2,164.72633375880244,2,2,1,164.72633375880244,22097,1.46434272,0,0,1
220450316003,8,b3,0,3,65.0,33.9213563208293,4,103.86711883544922,2,1,3,103.86711883544922,22045,3.09661809,1,1,1
220450303023,18,b3,0,3,192.0,40.5260920764109,4,203.7833251953125,2,2,2,203.7833251953125,22045,3.09661809,1,1,1
220450302001,19,b3,0,3,119.0,35.5970738721734,4,103.33333587646484,2,1,3,103.33333587646484,22045,3.09661809,0,1,1
220450313002,31,b3,0,3,165.0,36.0643195384958,4,103.5,2,1,3,103.5,22045,3.09661809,1,1,1
220450313001,33,b3,0,3,246.0,35.557731141316,5,109.70000457763672,2,1,3,109.70000457763672,22045,3.09661809,0,1,1
220450302003,22,b3,0,3,144.0,33.4274555329101,4,83.86666870117188,2,1,2,83.86666870117188,22045,3.09661809,0,1,1
220819601004,21,b3,0,3,87.0,35.8725702460414,2,126.4124984741211,2,1,2,126.4124984741211,22081,0.0,0,0,0
220819601001,24,b3,0,3,90.0,28.0460915315362,4,214.2571563720703,1,2,3,214.2571563720703,22081,0.0,0,0,0
220510225001,13,b3,0,3,68.0,29.6901100105545,5,103.23397883778492,1,1,4,103.23397883778492,22051,0.05823747,1,1,1
220510266001,9,b3,0,3,45.0,29.9135031192169,5,91.33424671920872,1,1,6,91.33424671920872,22051,0.05823747,1,1,1
220979607003,4,b3,0,3,39.0,36.0353357903252,3,154.32638346242626,2,2,1,154.32638346242626,22097,1.46434272,0,0,1
220730002001,9,b3,0,3,76.0,23.0209898408016,1,113.47984439802566,1,1,2,113.47984439802566,22073,0.0,0,0,0
220750502002,30,b3,0,3,127.0,30.3051546649947,5,93.9000015258789,1,1,3,93.9000015258789,22075,1.49824733,1,1,1
220979619003,4,b3,0,3,94.0,36.602136640014,2,151.99598742432866,2,2,1,151.99598742432866,22097,1.46434272,0,0,1
220979607004,20,b3,0,3,119.0,35.1808185436676,3,158.61666870117188,2,2,0,158.61666870117188,22097,1.46434272,0,0,1
220979617002,6,b3,0,3,85.0,37.2186050899338,2,166.85000610351562,2,2,1,166.85000610351562,22097,1.46434272,0,0,1
220510202033,26,b3,0,3,91.0,29.5263463256462,5,99.6636807209288,1,1,3,99.6636807209288,22051,0.05823747,1,1,1
220510270001,14,b3,0,3,89.0,29.7421846754033,5,91.60753564511624,1,1,5,91.60753564511624,22051,0.05823747,1,1,1
220510202031,8,b3,0,3,76.0,29.5781078258748,5,100.07853499753634,1,1,3,100.07853499753634,22051,0.05823747,1,1,1
220510205133,8,b3,0,3,75.0,29.1761411440495,5,114.5374546330815,1,1,2,114.5374546330815,22051,0.05823747,1,1,1
220510202034,12,b3,0,3,85.0,29.5548150617719,5,99.94452555826004,1,1,3,99.94452555826004,22051,0.05823747,1,1,1
220510217002,4,b3,0,3,55.0,29.4280982256682,5,97.97169231124867,1,1,3,97.97169231124867,22051,0.05823747,1,1,1
220510231002,16,b3,0,3,101.0,29.4373829820194,5,104.6479400925648,1,1,2,104.6479400925648,22051,0.05823747,1,1,1
220819603003,26,b3,0,3,90.0,41.3555027316092,3,154.10000610351562,2,2,1,154.10000610351562,22081,0.0,0,0,0
220819601003,44,b3,0,3,124.0,33.4336494416951,3,161.33636474609375,2,2,1,161.33636474609375,22081,0.0,0,0,0
220510235001,22,b3,0,3,108.0,29.2119122309935,5,110.02842310157342,1,1,2,110.02842310157342,22051,0.05823747,1,1,1
220510278113,8,b3,0,3,52.0,29.9955435564777,5,88.77533748286649,1,1,3,88.77533748286649,22051,0.05823747,1,1,1
220510213002,13,b3,0,3,51.0,29.2007307831863,5,117.43005618271846,1,1,2,117.43005618271846,22051,0.05823747,1,1,1
220510272004,21,b3,0,3,51.0,29.6403116504066,5,108.78665528047864,1,1,5,108.78665528047864,22051,0.05823747,1,1,1
220510205063,12,b3,0,3,103.0,29.1814400989229,5,117.21286772560182,1,1,2,117.21286772560182,22051,0.05823747,1,1,1
220510205134,18,b3,0,3,57.0,29.1936596506957,5,114.8720672447317,1,1,2,114.8720672447317,22051,0.05823747,1,1,1
220979603002,9,b3,0,3,97.0,34.8656484357053,2,131.8000030517578,2,1,3,131.8000030517578,22097,1.46434272,0,0,1
220979603003,12,b3,0,3,65.0,35.0447939751072,1,128.89264839404305,2,1,3,128.89264839404305,22097,1.46434272,0,0,1
220979606001,15,b3,0,3,100.0,36.8731784751592,2,150.0,2,1,1,150.0,22097,1.46434272,0,0,1
220979606004,32,b3,0,3,157.0,35.5155304315822,2,152.22500610351562,2,2,1,152.22500610351562,22097,1.46434272,0,0,1
220870305001,8,b3,0,3,41.0,30.5711862999882,5,88.41531622015098,1,1,3,88.41531622015098,22087,1.14608952,1,1,0
220870306012,11,b3,0,3,42.0,30.7199389844171,5,87.91547541018164,1,1,3,87.91547541018164,22087,1.14608952,1,1,0
220499704002,4,b3,0,3,42.0,28.0177003334985,3,127.0,1,1,2,127.0,22049,0.0,0,0,0
220979608002,34,b3,0,3,126.0,38.3114810151018,2,163.70001220703125,2,2,2,163.70001220703125,22097,1.46434272,0,0,0
220979609002,8,b3,0,3,101.0,37.2836024496522,2,166.5,2,2,1,166.5,22097,1.46434272,0,0,0
220979609004,4,b3,0,3,49.0,37.0269118562815,2,163.66748133090178,2,2,1,163.66748133090178,22097,1.46434272,0,0,0
220979610001,28,b3,0,3,64.0,36.8364431524932,3,161.49246194649623,2,2,1,161.49246194649623,22097,1.46434272,0,0,0
220979610002,4,b3,0,3,57.0,36.549970300896,3,162.21571454304794,2,2,1,162.21571454304794,22097,1.46434272,0,0,0
220510204002,29,b3,0,3,104.0,29.2719860306229,5,109.92981048546196,1,1,2,109.92981048546196,22051,0.05823747,1,1,1
220510239023,16,b3,0,3,59.0,29.2253115942843,5,113.37043354666127,1,1,1,113.37043354666127,22051,0.05823747,1,1,1
221210201003,4,b3,0,3,94.0,33.7166192723964,4,68.84059903059489,2,1,0,68.84059903059489,22121,0.36837128,0,0,1
220979614004,8,b3,0,3,35.0,36.8763977595722,2,170.51029480550366,2,2,1,170.51029480550366,22097,1.46434272,0,0,1
220050310002,15,b3,0,3,154.0,37.4142069871528,3,72.14710091109205,2,1,1,72.14710091109205,22005,0.01186332,1,1,1
221030408022,26,b3,0,3,205.0,30.5227442854411,4,222.05922842632305,1,2,3,222.05922842632305,22103,0.05873937,1,1,0
221030410032,36,b3,0,3,297.0,30.7637092690399,4,222.0903362309525,1,2,3,222.0903362309525,22103,0.05873937,1,1,0
221090007004,25,b3,0,3,161.0,33.8197198488712,3,172.60000610351562,2,2,2,172.60000610351562,22109,0.7674244,1,1,1
221090014002,34,b3,0,3,142.0,35.6584715412984,2,227.5,2,2,1,227.5,22109,0.7674244,1,1,1
221159507022,14,b3,0,3,78.0,36.7159429548713,2,153.40654249851036,2,2,2,153.40654249851036,22115,19.00196373,0,0,0
220599703003,4,b3,0,3,65.0,26.2813236659094,3,202.6999969482422,1,2,0,202.6999969482422,22059,0.0,0,0,0
220290001003,12,b3,0,3,113.0,28.7642571323847,3,60.4636344909668,1,1,0,60.4636344909668,22029,0.00757152,0,0,0
220290002001,4,b3,0,3,72.0,27.855284932748,3,80.5,1,1,1,80.5,22029,0.00757152,0,0,0
220730105043,11,b3,0,3,84.0,22.61650254656,2,103.75562771592423,1,1,2,103.75562771592423,22073,0.0,0,0,0
221030406043,77,b3,0,3,562.0,29.2221644617588,5,106.4000015258789,1,1,2,106.4000015258789,22103,0.05873937,0,1,0
221030407091,42,b3,0,3,262.0,30.8718444580619,4,225.5838552836223,1,2,3,225.5838552836223,22103,0.05873937,1,1,0
221190318002,12,b3,0,3,76.0,34.7330162536822,1,139.15469008257222,2,1,2,139.15469008257222,22119,0.0,0,0,0
220499701002,8,b3,0,3,57.0,29.8246255033493,2,116.86000061035156,1,1,2,116.86000061035156,22049,0.0,0,0,0
220499702004,8,b3,0,3,71.0,29.6390175915856,3,116.6999969482422,1,1,2,116.6999969482422,22049,0.0,0,0,0
220499705001,16,b3,0,3,78.0,29.690024156879,3,125.8000030517578,1,1,2,125.8000030517578,22049,0.0,0,0,0
220499702003,12,b3,0,3,106.0,28.7329504873481,3,128.96665954589844,1,1,2,128.96665954589844,22049,0.0,0,0,0
220499702002,12,b3,0,3,62.0,30.2594164272591,3,124.04999542236328,1,1,3,124.04999542236328,22049,0.0,0,0,0
220499703001,16,b3,0,3,119.0,33.2038267735973,2,125.5,2,1,3,125.5,22049,0.0,0,0,0
220630408063,32,b3,0,3,162.0,35.9819855061397,4,84.9000015258789,2,1,1,84.9000015258789,22063,0.03585767,0,1,1
221059535004,13,b3,0,3,117.0,37.953316233513,3,127.3499984741211,2,1,2,127.3499984741211,22105,0.00826522,0,1,0
220730052043,42,b3,0,3,216.0,22.847725573861,1,104.23192092873938,1,1,2,104.23192092873938,22073,0.0,0,0,0
220730053013,25,b3,0,3,125.0,22.9017003180732,2,104.09643290588174,1,1,2,104.09643290588174,22073,0.0,0,0,0
220730053021,27,b3,0,3,225.0,22.6827007371734,2,103.98400604874963,1,1,2,103.98400604874963,22073,0.0,0,0,0
220730053022,10,b3,0,3,115.0,22.7528921747302,2,105.290732731705,1,1,2,105.290732731705,22073,0.0,0,0,0
220050302033,44,b3,0,3,223.0,35.6038036258699,4,73.5999984741211,2,1,2,73.5999984741211,22005,0.01186332,0,1,1
220050302041,61,b3,0,3,489.0,35.8951690983497,4,58.900001525878906,2,1,0,58.900001525878906,22005,0.01186332,0,1,1
220050302042,36,b3,0,3,252.0,36.5114973443069,4,72.5,2,1,1,72.5,22005,0.01186332,0,1,1
220050302043,15,b3,0,3,276.0,36.8291287694963,4,77.48630585031353,2,1,1,77.48630585031353,22005,0.01186332,0,1,1
220050302051,65,b3,0,3,409.0,36.3957530802309,4,55.79999923706055,2,1,0,55.79999923706055,22005,0.01186332,0,1,1
220050302053,64,b3,0,3,417.0,37.4785208240916,4,52.65315371463583,2,1,0,52.65315371463583,22005,0.01186332,0,1,1
220050302061,55,b3,0,3,332.0,37.1683694812896,4,54.099998474121094,2,1,0,54.099998474121094,22005,0.01186332,0,1,1
220630401002,26,b3,0,3,234.0,35.5635692157941,3,188.3666534423828,2,2,1,188.3666534423828,22063,0.03585767,0,1,1
220630409021,17,b3,0,3,101.0,40.9662974303736,3,158.1999969482422,2,2,1,158.1999969482422,22063,0.03585767,1,1,1
220630405004,57,b3,0,3,330.0,35.4738305155913,4,126.0,2,1,1,126.0,22063,0.03585767,0,1,1
220630401004,31,b3,0,3,262.0,35.9581116831574,3,146.0,2,1,2,146.0,22063,0.03585767,0,1,1
220630408061,14,b3,0,3,101.0,35.80661892032,4,79.75,2,1,1,79.75,22063,0.03585767,0,1,1
220630401001,24,b3,0,3,131.0,37.1245680163865,3,147.5,2,1,2,147.5,22063,0.03585767,0,1,1
220630401003,28,b3,0,3,165.0,35.5265865060617,4,139.5500030517578,2,1,2,139.5500030517578,22063,0.03585767,0,1,1
220630408022,26,b3,0,3,160.0,39.4635838735997,4,142.95001220703125,2,1,2,142.95001220703125,22063,0.03585767,1,1,1
220630409011,29,b3,0,3,206.0,37.302259666835,3,163.8249969482422,2,2,1,163.8249969482422,22063,0.03585767,0,1,1
220630408021,37,b3,0,3,232.0,37.7476985123973,4,115.23333740234376,2,1,2,115.23333740234376,22063,0.03585767,1,1,1
220630409012,17,b3,0,3,176.0,39.192284187434,3,167.97499084472656,2,2,1,167.97499084472656,22063,0.03585767,1,1,1
220630409013,18,b3,0,3,159.0,40.8106096897411,3,127.30001068115234,2,1,3,127.30001068115234,22063,0.03585767,1,1,1
220630402013,41,b3,0,3,202.0,36.0522450816894,4,93.4499969482422,2,1,1,93.4499969482422,22063,0.03585767,0,1,1
220630404021,48,b3,0,3,300.0,36.534866552462,4,121.0999984741211,2,1,1,121.0999984741211,22063,0.03585767,0,1,1
220499704003,25,b3,0,3,121.0,29.4480971745969,3,140.25,1,1,2,140.25,22049,0.0,0,0,0
220630408041,38,b3,0,3,174.0,35.1810775856123,4,78.30000305175781,2,1,2,78.30000305175781,22063,0.03585767,0,1,1
220630409023,17,b3,0,3,134.0,39.4533906660745,3,167.6999969482422,2,2,1,167.6999969482422,22063,0.03585767,1,1,1
220630405002,80,b3,0,3,454.0,33.9674924846993,4,169.10000610351562,2,2,0,169.10000610351562,22063,0.03585767,0,1,1
220499703002,50,b3,0,3,236.0,31.8190833576582,3,138.39566040039062,1,1,2,138.39566040039062,22049,0.0,0,0,0
221059536003,8,b3,0,3,42.0,38.3237825032394,3,169.89999389648438,2,2,0,169.89999389648438,22105,0.00826522,0,1,0
221059547001,17,b3,0,3,132.0,40.5669620045318,3,103.1959321847756,2,1,2,103.1959321847756,22105,0.00826522,1,1,1
221059548001,22,b3,0,3,229.0,28.6845381152015,5,127.16666412353516,1,1,2,127.16666412353516,22105,0.00826522,1,1,1
221059534004,8,b3,0,3,51.0,37.0325706868617,3,141.7467300286664,2,1,2,141.7467300286664,22105,0.00826522,0,1,0
221059538002,18,b3,0,3,131.0,36.8279576277537,3,181.43916025655136,2,2,0,181.43916025655136,22105,0.00826522,0,1,1
221059541013,35,b3,0,3,167.0,36.8250699833301,3,129.8000030517578,2,1,2,129.8000030517578,22105,0.00826522,0,1,1
221059546002,14,b3,0,3,144.0,38.2741019457383,3,97.0,2,1,1,97.0,22105,0.00826522,0,1,0
221059548002,42,b3,0,3,227.0,40.7448418336757,3,108.70617883302008,2,1,1,108.70617883302008,22105,0.00826522,1,1,1
220190033003,18,b3,0,3,108.0,52.943191266874,2,187.1000061035156,2,2,2,187.1000061035156,22019,32.47305225,0,1,0
220050302063,30,b3,0,3,138.0,38.545342359188,4,85.5,2,1,1,85.5,22005,0.01186332,0,1,1
220050303003,59,b3,0,3,443.0,35.4684257128949,4,53.900001525878906,2,1,0,53.900001525878906,22005,0.01186332,0,1,1
220050303002,91,b3,0,3,508.0,37.4936181004783,3,43.5,2,1,0,43.5,22005,0.01186332,0,1,1
220050304012,8,b3,0,3,63.0,38.92939959146,4,78.43060623716576,2,1,1,78.43060623716576,22005,0.01186332,0,1,1
220050304013,15,b3,0,3,91.0,38.2518295997939,4,55.900001525878906,2,1,0,55.900001525878906,22005,0.01186332,0,1,1
220190029001,23,b3,0,3,84.0,51.3867827670993,3,186.5896123782891,2,2,3,186.5896123782891,22019,32.47305225,0,1,0
220190030002,34,b3,0,3,182.0,51.5126259886402,2,187.08439569611704,2,2,3,187.08439569611704,22019,32.47305225,0,1,0
220190031013,27,b3,0,3,160.0,51.5193730250005,2,192.5579478597205,2,2,3,192.5579478597205,22019,32.47305225,0,1,0
220190031021,19,b3,0,3,150.0,51.9291531503919,2,200.58449428965477,2,2,3,200.58449428965477,22019,32.47305225,0,1,0
220050304014,4,b3,0,3,44.0,39.1749280753094,4,78.26142522486599,2,1,1,78.26142522486599,22005,0.01186332,0,1,1
220050304022,19,b3,0,3,158.0,39.1617126471225,4,64.43104750531528,2,1,0,64.43104750531528,22005,0.01186332,0,1,1
220050304023,20,b3,0,3,149.0,38.9557558369544,4,81.60160994250809,2,1,1,81.60160994250809,22005,0.01186332,0,1,1
220190031022,17,b3,0,3,115.0,51.616376768617,2,198.84168303282948,2,2,3,198.84168303282948,22019,32.47305225,0,1,0
220399506001,9,b3,0,3,30.0,34.6895930046096,3,204.12368705951357,2,2,2,204.12368705951357,22039,4.6647587800000005,0,0,0
220050305002,20,b3,0,3,215.0,38.5406119586435,4,155.29293802034152,2,2,1,155.29293802034152,22005,0.01186332,0,1,1
220050305003,41,b3,0,3,292.0,38.8475839790516,4,149.8000030517578,2,1,1,149.8000030517578,22005,0.01186332,0,1,1
221190314002,8,b3,0,3,83.0,33.4187598946574,1,51.38571548461914,2,1,0,51.38571548461914,22119,0.0,0,0,0
221190321001,34,b3,0,3,137.0,34.7281739543404,2,79.74000549316406,2,1,1,79.74000549316406,22119,0.0,0,0,0
221190320004,12,b3,0,3,67.0,34.9689631831089,1,138.56478254264286,2,1,2,138.56478254264286,22119,0.0,0,0,0
221190321002,16,b3,0,3,75.0,34.3441574804524,2,86.7750015258789,2,1,1,86.7750015258789,22119,0.0,0,0,0
221190315001,8,b3,0,3,39.0,31.7499661130169,2,65.36666870117188,1,1,0,65.36666870117188,22119,0.0,0,0,0
221279601001,10,b3,0,3,49.0,29.4662384709786,3,121.92250061035156,1,1,2,121.92250061035156,22127,0.0,0,0,0
221279601004,25,b3,0,3,75.0,33.2994421298967,2,139.41819763183594,2,1,3,139.41819763183594,22127,0.0,0,0,0
220630406001,8,b3,0,3,140.0,33.7910509657936,4,163.00102966956192,2,2,0,163.00102966956192,22063,0.03585767,0,1,1
221030412091,30,b3,0,3,234.0,29.4430871046731,5,96.94810126442567,1,1,2,96.94810126442567,22103,0.05873937,1,1,0
221030412111,50,b3,0,3,360.0,29.5351370353556,5,104.4659114240302,1,1,2,104.4659114240302,22103,0.05873937,1,1,0
220050306002,17,b3,0,3,108.0,37.9240965951739,4,143.2260908213801,2,1,1,143.2260908213801,22005,0.01186332,0,1,1
220050306003,4,b3,0,3,55.0,37.0498711071645,4,149.8000030517578,2,1,2,149.8000030517578,22005,0.01186332,1,1,1
221190316001,8,b3,0,3,67.0,32.1789880191352,2,80.1500015258789,1,1,1,80.1500015258789,22119,0.0,0,0,0
221190315002,26,b3,0,3,113.0,35.1427772645855,1,93.27143096923828,2,1,1,93.27143096923828,22119,0.0,0,0,0
221190312001,12,b3,0,3,78.0,29.8993485155157,2,58.16666793823242,1,1,0,58.16666793823242,22119,0.0,0,0,0
221190314001,14,b3,0,3,100.0,31.017124960204,2,52.44999694824219,1,1,0,52.44999694824219,22119,0.0,0,0,0
221190313001,8,b3,0,3,75.0,30.4220924464269,2,62.599998474121094,1,1,0,62.599998474121094,22119,0.0,0,0,0
220050301021,51,b3,0,3,266.0,38.99330560015,4,107.78734266404862,2,1,1,107.78734266404862,22005,0.01186332,0,1,1
220050309001,8,b3,0,3,59.0,37.1899901520962,3,68.5,2,1,0,68.5,22005,0.01186332,0,1,1
220050304024,23,b3,0,3,124.0,38.8364962600809,4,101.30754171741144,2,1,1,101.30754171741144,22005,0.01186332,0,1,1
220050301022,26,b3,0,3,176.0,39.4147405407142,4,130.0135085951616,2,1,1,130.0135085951616,22005,0.01186332,0,1,1
220190033001,33,b3,0,3,247.0,54.262227480006,2,201.5,2,2,2,201.5,22019,32.47305225,0,1,0
220190034002,79,b3,0,3,433.0,53.6722232728809,3,154.8000030517578,2,2,2,154.8000030517578,22019,32.47305225,0,1,0
220190019032,16,b3,0,3,88.0,56.0500820359777,3,222.83921767528992,2,2,3,222.83921767528992,22019,32.47305225,0,1,0
220550017002,8,b3,0,3,86.0,37.1953723251593,3,150.93488924108036,2,2,2,150.93488924108036,22055,1.5760870500000002,0,0,1
220090305006,8,b3,0,3,130.0,34.4929197827955,3,153.45001220703125,2,2,1,153.45001220703125,22009,1.52021072,0,0,0
220090305004,4,b3,0,3,79.0,33.3721601658945,2,154.10000610351562,2,2,1,154.10000610351562,22009,1.52021072,0,0,0
220090306001,7,b3,0,3,74.0,33.8154437338106,3,155.36666870117188,2,2,1,155.36666870117188,22009,1.52021072,0,0,0
220090307001,19,b3,0,3,91.0,34.4678992199279,3,154.63333129882812,2,2,1,154.63333129882812,22009,1.52021072,0,0,1
220090308002,8,b3,0,3,84.0,34.5658990688334,2,145.28334045410156,2,1,2,145.28334045410156,22009,1.52021072,0,0,1
221190313002,8,b3,0,3,50.0,30.2890734873976,2,60.3167518735308,1,1,0,60.3167518735308,22119,0.0,0,0,0
221190313003,16,b3,0,3,48.0,30.1696522269233,2,59.6526548945204,1,1,0,59.6526548945204,22119,0.0,0,0,0
221190315003,24,b3,0,3,79.0,35.246847044013,1,71.5,2,1,1,71.5,22119,0.0,0,0,0
220090309002,23,b3,0,3,162.0,33.2527267410124,2,122.10713958740234,2,1,2,122.10713958740234,22009,1.52021072,0,0,1
220090304001,41,b3,0,3,311.0,32.1919011716748,3,134.5,1,1,2,134.5,22009,1.52021072,0,0,0
221010410002,8,b3,0,3,79.0,31.7796781941398,5,96.5,1,1,2,96.5,22101,0.68496657,1,1,1
221279604001,4,b3,0,3,48.0,33.8677132739562,2,162.3640652086362,2,2,2,162.3640652086362,22127,0.0,0,0,0
221279601002,31,b3,0,3,130.0,33.4044516991954,2,150.2052764892578,2,2,2,150.2052764892578,22127,0.0,0,0,0
221279603004,4,b3,0,3,50.0,32.8635031014444,3,163.4710850620974,1,2,2,163.4710850620974,22127,0.0,0,0,0
221279604002,8,b3,0,3,34.0,33.6663370581256,2,161.2481509775293,2,2,2,161.2481509775293,22127,0.0,0,0,0
221279601003,24,b3,0,3,49.0,32.8790073142178,3,199.9090881347656,1,2,2,199.9090881347656,22127,0.0,0,0,0
221279602002,31,b3,0,3,65.0,35.4005773760154,2,184.0636444091797,2,2,1,184.0636444091797,22127,0.0,0,0,0
221279603001,21,b3,0,3,57.0,32.645547280751,3,164.24758286019772,1,2,2,164.24758286019772,22127,0.0,0,0,0
221279602001,16,b3,0,3,77.0,30.6381028366573,3,182.6052703857422,1,2,1,182.6052703857422,22127,0.0,0,0,0
220479529004,12,b3,0,3,64.0,33.3091188472094,4,69.45882415771484,2,1,0,69.45882415771484,22047,0.33403865,1,1,1
220479532002,21,b3,0,3,96.0,34.5841924597493,4,47.94999694824219,2,1,0,47.94999694824219,22047,0.33403865,0,1,1
221279603003,19,b3,0,3,72.0,33.0711577601865,2,162.89999389648438,2,2,2,162.89999389648438,22127,0.0,0,0,0
221279602004,45,b3,0,3,161.0,33.2888084013183,2,177.60910034179688,2,2,2,177.60910034179688,22127,0.0,0,0,0
221190317001,8,b3,0,3,56.0,34.8904780382339,1,128.2956550428264,2,1,2,128.2956550428264,22119,0.0,0,0,0
221190317003,12,b3,0,3,88.0,35.5969418956002,1,138.39999389648438,2,1,2,138.39999389648438,22119,0.0,0,0,0
221190318001,18,b3,0,3,70.0,34.5161852525766,1,131.5,2,1,2,131.5,22119,0.0,0,0,0
220190025001,37,b3,0,3,125.0,51.3418488368188,2,277.79998779296875,2,2,1,277.79998779296875,22019,32.47305225,0,1,0
220190019043,77,b3,0,3,310.0,55.6810146862266,4,206.32280785606855,2,2,3,206.32280785606855,22019,32.47305225,0,1,0
220190019031,37,b3,0,3,268.0,56.602722149009,3,212.3999938964844,2,2,3,212.3999938964844,22019,32.47305225,0,1,0
220190014006,9,b3,0,3,81.0,52.237670200322,2,286.3264599634873,2,2,1,286.3264599634873,22019,32.47305225,0,1,0
220190018013,69,b3,0,3,189.0,57.0599867004409,3,203.7450013282541,2,2,2,203.7450013282541,22019,32.47305225,0,1,0
220190022041,49,b3,0,3,155.0,49.7897130178941,2,310.1000061035156,2,2,1,310.1000061035156,22019,32.47305225,0,1,0
220190018014,53,b3,0,3,136.0,56.7885632685643,4,199.94866543041795,2,2,2,199.94866543041795,22019,32.47305225,0,1,0
220190007003,12,b3,0,3,79.0,53.5467606647859,3,216.14149627535383,2,2,2,216.14149627535383,22019,32.47305225,0,1,0
221190320001,13,b3,0,3,93.0,34.5640921112538,1,141.27833383193968,2,1,2,141.27833383193968,22119,0.0,0,0,0
221190320003,20,b3,0,3,127.0,34.7879020872966,1,150.8000030517578,2,2,1,150.8000030517578,22119,0.0,0,0,0
221190320002,8,b3,0,3,105.0,35.9314055706577,1,125.5,2,1,2,125.5,22119,0.0,0,0,0
221190321005,38,b3,0,3,193.0,35.6527522745348,1,124.1999969482422,2,1,2,124.1999969482422,22119,0.0,0,0,0
220710054003,12,b3,0,3,39.0,29.9388196489429,5,130.33587528469732,1,1,5,130.33587528469732,22071,0.06577263,1,1,1
220710056022,8,b3,0,3,57.0,29.9145522423023,5,105.49794119137476,1,1,2,105.49794119137476,22071,0.06577263,1,1,1
220710134001,28,b3,0,3,771.0,30.1040399133699,5,133.8228069258505,1,1,4,133.8228069258505,22071,0.06577263,1,1,1
220710134002,52,b3,0,3,494.0,30.0335321285663,5,149.2129553853829,1,1,5,149.2129553853829,22071,0.06577263,1,1,1
220710139001,8,b3,0,3,38.0,30.0422100203402,5,144.01540240581485,1,1,4,144.01540240581485,22071,0.06577263,1,1,1
220710076061,12,b3,0,3,99.0,29.8396081946988,5,98.8000030517578,1,1,2,98.8000030517578,22071,0.06577263,1,1,1
220710076063,12,b3,0,3,100.0,29.828583018048,5,100.79975093912093,1,1,3,100.79975093912093,22071,0.06577263,1,1,1
220710076041,6,b3,0,3,104.0,29.8240571504965,5,101.66458184615136,1,1,5,101.66458184615136,22071,0.06577263,1,1,1
220190021002,16,b3,0,3,134.0,50.323147748294,2,336.38061449081397,2,2,0,336.38061449081397,22019,32.47305225,0,1,0
220190017004,64,b3,0,3,158.0,48.1958703440665,2,266.46002197265625,2,2,1,266.46002197265625,22019,32.47305225,1,1,0
220050306001,95,b3,0,3,476.0,38.2680318281917,3,102.0666732788086,2,1,1,102.0666732788086,22005,0.01186332,0,1,1
220710133022,4,b3,0,3,53.0,30.0179908793249,5,111.4549100005406,1,1,3,111.4549100005406,22071,0.06577263,1,1,1
220710111001,8,b3,0,3,76.0,29.8826048887736,5,155.93133146153934,1,2,3,155.93133146153934,22071,0.06577263,1,1,1
220190019042,12,b3,0,3,120.0,55.5566137533667,4,219.2791664254164,2,2,2,219.2791664254164,22019,32.47305225,0,1,0
220190027001,57,b3,0,3,220.0,52.9037770708905,2,190.5500030517578,2,2,3,190.5500030517578,22019,32.47305225,0,1,0
220190005002,4,b3,0,3,45.0,53.4183706641729,3,248.2163294860385,2,2,1,248.2163294860385,22019,32.47305225,0,1,0
220210001003,22,b3,0,3,63.0,23.5284920139477,1,213.93637084960935,1,2,0,213.93637084960935,22021,0.0,0,0,0
220210003002,15,b3,0,3,82.0,24.5370276328021,2,200.90769958496097,1,2,0,200.90769958496097,22021,0.0,0,0,0
220210002003,19,b3,0,3,161.0,25.5656631474225,1,257.3500061035156,1,2,0,257.3500061035156,22021,0.0,0,0,0
220850005001,8,b3,0,3,47.0,44.4623280236607,3,180.8999938964844,2,2,1,180.8999938964844,22085,0.0,0,0,0
220190015002,4,b3,0,3,37.0,51.8740900107422,2,279.2024815120951,2,2,1,279.2024815120951,22019,32.47305225,0,1,0
220210003001,13,b3,0,3,78.0,24.5494075002583,2,187.125,1,2,0,187.125,22021,0.0,0,0,0
220210001002,4,b3,0,3,40.0,22.1520885107798,2,205.8000030517578,1,2,0,205.8000030517578,22021,0.0,0,0,0
220210003003,20,b3,0,3,116.0,25.3703996646303,1,236.1999969482422,1,2,0,236.1999969482422,22021,0.0,0,0,0
220210001001,16,b3,0,3,83.0,26.153087132794,1,212.93846130371097,1,2,0,212.93846130371097,22021,0.0,0,0,0
220850004001,4,b3,0,3,79.0,43.1983262774404,3,153.36154174804688,2,2,2,153.36154174804688,22085,0.0,0,0,0
220850006003,4,b3,0,3,86.0,43.1143792381578,3,171.1333465576172,2,2,1,171.1333465576172,22085,0.0,0,0,0
220690003002,8,b3,0,3,85.0,42.8465263780453,3,206.1333465576172,2,2,3,206.1333465576172,22069,0.0,0,0,0
220690006001,12,b3,0,3,76.0,33.5200012913495,3,143.39999389648438,2,1,3,143.39999389648438,22069,0.0,0,0,0
220690009002,29,b3,0,3,150.0,33.703574506219,3,118.5785675048828,2,1,2,118.5785675048828,22069,0.0,0,0,0
220690008002,12,b3,0,3,74.0,30.2872773857366,4,153.39999389648438,1,2,2,153.39999389648438,22069,0.0,0,0,0
220190005001,30,b3,0,3,184.0,52.8047040125491,2,229.0,2,2,2,229.0,22019,32.47305225,0,1,0
220850006002,9,b3,0,3,97.0,43.4376818089019,3,159.35833740234375,2,2,1,159.35833740234375,22085,0.0,0,0,0
220850002002,16,b3,0,3,98.0,40.6366499350224,3,187.43499755859375,2,2,2,187.43499755859375,22085,0.0,0,0,0
220850001001,18,b3,0,3,78.0,41.6457633851845,3,179.13999938964844,2,2,1,179.13999938964844,22085,0.0,0,0,0
220850006001,8,b3,0,3,82.0,42.825572980209,3,170.36666870117188,2,2,1,170.36666870117188,22085,0.0,0,0,0
220850004004,8,b3,0,3,80.0,42.6860891693734,3,181.1499938964844,2,2,1,181.1499938964844,22085,0.0,0,0,0
220850002003,16,b3,0,3,115.0,41.880323012243,3,205.25,2,2,2,205.25,22085,0.0,0,0,0
220619604003,6,b3,0,3,102.0,29.0662781281713,3,109.8268323338143,1,1,2,109.8268323338143,22061,0.0,0,0,0
220190018012,59,b3,0,3,163.0,56.5758250722489,3,187.0,2,2,1,187.0,22019,32.47305225,0,1,0
221210203004,8,b3,0,3,91.0,34.0805868162201,4,65.0999984741211,2,1,0,65.0999984741211,22121,0.36837128,0,0,1
220190030003,22,b3,0,3,139.0,51.6257658242507,2,190.0628500629392,2,2,3,190.0628500629392,22019,32.47305225,0,1,0
220190011003,24,b3,0,3,66.0,55.7317199370098,3,245.04018445942305,2,2,2,245.04018445942305,22019,32.47305225,0,1,0
220190027002,31,b3,0,3,130.0,52.9563085513577,2,200.5500030517578,2,2,3,200.5500030517578,22019,32.47305225,0,1,0
221090015003,63,b3,0,3,229.0,43.5894064216127,2,192.2816955700021,2,2,0,192.2816955700021,22109,0.7674244,1,1,1
220190030004,12,b3,0,3,122.0,51.9153796557715,2,186.97223569513136,2,2,3,186.97223569513136,22019,32.47305225,0,1,0
220190029002,13,b3,0,3,119.0,51.546681392781,3,186.33343042552133,2,2,3,186.33343042552133,22019,32.47305225,0,1,0
220190031011,24,b3,0,3,182.0,52.0636835200233,2,191.81622965533825,2,2,3,191.81622965533825,22019,32.47305225,0,1,0
220190031012,18,b3,0,3,127.0,52.2190831311673,2,197.7080912342905,2,2,3,197.7080912342905,22019,32.47305225,0,1,0
220190033002,27,b3,0,3,175.0,54.5825610452876,2,173.3000030517578,2,2,2,173.3000030517578,22019,32.47305225,0,1,0
221090015004,69,b3,0,3,202.0,34.1386763837813,3,174.00899167639236,2,2,1,174.00899167639236,22109,0.7674244,1,1,1
221090001014,30,b3,0,3,110.0,40.7263054253537,3,111.49376615051564,2,1,2,111.49376615051564,22109,0.7674244,1,1,1
221090001013,29,b3,0,3,146.0,41.0234017573377,3,101.8000030517578,2,1,2,101.8000030517578,22109,0.7674244,1,1,1
221090004013,35,b3,0,3,117.0,34.2861470516392,3,164.51068452452677,2,2,1,164.51068452452677,22109,0.7674244,1,1,1
221090013002,81,b3,0,3,322.0,34.1198837548509,3,184.8999938964844,2,2,1,184.8999938964844,22109,0.7674244,1,1,1
221090011003,4,b3,0,3,100.0,36.0875183837596,3,91.10694885253906,2,1,3,91.10694885253906,22109,0.7674244,1,1,1
221090012022,33,b3,0,3,130.0,34.651369806971,2,123.13999938964844,2,1,2,123.13999938964844,22109,0.7674244,1,1,1
221090016002,16,b3,0,3,104.0,42.0425628866142,3,74.13076782226562,2,1,1,74.13076782226562,22109,0.7674244,1,1,1
221090017004,77,b3,0,3,326.0,34.2038799726844,3,176.62703205840975,2,2,2,176.62703205840975,22109,0.7674244,1,1,1
220619610002,4,b3,0,3,119.0,29.1962747585281,3,124.33333587646484,1,1,2,124.33333587646484,22061,0.0,0,0,0
220290003002,18,b3,0,3,153.0,27.9284186519194,3,73.82031006792256,1,1,1,73.82031006792256,22029,0.00757152,0,0,0
220619602001,11,b3,0,3,118.0,30.0828480224403,3,105.9875030517578,1,1,1,105.9875030517578,22061,0.0,0,0,0
220619607002,17,b3,0,3,112.0,29.9494382875041,2,129.75,1,1,2,129.75,22061,0.0,0,0,0
220619606003,13,b3,0,3,189.0,28.1030245934236,2,109.5999984741211,1,1,2,109.5999984741211,22061,0.0,0,0,0
220619604001,18,b3,0,3,195.0,28.1161877264288,3,108.94435288870729,1,1,2,108.94435288870729,22061,0.0,0,0,0
220619606001,30,b3,0,3,168.0,27.8067459818465,2,121.20000457763672,1,1,2,121.20000457763672,22061,0.0,0,0,0
220510279011,4,b3,0,3,65.0,36.6316385598319,4,93.9000015258789,2,1,5,93.9000015258789,22051,0.05823747,1,1,1
220510203012,43,b3,0,3,156.0,29.3283285565006,5,98.57700080539848,1,1,3,98.57700080539848,22051,0.05823747,1,1,1
220510205172,32,b3,0,3,141.0,28.9784093311284,5,137.14097362637418,1,1,3,137.14097362637418,22051,0.05823747,1,1,1
220510203021,16,b3,0,3,82.0,29.4611189438305,5,95.2916059590282,1,1,3,95.2916059590282,22051,0.05823747,1,1,1
220510205142,17,b3,0,3,99.0,29.2338348647099,5,111.2073543618396,1,1,2,111.2073543618396,22051,0.05823747,1,1,1
220510216001,12,b3,0,3,63.0,29.4187198525656,5,100.83823105751,1,1,2,100.83823105751,22051,0.05823747,1,1,1
221210203003,4,b3,0,3,106.0,35.1159665350258,4,62.70000076293945,2,1,0,62.70000076293945,22121,0.36837128,0,0,1
221210204021,24,b3,0,3,263.0,34.945547275698,4,68.9000015258789,2,1,0,68.9000015258789,22121,0.36837128,0,0,1
221210204022,25,b3,0,3,238.0,35.1567072749372,4,57.400001525878906,2,1,0,57.400001525878906,22121,0.36837128,0,0,1
220870302073,11,b3,0,3,76.0,31.2954361538797,5,95.76395205683232,1,1,3,95.76395205683232,22087,1.14608952,1,1,0
220870302034,4,b3,0,3,46.0,30.6124770545669,5,93.9451679279037,1,1,3,93.9451679279037,22087,1.14608952,1,1,0
220870302044,7,b3,0,3,33.0,32.114694449037,5,110.7141084482204,1,1,3,110.7141084482204,22087,1.14608952,1,1,0
220870302061,5,b3,0,3,109.0,31.4336242984477,5,97.1428481000208,1,1,3,97.1428481000208,22087,1.14608952,1,1,0
220870302062,15,b3,0,3,74.0,31.1269306595665,5,96.9239837252403,1,1,3,96.9239837252403,22087,1.14608952,1,1,0
220870302071,14,b3,0,3,73.0,30.8625618591791,5,94.5999984741211,1,1,3,94.5999984741211,22087,1.14608952,1,1,0
220870302072,23,b3,0,3,138.0,31.0575212434081,5,95.58197386917456,1,1,3,95.58197386917456,22087,1.14608952,1,1,0
220870302082,31,b3,0,3,185.0,31.7279776827771,5,106.418291414246,1,1,3,106.418291414246,22087,1.14608952,1,1,0
220870302091,5,b3,0,3,45.0,30.9963493980002,5,99.84348267992893,1,1,3,99.84348267992893,22087,1.14608952,1,1,0
220870302092,12,b3,0,3,88.0,31.1793915438053,5,105.0999984741211,1,1,3,105.0999984741211,22087,1.14608952,1,1,0
220870302093,21,b3,0,3,75.0,31.3580511818287,5,106.3316424437395,1,1,3,106.3316424437395,22087,1.14608952,1,1,0
220870303001,9,b3,0,3,71.0,30.3697587364258,5,89.13905737490009,1,1,4,89.13905737490009,22087,1.14608952,1,1,0
220510242022,20,b3,0,3,224.0,29.3971038575524,5,104.13587141687822,1,1,2,104.13587141687822,22051,0.05823747,1,1,1
220510205023,35,b3,0,3,172.0,29.1549213152159,5,118.92075704319306,1,1,2,118.92075704319306,22051,0.05823747,1,1,1
220510205071,35,b3,0,3,174.0,29.0611742556575,5,126.6886514892991,1,1,3,126.6886514892991,22051,0.05823747,1,1,1
220510242021,9,b3,0,3,166.0,29.3935287351794,5,103.78254498238216,1,1,3,103.78254498238216,22051,0.05823747,1,1,1
220510241002,16,b3,0,3,141.0,29.3024295548909,5,108.74179927258838,1,1,2,108.74179927258838,22051,0.05823747,1,1,1
220510205081,24,b3,0,3,164.0,28.9776359333854,5,139.5151795322173,1,1,3,139.5151795322173,22051,0.05823747,1,1,1
220510211001,8,b3,0,3,34.0,29.0979733464141,5,123.78940293562002,1,1,2,123.78940293562002,22051,0.05823747,1,1,1
220510223021,8,b3,0,3,68.0,29.7777415338796,5,101.74371314362806,1,1,3,101.74371314362806,22051,0.05823747,1,1,1
220510212001,4,b3,0,3,78.0,29.1198483414517,5,121.6598724904062,1,1,2,121.6598724904062,22051,0.05823747,1,1,1
220019605003,34,b3,0,3,227.0,39.7123791027987,4,141.4499969482422,2,1,2,141.4499969482422,22001,7.86402276,0,0,1
220530005003,16,b3,0,3,137.0,41.1595582273706,2,219.32929926212395,2,2,3,219.32929926212395,22053,34.29631719,0,1,0
220190022033,20,b3,0,3,146.0,48.2128475486595,2,267.13239187996356,2,2,0,267.13239187996356,22019,32.47305225,0,1,0
220190022031,26,b3,0,3,218.0,47.7092235479626,2,214.3000030517578,2,2,0,214.3000030517578,22019,32.47305225,0,1,0
221159509002,24,b3,0,3,211.0,43.343543327975,2,140.5500030517578,2,1,4,140.5500030517578,22115,19.00196373,0,0,0
220330035063,16,b3,0,3,59.0,31.3306227592138,5,156.10513064779033,1,2,0,156.10513064779033,22033,0.02202799,0,0,1
220330038041,10,b3,0,3,128.0,32.3882784202459,6,123.5999984741211,1,1,1,123.5999984741211,22033,0.02202799,0,0,1
220330038043,16,b3,0,3,251.0,32.6755913205233,6,106.78185516738776,1,1,1,106.78185516738776,22033,0.02202799,0,0,1
220330038051,5,b3,0,3,53.0,32.2303984705646,6,123.12177674967954,1,1,1,123.12177674967954,22033,0.02202799,0,0,1
220330038052,12,b3,0,3,86.0,32.4547151734278,6,106.01465312872736,1,1,1,106.01465312872736,22033,0.02202799,0,0,1
220330042054,12,b3,0,3,93.0,31.2204089172748,4,201.3107950699984,1,2,0,201.3107950699984,22033,0.02202799,0,0,1
220330032021,13,b3,0,3,59.0,30.6984582185781,4,201.79799001901432,1,2,0,201.79799001901432,22033,0.02202799,0,0,1
220330011022,8,b3,0,3,107.0,32.1114985914209,5,144.64401479368675,1,1,1,144.64401479368675,22033,0.02202799,0,0,1
220330011032,4,b3,0,3,75.0,32.6002385391693,4,132.68959442073117,1,1,1,132.68959442073117,22033,0.02202799,0,0,1
220119606003,4,b3,0,3,65.0,55.0399954175099,2,179.4895782470703,2,2,1,179.4895782470703,22011,30.17836803,0,0,0
220119601003,24,b3,0,3,85.0,44.8250862689224,3,216.36154174804688,2,2,1,216.36154174804688,22011,30.17836803,0,0,0
220119605002,17,b3,0,3,134.0,54.1083462304114,3,179.64356471046636,2,2,2,179.64356471046636,22011,30.17836803,0,0,0
220119601002,30,b3,0,3,119.0,42.9161567463601,3,234.18182373046875,2,2,1,234.18182373046875,22011,30.17836803,0,0,0
220019612003,12,b3,0,3,54.0,39.0644085860547,4,162.9399871826172,2,2,2,162.9399871826172,22001,7.86402276,0,0,0
220019608004,9,b3,0,3,91.0,34.8386451126135,3,143.25994041636883,2,1,3,143.25994041636883,22001,7.86402276,0,0,0
220019612001,9,b3,0,3,108.0,37.0241193766589,3,141.625,2,1,2,141.625,22001,7.86402276,0,0,0
220019604001,26,b3,0,3,216.0,35.8273651565918,2,155.3000030517578,2,2,1,155.3000030517578,22001,7.86402276,0,0,0
220019601004,16,b3,0,3,111.0,39.9350066987192,3,199.1000061035156,2,2,1,199.1000061035156,22001,7.86402276,0,0,1
220019603002,32,b3,0,3,171.0,36.7678919036741,2,188.27999877929688,2,2,2,188.27999877929688,22001,7.86402276,0,0,0
220019607001,8,b3,0,3,85.0,37.5385643786934,3,149.04124781747743,2,1,2,149.04124781747743,22001,7.86402276,0,0,0
220019611002,23,b3,0,3,94.0,40.5970573528707,3,231.0666656494141,2,2,3,231.0666656494141,22001,7.86402276,0,0,0
220019602003,4,b3,0,3,137.0,35.4806647524032,2,154.9166717529297,2,2,1,154.9166717529297,22001,7.86402276,0,0,0
220019604004,16,b3,0,3,173.0,37.3056182311201,3,162.78750610351562,2,2,2,162.78750610351562,22001,7.86402276,0,0,0
220019604003,6,b3,0,3,93.0,34.5999063057625,3,171.40000915527344,2,2,2,171.40000915527344,22001,7.86402276,0,0,0
220019602002,39,b3,0,3,170.0,34.5434008399922,3,170.33999633789062,2,2,1,170.33999633789062,22001,7.86402276,0,0,0
220019612002,7,b3,0,3,97.0,35.5319181072484,4,145.25,2,1,3,145.25,22001,7.86402276,0,0,0
220019603001,12,b3,0,3,92.0,35.393031509216,3,193.8000030517578,2,2,2,193.8000030517578,22001,7.86402276,0,0,0
220019608001,35,b3,0,3,249.0,35.6168760516137,3,144.5,2,1,2,144.5,22001,7.86402276,0,0,0
220019605002,19,b3,0,3,122.0,38.0566388215189,3,158.27499389648438,2,2,1,158.27499389648438,22001,7.86402276,0,0,0
220019602001,46,b3,0,3,232.0,38.2416105825339,2,161.90000915527344,2,2,1,161.90000915527344,22001,7.86402276,0,0,0
220019611003,13,b3,0,3,85.0,40.6899223144673,3,209.3333282470703,2,2,3,209.3333282470703,22001,7.86402276,0,0,0
220019606002,29,b3,0,3,101.0,38.0861238696481,3,146.54294844205697,2,1,2,146.54294844205697,22001,7.86402276,0,0,0
220019601005,4,b3,0,3,101.0,39.1297748988755,3,185.303022330226,2,2,1,185.303022330226,22001,7.86402276,0,0,1
220019603003,27,b3,0,3,116.0,40.0792436644729,3,202.67498779296875,2,2,3,202.67498779296875,22001,7.86402276,0,0,0
220019604002,6,b3,0,3,140.0,34.2871031246356,2,169.5,2,2,1,169.5,22001,7.86402276,0,0,0
220019605001,48,b3,0,3,218.0,39.7525286032056,3,176.55999755859375,2,2,1,176.55999755859375,22001,7.86402276,0,0,1
220019606001,18,b3,0,3,186.0,39.0254866307033,4,143.1999969482422,2,1,2,143.1999969482422,22001,7.86402276,0,0,0
220019606003,8,b3,0,3,112.0,38.1864030051593,3,146.8433810156428,2,1,2,146.8433810156428,22001,7.86402276,0,0,0
220019606004,16,b3,0,3,47.0,38.0298620741011,3,145.4367604221214,2,1,2,145.4367604221214,22001,7.86402276,0,0,0
220019606005,13,b3,0,3,74.0,37.9788532531381,3,148.19817200865907,2,1,2,148.19817200865907,22001,7.86402276,0,0,0
220019607003,17,b3,0,3,51.0,37.7868973604596,3,147.06788455428634,2,1,2,147.06788455428634,22001,7.86402276,0,0,0
220019608002,10,b3,0,3,102.0,34.6879329506177,4,144.2512654587702,2,1,3,144.2512654587702,22001,7.86402276,0,0,0
220019608003,8,b3,0,3,69.0,34.6656809522965,4,143.29320415063827,2,1,3,143.29320415063827,22001,7.86402276,0,0,0
220019609001,24,b3,0,3,156.0,35.4804388924485,4,137.09974233156126,2,1,3,137.09974233156126,22001,7.86402276,0,0,0
220250003002,8,b3,0,3,152.0,28.1377651295004,3,187.1555633544922,1,2,0,187.1555633544922,22025,0.01476176,0,0,0
220450301003,13,b3,0,3,79.0,32.9387466260695,5,86.7728113642175,1,1,2,86.7728113642175,22045,3.09661809,1,1,1
220510216003,17,b3,0,3,135.0,29.297692505875,5,104.61869484888878,1,1,2,104.61869484888878,22051,0.05823747,1,1,1
220730055003,16,b3,0,3,116.0,22.7859374566957,2,108.63334543644775,1,1,2,108.63334543644775,22073,0.0,0,0,0
220019610005,9,b3,0,3,53.0,35.3003404591963,4,135.91320965648518,2,1,3,135.91320965648518,22001,7.86402276,0,0,0
220019611001,12,b3,0,3,109.0,38.6271201675132,3,181.8999938964844,2,2,2,181.8999938964844,22001,7.86402276,0,0,0
220730108001,63,b3,0,3,276.0,22.8295383056147,2,114.82153532838002,1,1,2,114.82153532838002,22073,0.0,0,0,0
220730107002,8,b3,0,3,56.0,22.6133269094763,1,121.37039230007242,1,1,1,121.37039230007242,22073,0.0,0,0,0
220070503002,12,b3,0,3,65.0,39.603522335728,3,49.473892901148766,2,1,0,49.473892901148766,22007,0.2395300699999999,1,1,1
220330046032,24,b3,0,3,150.0,31.7767431891354,5,159.69618975551043,1,2,0,159.69618975551043,22033,0.02202799,0,0,1
220330040162,66,b3,0,3,416.0,33.4203095546734,4,59.10000228881836,2,1,0,59.10000228881836,22033,0.02202799,0,0,1
220330038053,42,b3,0,3,461.0,32.6136066041746,6,103.38089617724572,1,1,1,103.38089617724572,22033,0.02202799,0,0,1
221139504001,8,b3,0,3,101.0,35.4362939612557,3,133.0,2,1,4,133.0,22113,12.34417553,0,1,0
220330040144,13,b3,0,3,182.0,34.8061897176256,4,68.4000015258789,2,1,0,68.4000015258789,22033,0.02202799,0,0,1
220330040064,25,b3,0,3,133.0,32.9511727208751,6,74.58758627213642,1,1,1,74.58758627213642,22033,0.02202799,0,0,1
221139504002,6,b3,0,3,92.0,35.8608049836291,3,131.89999389648438,2,1,4,131.89999389648438,22113,12.34417553,0,1,0
221070001002,8,b3,0,3,201.0,22.5199724871644,1,82.125,1,1,1,82.125,22107,0.00855829,0,0,0
220139704002,14,b3,0,3,80.0,26.6786877470183,3,101.3166732788086,1,1,2,101.3166732788086,22013,0.0,0,0,0
220139705003,8,b3,0,3,30.0,29.4486731226029,3,98.07333374023438,1,1,2,98.07333374023438,22013,0.0,0,0,0
220139703002,12,b3,0,3,71.0,36.9046349863229,2,85.69999694824219,2,1,2,85.69999694824219,22013,0.0,0,0,0
220139701001,4,b3,0,3,55.0,29.988992371858,3,100.3239009465499,1,1,1,100.3239009465499,22013,0.0,0,0,0
220139705002,5,b3,0,3,37.0,28.5269738272355,3,114.16316223144533,1,1,3,114.16316223144533,22013,0.0,0,0,0
220330044023,4,b3,0,3,144.0,31.0437044362694,4,188.34809141732316,1,2,0,188.34809141732316,22033,0.02202799,0,0,1
220330040103,8,b3,0,3,51.0,33.2607968294649,5,72.78820360301684,2,1,1,72.78820360301684,22033,0.02202799,0,0,1
220330045041,24,b3,0,3,125.0,33.5418247077462,4,136.0,2,1,1,136.0,22033,0.02202799,0,0,1
220790115004,8,b3,0,3,80.0,29.9107681669108,3,231.3911609145273,1,2,1,231.3911609145273,22079,4.49269524,0,0,0
220119603001,13,b3,0,3,52.0,39.9172994277548,2,149.5,2,1,3,149.5,22011,30.17836803,0,0,0
220119601004,16,b3,0,3,81.0,48.1383259910106,3,320.2533264160156,2,2,1,320.2533264160156,22011,30.17836803,0,0,0
220119607001,43,b3,0,3,158.0,55.1204863497115,3,173.3638916015625,2,2,2,173.3638916015625,22011,30.17836803,0,0,0
220119607002,33,b3,0,3,196.0,43.5734108323115,2,257.1142883300781,2,2,2,257.1142883300781,22011,30.17836803,0,0,0
220170253001,25,b3,0,3,385.0,31.6364201798792,2,39.959261995112406,1,1,0,39.959261995112406,22017,0.0,0,0,0
220379516001,29,b3,0,3,117.0,29.0575461379669,5,158.73001098632812,1,2,0,158.73001098632812,22037,0.25808331,0,0,1
220379516004,12,b3,0,3,65.0,26.8404882954353,4,189.1000061035156,1,2,0,189.1000061035156,22037,0.25808331,0,0,1
220379516003,5,b3,0,3,55.0,27.5867452374982,4,213.66000366210935,1,2,0,213.66000366210935,22037,0.25808331,0,0,1
220379513002,9,b3,0,3,34.0,27.3737077220891,4,151.41429138183594,1,2,0,151.41429138183594,22037,0.25808331,0,0,1
220330045102,36,b3,0,3,275.0,35.3986455060892,4,80.71641083397539,2,1,1,80.71641083397539,22033,0.02202799,0,0,1
220330046042,22,b3,0,3,113.0,31.0711281853191,4,207.705487436578,1,2,0,207.705487436578,22033,0.02202799,0,0,1
220119604001,8,b3,0,3,80.0,38.3476149749669,3,172.89999389648438,2,2,1,172.89999389648438,22011,30.17836803,0,0,0
220119604002,12,b3,0,3,66.0,38.7881445103677,3,167.31159987237072,2,2,2,167.31159987237072,22011,30.17836803,0,0,0
220119603003,38,b3,0,3,214.0,39.2482513228129,2,149.7209296914778,2,1,3,149.7209296914778,22011,30.17836803,0,0,0
220119604003,12,b3,0,3,63.0,38.6923088056396,3,171.8000030517578,2,2,2,171.8000030517578,22011,30.17836803,0,0,0
220119605001,19,b3,0,3,122.0,51.4457846267417,2,144.39999389648438,2,1,4,144.39999389648438,22011,30.17836803,0,0,0
220119605003,22,b3,0,3,111.0,53.1010631681895,3,203.0,2,2,2,203.0,22011,30.17836803,0,0,0
220330030003,30,b3,0,3,164.0,33.0242333009631,3,113.5,2,1,1,113.5,22033,0.02202799,0,0,1
220330039063,46,b3,0,3,205.0,33.8616080531619,4,98.15168834354988,2,1,1,98.15168834354988,22033,0.02202799,0,0,1
220330038012,12,b3,0,3,192.0,32.7421796808853,5,114.76553714741256,1,1,1,114.76553714741256,22033,0.02202799,0,0,1
220330045081,24,b3,0,3,194.0,35.1668343355439,4,95.47204976539376,2,1,1,95.47204976539376,22033,0.02202799,0,0,1
220330046043,39,b3,0,3,275.0,31.3558339100353,4,187.6000061035156,1,2,0,187.6000061035156,22033,0.02202799,0,0,1
220330046045,40,b3,0,3,214.0,30.7025023915085,4,208.3000030517578,1,2,0,208.3000030517578,22033,0.02202799,0,0,1
220330046033,23,b3,0,3,143.0,31.6155159978223,5,124.73333740234376,1,1,1,124.73333740234376,22033,0.02202799,0,0,1
220330040112,58,b3,0,3,535.0,33.9843796059224,4,60.04999923706055,2,1,0,60.04999923706055,22033,0.02202799,0,0,1
220330044021,7,b3,0,3,138.0,31.6832250266491,5,200.8666277994519,1,2,1,200.8666277994519,22033,0.02202799,0,0,1
220330046044,16,b3,0,3,137.0,30.7417399659845,4,220.4402887984054,1,2,0,220.4402887984054,22033,0.02202799,0,0,1
221139510021,8,b3,0,3,59.0,41.7765685981181,3,196.8333282470703,2,2,2,196.8333282470703,22113,12.34417553,1,1,0
221139502001,16,b3,0,3,72.0,41.3622060940802,3,150.9642791748047,2,2,3,150.9642791748047,22113,12.34417553,1,1,0
221139501004,26,b3,0,3,173.0,34.8616686724031,3,134.7624969482422,2,1,3,134.7624969482422,22113,12.34417553,0,1,0
221139502003,12,b3,0,3,120.0,39.2516560146517,3,205.12353515625,2,2,3,205.12353515625,22113,12.34417553,1,1,0
221139505003,14,b3,0,3,164.0,38.6510571238144,4,144.1714324951172,2,1,4,144.1714324951172,22113,12.34417553,1,1,0
221139502002,17,b3,0,3,124.0,40.5612097835226,3,193.7243821790335,2,2,3,193.7243821790335,22113,12.34417553,0,1,0
221139506001,24,b3,0,3,157.0,39.4806940271065,3,136.6999969482422,2,1,3,136.6999969482422,22113,12.34417553,0,1,0
221139501002,65,b3,0,3,348.0,40.8053859599181,3,132.5,2,1,3,132.5,22113,12.34417553,0,1,0
221139505001,55,b3,0,3,267.0,37.4352531100658,4,122.18000793457033,2,1,3,122.18000793457033,22113,12.34417553,0,1,0
221139501003,47,b3,0,3,195.0,36.994463385345,4,132.86666870117188,2,1,3,132.86666870117188,22113,12.34417553,0,1,0
220450301004,4,b3,0,3,24.0,32.7444058630269,5,85.44325219481149,1,1,2,85.44325219481149,22045,3.09661809,1,1,1
220450302004,27,b3,0,3,149.0,35.0910389313868,4,101.0,2,1,3,101.0,22045,3.09661809,0,1,1
220330030004,5,b3,0,3,28.0,32.6747782740987,4,131.50758885161605,1,1,1,131.50758885161605,22033,0.02202799,0,0,1
220250002001,5,b3,0,3,80.0,28.229266301004,3,174.14999389648438,1,2,0,174.14999389648438,22025,0.01476176,0,0,0
220319501002,61,b3,0,3,243.0,33.0966848787873,1,60.92500305175781,2,1,0,60.92500305175781,22031,0.0,0,0,0
220510210003,13,b3,0,3,34.0,29.1028801499768,5,123.25430996187195,1,1,2,123.25430996187195,22051,0.05823747,1,1,1
220510211002,11,b3,0,3,40.0,29.1376898242451,5,122.63826388872836,1,1,2,122.63826388872836,22051,0.05823747,1,1,1
220510213001,39,b3,0,3,121.0,29.230422722025,5,109.87532858658908,1,1,2,109.87532858658908,22051,0.05823747,1,1,1
220510213003,10,b3,0,3,51.0,29.2313212764318,5,111.75993483849491,1,1,2,111.75993483849491,22051,0.05823747,1,1,1
220510214001,19,b3,0,3,111.0,29.2802265836281,5,105.73847874353356,1,1,3,105.73847874353356,22051,0.05823747,1,1,1
220510214002,27,b3,0,3,75.0,29.2807542951933,5,105.34225474461812,1,1,3,105.34225474461812,22051,0.05823747,1,1,1
220510216002,27,b3,0,3,94.0,29.3584266375099,5,99.06020530190509,1,1,2,99.06020530190509,22051,0.05823747,1,1,1
220510217001,13,b3,0,3,65.0,29.4221970563008,5,97.57551158238016,1,1,3,97.57551158238016,22051,0.05823747,1,1,1
220510250014,13,b3,0,3,89.0,30.4253867443893,5,92.0521712803722,1,1,3,92.0521712803722,22051,0.05823747,1,1,1
220510251022,17,b3,0,3,110.0,30.2250822511308,5,91.89130080837812,1,1,3,91.89130080837812,22051,0.05823747,1,1,1
220510250021,9,b3,0,3,57.0,30.2465397649875,5,87.61257248317513,1,1,5,87.61257248317513,22051,0.05823747,1,1,1
220510250031,33,b3,0,3,124.0,30.2722970800634,5,92.2932301550424,1,1,3,92.2932301550424,22051,0.05823747,1,1,1
220510251021,8,b3,0,3,64.0,30.1979378676022,5,90.70325174463024,1,1,3,90.70325174463024,22051,0.05823747,1,1,1
220510251023,22,b3,0,3,102.0,30.209473842098,5,93.76212011168926,1,1,3,93.76212011168926,22051,0.05823747,1,1,1
220510219001,19,b3,0,3,79.0,29.5640004075543,5,101.72992064689824,1,1,3,101.72992064689824,22051,0.05823747,1,1,1
220510251033,8,b3,0,3,50.0,30.2667307664555,5,92.41472814865794,1,1,3,92.41472814865794,22051,0.05823747,1,1,1
220510251031,8,b3,0,3,73.0,30.3208721012653,5,92.4080454549363,1,1,3,92.4080454549363,22051,0.05823747,1,1,1
220510217005,12,b3,0,3,68.0,29.3604980303305,5,99.6163404930318,1,1,3,99.6163404930318,22051,0.05823747,1,1,1
220510217003,12,b3,0,3,75.0,29.391864436419,5,97.27058992963448,1,1,3,97.27058992963448,22051,0.05823747,1,1,1
220510218011,12,b3,0,3,114.0,29.4896991390244,5,98.62758928214006,1,1,3,98.62758928214006,22051,0.05823747,1,1,1
220510218012,12,b3,0,3,67.0,29.4508512586569,5,97.99687853779544,1,1,3,97.99687853779544,22051,0.05823747,1,1,1
220510218041,16,b3,0,3,126.0,29.4927365198861,5,99.8651613932586,1,1,3,99.8651613932586,22051,0.05823747,1,1,1
220510220011,8,b3,0,3,203.0,29.6122390246592,5,102.5550694723195,1,1,2,102.5550694723195,22051,0.05823747,1,1,1
220510220021,14,b3,0,3,88.0,29.5656031693327,5,102.99546980134777,1,1,2,102.99546980134777,22051,0.05823747,1,1,1
220510223011,4,b3,0,3,61.0,29.7876749900804,5,99.49703866202508,1,1,2,99.49703866202508,22051,0.05823747,1,1,1
220510221021,16,b3,0,3,88.0,29.6622569122592,5,101.5286065840715,1,1,2,101.5286065840715,22051,0.05823747,1,1,1
220510222001,12,b3,0,3,90.0,29.744151996125,5,99.29286805385831,1,1,2,99.29286805385831,22051,0.05823747,1,1,1
220510252011,9,b3,0,3,39.0,30.2403570516551,5,87.40087324388267,1,1,5,87.40087324388267,22051,0.05823747,1,1,1
220510282003,44,b3,0,3,111.0,29.6104929806043,5,101.83075527823128,1,1,4,101.83075527823128,22051,0.05823747,1,1,1
220510275011,37,b3,0,3,214.0,28.9237404533963,5,136.8000030517578,1,1,2,136.8000030517578,22051,0.05823747,1,1,1
220510275021,4,b3,0,3,78.0,29.1544942930277,5,112.13707164088432,1,1,4,112.13707164088432,22051,0.05823747,1,1,1
220510276012,20,b3,0,3,126.0,29.165827359936,5,107.92897960948828,1,1,4,107.92897960948828,22051,0.05823747,1,1,1
220510227002,4,b3,0,3,59.0,29.6359240851791,5,103.11509508029228,1,1,3,103.11509508029228,22051,0.05823747,1,1,1
220450302002,15,b3,0,3,125.0,33.8424362543581,4,88.0,2,1,2,88.0,22045,3.09661809,0,1,1
220510259002,12,b3,0,3,56.0,30.1076877137346,5,91.98478661361985,1,1,5,91.98478661361985,22051,0.05823747,1,1,1
220510278102,4,b3,0,3,46.0,29.9624422442578,5,88.14055910919004,1,1,4,88.14055910919004,22051,0.05823747,1,1,1
220570201001,15,b3,0,3,89.0,38.3271843611439,3,84.90724690779182,2,1,2,84.90724690779182,22057,0.52554993,1,1,1
220570205003,4,b3,0,3,25.0,39.0005211034671,3,85.87390429953037,2,1,2,85.87390429953037,22057,0.52554993,1,1,1
220330032013,20,b3,0,3,81.0,31.6061910627514,4,202.3000030517578,1,2,0,202.3000030517578,22033,0.02202799,0,0,1
220330032023,8,b3,0,3,48.0,31.0407720699211,4,194.2048184962622,1,2,0,194.2048184962622,22033,0.02202799,0,0,1
220330033002,8,b3,0,3,24.0,32.507885896135,4,152.9831225987914,1,2,0,152.9831225987914,22033,0.02202799,0,0,1
220330036013,31,b3,0,3,112.0,31.7974579448488,5,152.46161588292824,1,2,0,152.46161588292824,22033,0.02202799,0,0,1
220330036031,8,b3,0,3,32.0,31.3282509401293,4,147.42528938658347,1,1,2,147.42528938658347,22033,0.02202799,0,0,1
220510203011,31,b3,0,3,111.0,29.3573069307681,5,97.8258202055735,1,1,3,97.8258202055735,22051,0.05823747,1,1,1
220510230021,8,b3,0,3,83.0,29.4933109870033,5,101.73787463942438,1,1,2,101.73787463942438,22051,0.05823747,1,1,1
220510232002,4,b3,0,3,90.0,29.3268277564443,5,103.7702221299156,1,1,1,103.7702221299156,22051,0.05823747,1,1,1
220510230032,12,b3,0,3,58.0,29.3813168002908,5,101.35237383742108,1,1,1,101.35237383742108,22051,0.05823747,1,1,1
220510233001,10,b3,0,3,48.0,29.3447020224339,5,102.23139877447656,1,1,1,102.23139877447656,22051,0.05823747,1,1,1
220510234002,39,b3,0,3,106.0,29.2754224730731,5,106.91657735753824,1,1,2,106.91657735753824,22051,0.05823747,1,1,1
220510233002,9,b3,0,3,53.0,29.3018296975966,5,106.86845087830896,1,1,1,106.86845087830896,22051,0.05823747,1,1,1
220510234001,4,b3,0,3,84.0,29.3391994831606,5,101.13515461783804,1,1,1,101.13515461783804,22051,0.05823747,1,1,1
220510234003,18,b3,0,3,49.0,29.3042375229165,5,105.69388997099522,1,1,2,105.69388997099522,22051,0.05823747,1,1,1
220510235002,24,b3,0,3,105.0,29.1830169396011,5,120.9205582061645,1,1,2,120.9205582061645,22051,0.05823747,1,1,1
220510235003,22,b3,0,3,65.0,29.2392938218569,5,108.39540930219722,1,1,2,108.39540930219722,22051,0.05823747,1,1,1
220510252021,4,b3,0,3,80.0,30.2069536976346,5,88.60341186054458,1,1,4,88.60341186054458,22051,0.05823747,1,1,1
220510252024,18,b3,0,3,77.0,30.2381004233766,5,94.8000030517578,1,1,4,94.8000030517578,22051,0.05823747,1,1,1
220510254002,19,b3,0,3,64.0,30.1699458156271,5,89.12695711512602,1,1,4,89.12695711512602,22051,0.05823747,1,1,1
220510253001,8,b3,0,3,24.0,30.1899299891717,5,88.63579110651946,1,1,5,88.63579110651946,22051,0.05823747,1,1,1
220510253002,38,b3,0,3,95.0,30.1751785435727,5,90.05072862196862,1,1,5,90.05072862196862,22051,0.05823747,1,1,1
220510254003,12,b3,0,3,62.0,30.1665900358604,5,89.17378457717784,1,1,4,89.17378457717784,22051,0.05823747,1,1,1
220330033003,4,b3,0,3,41.0,32.5718471438393,4,138.90593377904952,1,1,1,138.90593377904952,22033,0.02202799,0,0,1
220330033004,8,b3,0,3,26.0,32.3641668740701,4,171.74136370510536,1,2,0,171.74136370510536,22033,0.02202799,0,0,1
220330033005,4,b3,0,3,39.0,32.5890190610857,4,138.49219446527226,1,1,1,138.49219446527226,22033,0.02202799,0,0,1
220330037011,16,b3,0,3,117.0,31.6707248178433,6,150.65042961672924,1,2,1,150.65042961672924,22033,0.02202799,0,0,1
220330037014,17,b3,0,3,103.0,31.8600949102508,6,147.3343057316789,1,1,1,147.3343057316789,22033,0.02202799,0,0,1
220510203022,20,b3,0,3,92.0,29.4382677505026,5,97.00626661355636,1,1,3,97.00626661355636,22051,0.05823747,1,1,1
220510203024,19,b3,0,3,80.0,29.387116087575,5,97.42521900356616,1,1,3,97.42521900356616,22051,0.05823747,1,1,1
220510203032,15,b3,0,3,97.0,29.4453605602546,5,97.55544039657272,1,1,3,97.55544039657272,22051,0.05823747,1,1,1
220510203033,15,b3,0,3,80.0,29.3703960024688,5,100.82078959297544,1,1,3,100.82078959297544,22051,0.05823747,1,1,1
220510203031,14,b3,0,3,83.0,29.3302573039077,5,101.53125673809676,1,1,3,101.53125673809676,22051,0.05823747,1,1,1
220510204001,33,b3,0,3,122.0,29.2838389399881,5,108.64110243324308,1,1,3,108.64110243324308,22051,0.05823747,1,1,1
220510205021,13,b3,0,3,91.0,29.1217865160158,5,125.5,1,1,2,125.5,22051,0.05823747,1,1,1
220510236001,27,b3,0,3,75.0,29.2491198461326,5,109.3537058964378,1,1,2,109.3537058964378,22051,0.05823747,1,1,1
220510205061,21,b3,0,3,86.0,29.1901244456397,5,116.0056631574975,1,1,2,116.0056631574975,22051,0.05823747,1,1,1
220510205062,36,b3,0,3,149.0,29.1705799876959,5,121.0535839246887,1,1,2,121.0535839246887,22051,0.05823747,1,1,1
220510205072,18,b3,0,3,112.0,29.0094360423681,5,136.4119133912213,1,1,3,136.4119133912213,22051,0.05823747,1,1,1
220510236003,26,b3,0,3,112.0,29.1565050353765,5,120.7898715342127,1,1,2,120.7898715342127,22051,0.05823747,1,1,1
220510237001,4,b3,0,3,29.0,29.2402959681149,5,109.3924853701614,1,1,1,109.3924853701614,22051,0.05823747,1,1,1
220510239041,24,b3,0,3,111.0,29.1838356882035,5,111.60453676216731,1,1,3,111.60453676216731,22051,0.05823747,1,1,1
220510238001,27,b3,0,3,128.0,29.1605508156315,5,115.51770471823076,1,1,1,115.51770471823076,22051,0.05823747,1,1,1
220510238002,4,b3,0,3,55.0,29.1093054162454,5,118.40094866889928,1,1,1,118.40094866889928,22051,0.05823747,1,1,1
220510239011,16,b3,0,3,91.0,29.2766774845705,5,109.18791367653068,1,1,2,109.18791367653068,22051,0.05823747,1,1,1
220510239012,5,b3,0,3,89.0,29.2418591247394,5,110.08455957689723,1,1,3,110.08455957689723,22051,0.05823747,1,1,1
220510239031,4,b3,0,3,56.0,29.2075181167225,5,112.58172960911304,1,1,1,112.58172960911304,22051,0.05823747,1,1,1
220510239042,8,b3,0,3,99.0,29.1609784115718,5,115.30826108942324,1,1,1,115.30826108942324,22051,0.05823747,1,1,1
220510264001,13,b3,0,3,75.0,29.9381794643627,5,90.4045549577391,1,1,6,90.4045549577391,22051,0.05823747,1,1,1
220510259001,12,b3,0,3,62.0,30.0834027274001,5,112.5850506446843,1,1,5,112.5850506446843,22051,0.05823747,1,1,1
220510260002,12,b3,0,3,39.0,30.0314611295489,5,93.18740063470656,1,1,6,93.18740063470656,22051,0.05823747,1,1,1
220510261001,16,b3,0,3,110.0,30.1045600232564,5,89.96267638859445,1,1,4,89.96267638859445,22051,0.05823747,1,1,1
220510261003,12,b3,0,3,75.0,30.053972586007,5,90.923301402575,1,1,5,90.923301402575,22051,0.05823747,1,1,1
220510278053,27,b3,0,3,179.0,30.0974509017911,5,91.0,1,1,3,91.0,22051,0.05823747,1,1,1
220090307005,24,b3,0,3,176.0,32.5184702549652,3,136.03334045410156,1,1,2,136.03334045410156,22009,1.52021072,0,0,1
220510264002,13,b3,0,3,77.0,29.9518975083324,5,89.31343650408968,1,1,4,89.31343650408968,22051,0.05823747,1,1,1
220510265001,28,b3,0,3,123.0,29.9181585247074,5,90.22330638977668,1,1,6,90.22330638977668,22051,0.05823747,1,1,1
220330035043,4,b3,0,3,62.0,31.4758307419071,5,161.42532332063976,1,2,0,161.42532332063976,22033,0.02202799,0,0,1
220330037015,8,b3,0,3,88.0,31.7498644884034,6,145.68874256334172,1,1,2,145.68874256334172,22033,0.02202799,0,0,1
220330039091,13,b3,0,3,165.0,31.9818322778388,5,138.95293805670806,1,1,2,138.95293805670806,22033,0.02202799,0,0,1
221159504001,18,b3,0,3,94.0,42.166528820563,2,151.5,2,2,3,151.5,22115,19.00196373,0,0,0
221159503002,14,b3,0,3,74.0,48.4973539346606,3,185.4375,2,2,1,185.4375,22115,19.00196373,0,0,0
221159509001,26,b3,0,3,87.0,51.3713622147221,2,163.10000610351562,2,2,1,163.10000610351562,22115,19.00196373,0,0,0
221159507011,4,b3,0,3,183.0,42.5527993957429,2,173.346435546875,2,2,3,173.346435546875,22115,19.00196373,0,0,0
221159502002,57,b3,0,3,208.0,47.6066547524327,3,146.73333740234375,2,1,3,146.73333740234375,22115,19.00196373,0,0,0
221159506001,12,b3,0,3,69.0,50.3085939583152,2,152.45001220703125,2,2,2,152.45001220703125,22115,19.00196373,0,0,0
221159508004,22,b3,0,3,100.0,40.5908471613007,3,136.9875030517578,2,1,4,136.9875030517578,22115,19.00196373,0,0,0
221159505001,17,b3,0,3,120.0,40.7157559406304,2,153.09876578063103,2,2,3,153.09876578063103,22115,19.00196373,0,0,0
220570220001,42,b3,0,3,235.0,38.5914225024723,3,87.86887596586236,2,1,2,87.86887596586236,22057,0.52554993,1,1,1
221030408024,20,b3,0,3,88.0,30.6072478087589,4,232.1000061035156,1,2,3,232.1000061035156,22103,0.05873937,1,1,0
221030408023,47,b3,0,3,264.0,30.4443341361339,4,212.20221036311185,1,2,3,212.20221036311185,22103,0.05873937,1,1,0
220930401002,8,b3,0,3,83.0,41.1986345485126,3,160.42857360839844,2,2,1,160.42857360839844,22093,0.29947926,1,1,1
220170245033,24,b3,0,3,87.0,31.1138794261652,2,34.186853992265284,1,1,0,34.186853992265284,22017,0.0,0,0,0
220170245031,16,b3,0,3,136.0,30.9937710641319,2,34.831690085574785,1,1,0,34.831690085574785,22017,0.0,0,0,0
220170245042,12,b3,0,3,56.0,26.4541755005423,2,65.9000015258789,1,1,0,65.9000015258789,22017,0.0,0,0,0
221059533002,14,b3,0,3,87.0,35.555183546702,4,55.75,2,1,0,55.75,22105,0.00826522,0,1,0
221059541021,54,b3,0,3,143.0,38.269847556469,3,134.73780521935532,2,1,2,134.73780521935532,22105,0.00826522,0,1,1
221059540023,20,b3,0,3,73.0,35.7095860755668,3,121.0500030517578,2,1,1,121.0500030517578,22105,0.00826522,0,1,0
221059547002,46,b3,0,3,228.0,42.073235716548,3,115.54444885253906,2,1,2,115.54444885253906,22105,0.00826522,1,1,1
221059541024,27,b3,0,3,163.0,38.3792083724403,3,94.9000015258789,2,1,2,94.9000015258789,22105,0.00826522,0,1,1
221059545022,43,b3,0,3,211.0,38.0462418746823,3,97.9000015258789,2,1,2,97.9000015258789,22105,0.00826522,0,1,1
221059545023,21,b3,0,3,114.0,39.1586131875726,3,96.8000030517578,2,1,2,96.8000030517578,22105,0.00826522,0,1,1
221059536004,29,b3,0,3,127.0,38.4347645338738,3,188.6333465576172,2,2,0,188.6333465576172,22105,0.00826522,0,1,1
221059545012,58,b3,0,3,613.0,38.5468816599379,3,94.95583390188372,2,1,2,94.95583390188372,22105,0.00826522,0,1,1
221059545011,33,b3,0,3,296.0,39.3205573546315,3,96.58167664931942,2,1,2,96.58167664931942,22105,0.00826522,0,1,1
220190019011,26,b3,0,3,237.0,54.8514197968342,4,212.3999938964844,2,2,2,212.3999938964844,22019,32.47305225,0,1,0
220190019012,127,b3,0,3,1520.0,54.4192069397634,3,204.9108661367486,2,2,3,204.9108661367486,22019,32.47305225,0,1,0
220190020003,20,b3,0,3,178.0,50.1378654399028,2,382.5750122070313,2,2,0,382.5750122070313,22019,32.47305225,0,1,0
220190021001,19,b3,0,3,112.0,49.6784415364675,2,327.32987616304285,2,2,0,327.32987616304285,22019,32.47305225,0,1,0
220170239013,19,b3,0,3,121.0,33.8895104454774,1,49.13720460182356,2,1,0,49.13720460182356,22017,0.0,0,0,0
220170239014,17,b3,0,3,139.0,33.7230017808286,1,50.79999923706055,2,1,0,50.79999923706055,22017,0.0,0,0,0
220170239041,37,b3,0,3,215.0,34.244513311944,1,45.14552180299084,2,1,0,45.14552180299084,22017,0.0,0,0,0
220170239052,11,b3,0,3,152.0,33.8202825140294,1,51.911110017179574,2,1,0,51.911110017179574,22017,0.0,0,0,0
220170241093,11,b3,0,3,111.0,33.9034890765881,1,55.5,2,1,0,55.5,22017,0.0,0,0,0
220170242012,13,b3,0,3,110.0,31.7373886037389,2,49.099998474121094,1,1,0,49.099998474121094,22017,0.0,0,0,0
220170243012,18,b3,0,3,88.0,30.3970216417226,2,39.400001525878906,1,1,0,39.400001525878906,22017,0.0,0,0,0
220330040153,8,b3,0,3,62.0,33.3731883329341,4,59.81140748750256,2,1,0,59.81140748750256,22033,0.02202799,0,0,1
220550001001,12,b3,0,3,61.0,35.942074194438,3,164.4512587492539,2,2,2,164.4512587492539,22055,1.5760870500000002,0,0,1
220550001002,22,b3,0,3,162.0,35.6648075274635,3,163.39079576797437,2,2,2,163.39079576797437,22055,1.5760870500000002,0,0,1
220750504001,8,b3,0,3,146.0,38.4469853178178,4,101.9031753540039,2,1,2,101.9031753540039,22075,1.49824733,1,1,1
220750508001,8,b3,0,3,204.0,33.6293381706092,4,94.07020568847656,2,1,3,94.07020568847656,22075,1.49824733,1,1,1
220090307004,16,b3,0,3,121.0,32.3333056019635,3,139.85000610351562,1,1,2,139.85000610351562,22009,1.52021072,0,0,1
220090306005,6,b3,0,3,47.0,33.239144296118,3,168.39579308689866,2,2,1,168.39579308689866,22009,1.52021072,0,0,0
220090301001,12,b3,0,3,92.0,31.6924649617753,3,133.10250854492188,1,1,1,133.10250854492188,22009,1.52021072,0,0,1
220550015002,12,b3,0,3,67.0,36.1661070418153,3,163.7615421786118,2,2,2,163.7615421786118,22055,1.5760870500000002,0,0,1
220550015003,13,b3,0,3,165.0,36.7067562062928,3,157.38115360566746,2,2,2,157.38115360566746,22055,1.5760870500000002,0,0,1
220550015004,16,b3,0,3,107.0,36.4058625346262,3,164.31166928318274,2,2,2,164.31166928318274,22055,1.5760870500000002,0,0,1
220550016003,4,b3,0,3,60.0,37.1456285015684,3,154.8695078661642,2,2,2,154.8695078661642,22055,1.5760870500000002,0,0,1
220550017003,14,b3,0,3,95.0,37.4304548687556,3,146.52183752453274,2,1,3,146.52183752453274,22055,1.5760870500000002,0,0,1
220070502001,24,b3,0,3,208.0,37.5609675884,3,49.60000228881836,2,1,0,49.60000228881836,22007,0.2395300699999999,1,1,1
221190321003,14,b3,0,3,79.0,36.4694582470115,1,106.6500015258789,2,1,2,106.6500015258789,22119,0.0,0,0,0
221190311002,4,b3,0,3,89.0,32.4888850215271,2,63.73684310913086,1,1,0,63.73684310913086,22119,0.0,0,0,0
220139704003,13,b3,0,3,78.0,27.298377903331,3,142.6875,1,1,2,142.6875,22013,0.0,0,0,0
220170240002,44,b3,0,3,259.0,35.6457533491431,1,91.125,2,1,1,91.125,22017,0.0,0,0,0
220170240001,61,b3,0,3,502.0,32.9592896239803,2,61.5,1,1,0,61.5,22017,0.0,0,0,0
220170241092,16,b3,0,3,64.0,33.6919924024198,1,57.79678446921131,2,1,0,57.79678446921131,22017,0.0,0,0,0
220170245032,13,b3,0,3,106.0,29.5623394242021,2,35.599998474121094,1,1,0,35.599998474121094,22017,0.0,0,0,0
220170242023,31,b3,0,3,207.0,33.5706957040284,1,54.849998474121094,2,1,0,54.849998474121094,22017,0.0,0,0,0
220170248001,12,b3,0,3,59.0,28.2930834889942,2,58.606666564941406,1,1,0,58.606666564941406,22017,0.0,0,0,0
220730006002,9,b3,0,3,71.0,20.2363629101597,0,170.8000030517578,1,2,0,170.8000030517578,22073,0.0,0,0,0
220730055002,8,b3,0,3,101.0,22.7086255658752,2,106.75729146744142,1,1,2,106.75729146744142,22073,0.0,0,0,0
220730102013,21,b3,0,3,184.0,20.4968778957668,0,110.46397319974076,1,1,1,110.46397319974076,22073,0.0,0,0,0
220790101003,31,b3,0,3,256.0,31.9571311482734,4,223.8166656494141,1,2,0,223.8166656494141,22079,4.49269524,0,0,0
220790123023,23,b3,0,3,135.0,32.3014536574242,3,220.86537746513355,1,2,1,220.86537746513355,22079,4.49269524,0,0,0
220550010011,23,b3,0,3,215.0,35.850183083267,3,178.89999389648438,2,2,2,178.89999389648438,22055,1.5760870500000002,0,0,1
220790123013,13,b3,0,3,62.0,32.2895401757926,3,218.6803573006811,1,2,1,218.6803573006811,22079,4.49269524,0,0,0
220790123012,42,b3,0,3,272.0,32.2728839869628,3,213.66954739597023,1,2,1,213.66954739597023,22079,4.49269524,0,0,0
220990201003,23,b3,0,3,204.0,35.5276511769499,1,120.89999389648438,2,1,3,120.89999389648438,22099,2.17976609,0,1,1
221179506002,24,b3,0,3,138.0,29.4788384791642,4,104.08000183105467,1,1,4,104.08000183105467,22117,0.0022141099999999,0,0,0
221179507001,4,b3,0,3,95.0,29.7618748012725,4,94.63093520153735,1,1,3,94.63093520153735,22117,0.0022141099999999,0,0,0
220570217001,30,b3,0,3,142.0,33.4086904809042,3,131.69941243962833,2,1,3,131.69941243962833,22057,0.52554993,1,1,1
220570207022,22,b3,0,3,106.0,38.1312547144585,3,81.95000457763672,2,1,2,81.95000457763672,22057,0.52554993,1,1,1
220570216021,57,b3,0,3,174.0,33.3179062667974,3,122.24000549316406,2,1,4,122.24000549316406,22057,0.52554993,1,1,1
220570206002,8,b3,0,3,46.0,38.1787063688528,3,77.5999984741211,2,1,2,77.5999984741211,22057,0.52554993,1,1,1
220570211003,15,b3,0,3,81.0,33.726934394889,4,113.05999755859376,2,1,3,113.05999755859376,22057,0.52554993,1,1,1
220570208001,8,b3,0,3,74.0,40.979590105123,3,140.90000915527344,2,1,3,140.90000915527344,22057,0.52554993,1,1,1
220479531022,31,b3,0,3,164.0,35.0158413751136,4,58.0,2,1,0,58.0,22047,0.33403865,0,1,1
220919512005,30,b3,0,3,86.0,36.6130757456541,4,103.91666412353516,2,1,2,103.91666412353516,22091,0.04607514,0,0,1
220919511003,8,b3,0,3,34.0,31.5447430715714,5,65.19999694824219,1,1,0,65.19999694824219,22091,0.04607514,0,0,1
220919512002,23,b3,0,3,101.0,34.3386849225615,4,100.58000183105467,2,1,2,100.58000183105467,22091,0.04607514,0,0,1
220919511001,12,b3,0,3,72.0,34.7691771228542,4,46.890907287597656,2,1,0,46.890907287597656,22091,0.04607514,0,0,0
220919512001,11,b3,0,3,72.0,34.3945424293844,4,78.43333435058594,2,1,1,78.43333435058594,22091,0.04607514,0,0,1
220919512003,16,b3,0,3,53.0,33.7816963198921,4,87.5999984741211,2,1,1,87.5999984741211,22091,0.04607514,0,0,1
220919512004,19,b3,0,3,81.0,34.5666621738752,4,102.61111450195312,2,1,1,102.61111450195312,22091,0.04607514,0,0,1
220919511004,4,b3,0,3,40.0,34.1530266005557,4,54.525001525878906,2,1,0,54.525001525878906,22091,0.04607514,0,0,1
221030411021,13,b3,0,3,134.0,30.4551176347552,4,169.04596905197735,1,2,3,169.04596905197735,22103,0.05873937,1,1,0
221030408035,25,b3,0,3,237.0,31.5392939963544,4,234.3000030517578,1,2,2,234.3000030517578,22103,0.05873937,1,1,0
221030407061,10,b3,0,3,91.0,32.3767881311261,4,207.8000030517578,1,2,4,207.8000030517578,22103,0.05873937,0,1,0
221030407065,24,b3,0,3,138.0,30.766199960798,4,199.0,1,2,4,199.0,22103,0.05873937,0,1,0
221030404002,93,b3,0,3,653.0,33.0531438530318,4,120.5999984741211,2,1,2,120.5999984741211,22103,0.05873937,1,1,0
221030405012,8,b3,0,3,100.0,29.0288480338116,5,120.48070525425304,1,1,2,120.48070525425304,22103,0.05873937,0,1,0
221030411023,25,b3,0,3,98.0,30.5501973274726,4,194.84321459226217,1,2,3,194.84321459226217,22103,0.05873937,1,1,0
221030401023,23,b3,0,3,157.0,29.2973890331465,4,89.9000015258789,1,1,2,89.9000015258789,22103,0.05873937,0,1,0
221030403051,46,b3,0,3,220.0,34.318557062262,4,134.10000610351562,2,1,1,134.10000610351562,22103,0.05873937,0,1,0
221030408034,4,b3,0,3,35.0,32.0170578825115,4,247.20001220703125,1,2,2,247.20001220703125,22103,0.05873937,1,1,0
221030406012,27,b3,0,3,252.0,31.8075628389413,5,118.3000030517578,1,1,3,118.3000030517578,22103,0.05873937,1,1,0
221030403044,23,b3,0,3,259.0,29.2946072836296,5,109.03903381206788,1,1,3,109.03903381206788,22103,0.05873937,1,1,0
220170242022,72,b3,0,3,294.0,32.0207104962433,2,49.599998474121094,1,1,0,49.599998474121094,22017,0.0,0,0,0
220170243041,46,b3,0,3,288.0,30.2038746933542,2,55.90000534057617,1,1,0,55.90000534057617,22017,0.0,0,0,0
220170242032,20,b3,0,3,63.0,31.6383443171725,2,54.125,1,1,0,54.125,22017,0.0,0,0,0
220170241081,17,b3,0,3,76.0,33.9120478620015,1,55.586364993365926,2,1,0,55.586364993365926,22017,0.0,0,0,0
220190017001,73,b3,0,3,394.0,47.2852890952769,2,300.45001220703125,2,2,1,300.45001220703125,22019,32.47305225,0,1,0
220330040151,4,b3,0,3,189.0,33.8363954387372,4,57.0,2,1,0,57.0,22033,0.02202799,0,0,1
220510278044,41,b3,0,3,145.0,30.2425757572314,5,93.949082644114,1,1,3,93.949082644114,22051,0.05823747,1,1,1
220510277013,4,b3,0,3,82.0,30.1146858863199,5,99.9499969482422,1,1,6,99.9499969482422,22051,0.05823747,1,1,1
220510258002,8,b3,0,3,31.0,30.1648582586176,5,109.62202489100396,1,1,4,109.62202489100396,22051,0.05823747,1,1,1
220170250004,4,b3,0,3,36.0,24.1370970990208,2,45.5,1,1,0,45.5,22017,0.0,0,0,0
220170239011,34,b3,0,3,330.0,34.1295992352009,1,47.7100567581333,2,1,0,47.7100567581333,22017,0.0,0,0,0
220170242033,27,b3,0,3,129.0,32.8887956868469,2,52.94444274902344,1,1,0,52.94444274902344,22017,0.0,0,0,0
221190315004,18,b3,0,3,61.0,35.2186691111337,1,74.96666717529297,2,1,1,74.96666717529297,22119,0.0,0,0,0
220170241022,9,b3,0,3,91.0,33.1038489410907,1,56.986011057957235,2,1,0,56.986011057957235,22017,0.0,0,0,0
220170254062,20,b3,0,3,83.0,30.5528992615027,2,33.400001525878906,1,1,0,33.400001525878906,22017,0.0,0,0,0
220170227002,12,b3,0,3,70.0,33.5506599013221,1,43.126705038185904,2,1,0,43.126705038185904,22017,0.0,0,0,0
220070502003,8,b3,0,3,141.0,40.8143232076905,4,60.45000076293945,2,1,0,60.45000076293945,22007,0.2395300699999999,1,1,1
220170241021,35,b3,0,3,172.0,33.4756873758,1,60.29999923706055,2,1,0,60.29999923706055,22017,0.0,0,0,0
220170241043,4,b3,0,3,56.0,33.5897853706936,1,47.28470985146806,2,1,0,47.28470985146806,22017,0.0,0,0,0
220170241063,10,b3,0,3,115.0,33.6009636762816,1,52.98200054270072,2,1,0,52.98200054270072,22017,0.0,0,0,0
220170241064,8,b3,0,3,78.0,33.5710588096744,1,54.16253905268322,2,1,0,54.16253905268322,22017,0.0,0,0,0
220070506003,28,b3,0,3,159.0,38.6166735478397,3,65.80000305175781,2,1,0,65.80000305175781,22007,0.2395300699999999,1,1,1
220070501002,4,b3,0,3,91.0,37.8463599678401,3,53.69999694824219,2,1,0,53.69999694824219,22007,0.2395300699999999,1,1,1
220070503001,4,b3,0,3,94.0,42.3241444034203,3,80.2249984741211,2,1,1,80.2249984741211,22007,0.2395300699999999,1,1,1
220070506002,4,b3,0,3,59.0,37.175043154115,3,75.68000793457031,2,1,2,75.68000793457031,22007,0.2395300699999999,1,1,1
220070505002,13,b3,0,3,85.0,39.3660591184354,3,60.46000289916992,2,1,0,60.46000289916992,22007,0.2395300699999999,1,1,1
